0002-ORFBO,FEMALE,0,yes,Yes,120,One year,Mailed check,DSL,65.60,593,No,Low/Medium,25+ months
0017-IUDMW,FEMALE,0,yes,Yes,72,Two year,Credit card (automatic),Fiber optic,116.80,8456,No,Low/Medium,25+ months
0019-EFAEP,FEMALE,0,No,No,72,Two year,Bank transfer (automatic),Fiber optic,101.30,7261,No,Low/Medium,25+ months
0078-XZMHT,MALE,0,yes,No,72,Two year,Bank transfer (automatic),DSL,85.15,6316,No,Low/Medium,25+ months
0129-KPTWJ,MALE,0,yes,No,72,Month-to-month,Electronic check,Fiber optic,94.65,6747,No,Low/Medium,25+ months
0164-APGRB,FEMALE,0,No,No,72,Two year,Electronic check,Fiber optic,114.90,8496,No,Low/Medium,25+ months
0229-LFJAF,MALE,0,No,No,72,Two year,Bank transfer (automatic),DSL,69.65,4908,No,Low/Medium,25+ months
0238-WHBIQ,MALE,0,yes,Yes,72,Two year,Credit card (automatic),DSL,89.70,6339,No,Low/Medium,25+ months
0244-LGNFY,FEMALE,0,yes,Yes,72,Two year,Bank transfer (automatic),DSL,92.65,6733,No,Low/Medium,25+ months
0254-FNMCI,FEMALE,0,No,No,72,Two year,Electronic check,Fiber optic,109.90,7624,No,Low/Medium,25+ months
0266-GMEAO,MALE,0,yes,Yes,72,Two year,Credit card (automatic),Fiber optic,114.30,8058,No,Low/Medium,25+ months
0270-THENM,MALE,0,yes,Yes,72,Two year,Bank transfer (automatic),DSL,69.85,5102,No,Low/Medium,25+ months
0301-FIDRB,FEMALE,0,yes,Yes,72,Two year,Bank transfer (automatic),DSL,63.80,4684,No,Low/Medium,25+ months
0336-KXKFK,MALE,0,No,No,72,Two year,Credit card (automatic),DSL,61.20,4390,No,Low/Medium,25+ months
0336-PIKEI,MALE,1,yes,No,72,Two year,Bank transfer (automatic),DSL,74.40,5360,No,Low/Medium,25+ months
0378-CJKPV,FEMALE,0,yes,No,72,Two year,Credit card (automatic),Fiber optic,112.10,7965,No,Low/Medium,25+ months
0392-BZIUW,FEMALE,0,yes,No,72,Two year,Credit card (automatic),Fiber optic,105.00,7589,No,Low/Medium,25+ months
0401-WDBXM,MALE,0,yes,Yes,72,Two year,Bank transfer (automatic),Fiber optic,105.55,7542,No,Low/Medium,25+ months
0402-OAMEN,FEMALE,0,yes,Yes,72,Two year,Bank transfer (automatic),No,24.45,1709,No,Low/Medium,25+ months
0404-AHASP,MALE,0,yes,No,72,Two year,Credit card (automatic),No,19.70,1421,No,Low/Medium,25+ months
0464-WJTKO,FEMALE,0,yes,Yes,72,Two year,Bank transfer (automatic),No,20.10,1460,No,Low/Medium,25+ months
0480-KYJVA,FEMALE,0,yes,Yes,72,Two year,Credit card (automatic),No,24.25,1784,No,Low/Medium,25+ months
0526-SXDJP,MALE,0,yes,No,72,Two year,Bank transfer (automatic),DSL,42.10,2962,No,Low/Medium,25+ months
0536-ACXIP,FEMALE,0,yes,No,72,Two year,Electronic check,Fiber optic,109.55,8165,No,Low/Medium,25+ months
0562-FGDCR,FEMALE,0,yes,Yes,72,Two year,Mailed check,DSL,74.55,5430,No,Low/Medium,25+ months
0619-OLYUR,MALE,0,yes,No,72,Two year,Credit card (automatic),Fiber optic,111.90,8071,No,Low/Medium,25+ months
0626-QXNGV,FEMALE,0,yes,No,72,Two year,Credit card (automatic),No,24.15,1776,No,Low/Medium,25+ months
0640-YJTPY,MALE,0,yes,Yes,72,Two year,Bank transfer (automatic),No,21.00,1493,No,Low/Medium,25+ months
0665-XHDJU,MALE,0,yes,No,72,Two year,Electronic check,Fiber optic,99.40,7285,No,Low/Medium,25+ months
0675-NCDYU,FEMALE,0,yes,Yes,72,Two year,Credit card (automatic),Fiber optic,116.40,8543,No,Low/Medium,25+ months
0739-UUAJR,FEMALE,0,yes,Yes,72,Two year,Credit card (automatic),DSL,53.80,3952,No,Low/Medium,25+ months
0742-LAFQK,MALE,0,yes,No,72,Two year,Electronic check,Fiber optic,99.15,7422,No,Low/Medium,25+ months
0744-BIKKF,MALE,0,No,No,72,Two year,Bank transfer (automatic),DSL,86.65,6224,No,Low/Medium,25+ months
0769-MURVM,FEMALE,0,yes,Yes,72,Two year,Bank transfer (automatic),DSL,65.70,4575,No,Low/Medium,25+ months
0784-ZQJZX,MALE,0,No,Yes,72,Two year,Credit card (automatic),No,19.90,1529,No,Low/Medium,25+ months
0794-YVSGE,MALE,0,yes,Yes,72,Two year,Bank transfer (automatic),No,20.30,1401,No,Low/Medium,25+ months
0795-XCCTE,MALE,1,No,No,72,Two year,Bank transfer (automatic),No,25.40,1809,No,Low/Medium,25+ months
0853-TWRVK,MALE,0,yes,No,72,Two year,Bank transfer (automatic),Fiber optic,105.60,7581,No,Low/Medium,25+ months
0906-QVPMS,MALE,0,yes,No,72,Two year,Bank transfer (automatic),Fiber optic,115.15,8349,No,Low/Medium,25+ months
0917-EZOLA,MALE,1,yes,No,72,Two year,Bank transfer (automatic),Fiber optic,104.15,7689,Yes,Low/Medium,25+ months
0973-KYVNF,FEMALE,0,yes,Yes,72,Two year,Credit card (automatic),DSL,70.65,5011,No,Low/Medium,25+ months
0988-AADSA,FEMALE,0,yes,Yes,72,Two year,Bank transfer (automatic),DSL,80.85,5824,No,Low/Medium,25+ months
1027-LKKQQ,FEMALE,0,yes,Yes,72,Two year,Bank transfer (automatic),DSL,80.45,5886,No,Low/Medium,25+ months
1053-MXTTK,FEMALE,0,yes,Yes,72,Two year,Bank transfer (automatic),Fiber optic,108.65,7726,No,Low/Medium,25+ months
1090-ESELR,MALE,0,yes,Yes,72,Two year,Bank transfer (automatic),Fiber optic,105.50,7611,No,Low/Medium,25+ months
1162-ECVII,MALE,1,yes,No,72,Two year,Bank transfer (automatic),Fiber optic,109.75,7932,No,Low/Medium,25+ months
1166-PQLGG,FEMALE,0,yes,Yes,72,Two year,Bank transfer (automatic),No,19.55,1463,No,Low/Medium,25+ months
1227-UDMZR,FEMALE,0,yes,No,72,Two year,Bank transfer (automatic),DSL,91.15,6637,No,Low/Medium,25+ months
1266-NZYUI,FEMALE,0,yes,Yes,72,Two year,Bank transfer (automatic),DSL,66.85,4758,No,Low/Medium,25+ months
1291-CUOCY,MALE,0,yes,No,72,Two year,Credit card (automatic),Fiber optic,110.60,7962,No,Low/Medium,25+ months
1293-BSEUN,FEMALE,0,yes,Yes,72,Two year,Mailed check,No,20.70,1482,No,Low/Medium,25+ months
1304-SEGFY,FEMALE,0,yes,No,72,Two year,Electronic check,Fiber optic,97.85,6841,No,Low/Medium,25+ months
1320-GVNHT,MALE,0,yes,Yes,72,Two year,Credit card (automatic),Fiber optic,108.40,7767,No,Low/Medium,25+ months
1335-HQMKX,FEMALE,0,yes,No,72,One year,Electronic check,Fiber optic,101.35,7323,No,Low/Medium,25+ months
1352-HNSAW,FEMALE,0,yes,Yes,72,Two year,Bank transfer (automatic),Fiber optic,115.60,8220,No,Low/Medium,25+ months
1452-UZOSF,MALE,0,yes,Yes,72,Two year,Credit card (automatic),Fiber optic,106.10,7548,No,Low/Medium,25+ months
1480-BKXGA,MALE,1,yes,No,72,Two year,Bank transfer (automatic),Fiber optic,116.05,8404,No,Low/Medium,25+ months
1488-PBLJN,FEMALE,0,yes,Yes,72,Two year,Bank transfer (automatic),Fiber optic,116.85,8477,No,Low/Medium,25+ months
1676-MQAOA,MALE,0,No,No,72,Two year,Bank transfer (automatic),DSL,75.10,5336,No,Low/Medium,25+ months
1775-KWJKQ,MALE,0,yes,Yes,72,Two year,Credit card (automatic),DSL,89.85,6562,No,Low/Medium,25+ months
1779-PWPMG,FEMALE,1,yes,No,72,Two year,Bank transfer (automatic),Fiber optic,114.65,8333,No,Low/Medium,25+ months
1813-JYWTO,FEMALE,0,yes,No,72,Two year,Bank transfer (automatic),Fiber optic,80.45,5737,No,Low/Medium,25+ months
1814-WFGVS,MALE,0,yes,Yes,72,Two year,Mailed check,DSL,48.90,3527,No,Low/Medium,25+ months
1820-DJFPH,FEMALE,0,yes,Yes,72,Two year,Bank transfer (automatic),No,24.05,1709,No,Low/Medium,25+ months
1841-YSJGV,MALE,0,yes,No,72,Two year,Credit card (automatic),Fiber optic,109.95,7852,No,Low/Medium,25+ months
1926-QUZNN,FEMALE,0,yes,No,72,Two year,Bank transfer (automatic),No,25.25,1841,No,Low/Medium,25+ months
1927-QEWMY,FEMALE,0,yes,No,72,Two year,Credit card (automatic),No,20.50,1502,No,Low/Medium,25+ months
1937-OTUKY,FEMALE,0,yes,No,72,Two year,Bank transfer (automatic),Fiber optic,98.20,7015,No,Low/Medium,25+ months
1951-IEYXM,MALE,0,yes,Yes,72,Two year,Credit card (automatic),DSL,90.60,6441,No,Low/Medium,25+ months
1971-DTCZB,FEMALE,0,yes,No,72,Two year,Bank transfer (automatic),DSL,90.95,6468,No,Low/Medium,25+ months
2040-XBAVJ,MALE,0,yes,Yes,72,Two year,Bank transfer (automatic),Fiber optic,114.45,8100,No,Low/Medium,25+ months
2057-BOYKM,FEMALE,1,yes,No,72,Two year,Bank transfer (automatic),Fiber optic,96.60,6827,No,Low/Medium,25+ months
2091-GPPIQ,FEMALE,0,yes,Yes,72,Two year,Electronic check,DSL,78.95,5730,No,Low/Medium,25+ months
2121-JAFOM,FEMALE,0,yes,No,72,Two year,Credit card (automatic),Fiber optic,115.55,8312,No,Low/Medium,25+ months
2167-FQSTQ,FEMALE,0,yes,No,72,Two year,Electronic check,DSL,92.40,6786,No,Low/Medium,25+ months
2190-PHBHR,FEMALE,0,yes,No,72,Two year,Credit card (automatic),Fiber optic,94.45,6921,No,Low/Medium,25+ months
2192-CKRLV,FEMALE,0,yes,No,72,Two year,Electronic check,DSL,49.20,3580,No,Low/Medium,25+ months
2193-SFWQW,MALE,0,yes,Yes,72,Two year,Bank transfer (automatic),Fiber optic,111.95,8033,No,Low/Medium,25+ months
2226-ICFDO,FEMALE,0,yes,Yes,72,Two year,Credit card (automatic),DSL,85.90,6110,No,Low/Medium,25+ months
2234-EOFPT,MALE,0,yes,No,72,Two year,Bank transfer (automatic),DSL,79.35,5753,No,Low/Medium,25+ months
2234-XADUH,FEMALE,0,yes,Yes,72,One year,Credit card (automatic),Fiber optic,103.20,7362,No,Low/Medium,25+ months
2235-EZAIK,FEMALE,0,yes,No,72,Two year,Credit card (automatic),DSL,79.20,5401,No,Low/Medium,25+ months
2251-PYLPB,MALE,0,yes,No,72,Two year,Credit card (automatic),DSL,79.55,5810,No,Low/Medium,25+ months
2266-SJNAT,FEMALE,0,yes,No,72,One year,Credit card (automatic),Fiber optic,109.15,7789,No,Low/Medium,25+ months
2272-WUSPA,FEMALE,0,yes,No,72,Two year,Electronic check,Fiber optic,110.75,7751,No,Low/Medium,25+ months
2274-XUATA,MALE,1,yes,No,72,Two year,Bank transfer (automatic),DSL,63.10,4685,No,Low/Medium,25+ months
2302-OUZXB,MALE,0,yes,No,72,Two year,Bank transfer (automatic),DSL,82.15,5784,No,Low/Medium,25+ months
2314-TNDJQ,FEMALE,0,yes,Yes,72,Two year,Credit card (automatic),DSL,55.65,3880,No,Low/Medium,25+ months
2380-DAMQP,FEMALE,0,yes,No,72,Two year,Electronic check,Fiber optic,115.15,8349,No,Low/Medium,25+ months
2388-LAESQ,FEMALE,1,yes,No,72,Two year,Bank transfer (automatic),Fiber optic,114.85,8317,No,Low/Medium,25+ months
2419-FSORS,MALE,0,yes,No,72,Two year,Electronic check,Fiber optic,108.40,7719,No,Low/Medium,25+ months
2429-AYKKO,MALE,0,No,No,72,Two year,Bank transfer (automatic),No,19.85,1434,No,Low/Medium,25+ months
2452-MRMZF,FEMALE,1,yes,No,72,Two year,Credit card (automatic),No,25.70,1937,No,Low/Medium,25+ months
2469-DTSGX,FEMALE,1,No,No,72,Two year,Electronic check,Fiber optic,111.65,7943,No,Low/Medium,25+ months
2499-AJYUA,FEMALE,1,yes,No,72,Two year,Credit card (automatic),Fiber optic,110.80,7882,No,Low/Medium,25+ months
2509-TFPJU,MALE,0,yes,No,72,Two year,Credit card (automatic),No,25.75,1864,No,Low/Medium,25+ months
2545-LXYVJ,MALE,0,yes,No,72,Two year,Bank transfer (automatic),No,20.70,1492,No,Low/Medium,25+ months
2560-QTSBS,FEMALE,0,yes,Yes,72,One year,Bank transfer (automatic),No,23.30,1623,No,Low/Medium,25+ months
2569-WGERO,FEMALE,0,No,No,72,Two year,Bank transfer (automatic),No,21.15,1419,No,Low/Medium,25+ months
2607-DHDAK,MALE,0,yes,Yes,72,Two year,Credit card (automatic),No,19.80,1414,No,Low/Medium,25+ months
2664-XJZNO,MALE,0,yes,Yes,72,Two year,Credit card (automatic),Fiber optic,104.90,7559,No,Low/Medium,25+ months
2725-TTRIQ,FEMALE,0,yes,Yes,72,Two year,Bank transfer (automatic),DSL,84.20,5986,No,Low/Medium,25+ months
2824-DXNKN,FEMALE,0,yes,Yes,72,Two year,Bank transfer (automatic),DSL,71.45,5025,No,Low/Medium,25+ months
2848-YXSMW,MALE,0,yes,Yes,72,Two year,Credit card (automatic),No,19.40,1363,No,Low/Medium,25+ months
2878-RMWXY,MALE,1,yes,No,72,Two year,Credit card (automatic),Fiber optic,102.65,7550,No,Low/Medium,25+ months
2889-FPWRM,MALE,0,yes,No,72,One year,Bank transfer (automatic),Fiber optic,117.80,8684,Yes,Low/Medium,25+ months
2904-GGUAZ,FEMALE,0,yes,No,72,Two year,Bank transfer (automatic),Fiber optic,84.05,6052,No,Low/Medium,25+ months
2925-VDZHY,MALE,0,yes,Yes,72,Two year,Credit card (automatic),DSL,88.70,6501,No,Low/Medium,25+ months
2984-TBYKU,MALE,0,yes,Yes,72,Two year,Credit card (automatic),Fiber optic,104.90,7732,No,Low/Medium,25+ months
2990-IAJSV,MALE,0,No,No,72,Two year,Bank transfer (automatic),DSL,92.00,6632,No,Low/Medium,25+ months
3071-MVJCD,MALE,0,yes,Yes,72,Two year,Bank transfer (automatic),DSL,82.30,5815,No,Low/Medium,25+ months
3084-DOWLE,FEMALE,0,yes,No,72,Two year,Bank transfer (automatic),DSL,92.00,6474,No,Low/Medium,25+ months
3108-PCCGG,MALE,1,yes,No,72,Two year,Credit card (automatic),DSL,84.45,5899,No,Low/Medium,25+ months
3133-PZNSR,MALE,0,yes,Yes,72,Two year,Credit card (automatic),Fiber optic,97.75,6991,No,Low/Medium,25+ months
3146-MSEGF,FEMALE,1,yes,Yes,72,Two year,Credit card (automatic),DSL,88.05,6425,No,Low/Medium,25+ months
3219-JQRSL,FEMALE,1,yes,No,72,Two year,Credit card (automatic),DSL,89.10,6352,No,Low/Medium,25+ months
3244-CQPHU,FEMALE,1,No,No,72,Two year,Bank transfer (automatic),Fiber optic,110.10,7746,No,Low/Medium,25+ months
3258-SYSWS,MALE,1,No,No,72,Two year,Bank transfer (automatic),Fiber optic,113.80,7845,No,Low/Medium,25+ months
3258-ZKPAI,MALE,0,yes,Yes,72,Two year,Bank transfer (automatic),Fiber optic,116.60,8337,No,Low/Medium,25+ months
3262-EIDHV,FEMALE,0,yes,Yes,72,Two year,Credit card (automatic),DSL,84.70,5893,No,Low/Medium,25+ months
3339-EAQNV,MALE,1,yes,No,72,One year,Credit card (automatic),Fiber optic,97.25,7133,No,Low/Medium,25+ months
3398-GCPMU,FEMALE,1,yes,Yes,72,Two year,Credit card (automatic),DSL,89.55,6448,No,Low/Medium,25+ months
3511-BFTJW,MALE,0,yes,Yes,72,Two year,Credit card (automatic),DSL,38.50,2763,No,Low/Medium,25+ months
3518-FSTWG,MALE,1,yes,No,72,Two year,Bank transfer (automatic),Fiber optic,109.55,7920,No,Low/Medium,25+ months
3520-FJGCV,MALE,0,yes,Yes,72,Two year,Credit card (automatic),Fiber optic,112.60,8126,No,Low/Medium,25+ months
3544-FBCAS,FEMALE,0,yes,Yes,72,Two year,Credit card (automatic),DSL,83.60,5959,No,Low/Medium,25+ months
3569-JFODW,FEMALE,0,yes,Yes,72,Two year,Credit card (automatic),DSL,90.95,6652,No,Low/Medium,25+ months
3580-HYCSP,MALE,0,yes,Yes,72,Two year,Bank transfer (automatic),Fiber optic,110.30,7966,No,Low/Medium,25+ months
3649-JPUGY,MALE,0,No,No,72,Two year,Bank transfer (automatic),DSL,88.60,6201,No,Low/Medium,25+ months
3704-IEAXF,FEMALE,0,yes,Yes,72,Two year,Credit card (automatic),DSL,53.65,3784,No,Low/Medium,25+ months
3786-WOVKF,FEMALE,1,yes,No,72,One year,Bank transfer (automatic),Fiber optic,106.85,7677,No,Low/Medium,25+ months
3810-DVDQQ,FEMALE,0,yes,Yes,72,Two year,Bank transfer (automatic),Fiber optic,117.60,8308,No,Low/Medium,25+ months
3831-YCPUO,FEMALE,0,yes,Yes,72,Two year,Credit card (automatic),Fiber optic,109.50,7854,No,Low/Medium,25+ months
3865-YIOTT,MALE,0,yes,Yes,72,One year,Bank transfer (automatic),Fiber optic,106.10,7848,No,Low/Medium,25+ months
3886-CERTZ,FEMALE,0,yes,No,72,One year,Electronic check,Fiber optic,109.25,8109,Yes,Low/Medium,25+ months
3892-NXAZG,MALE,0,yes,Yes,72,Two year,Credit card (automatic),Fiber optic,114.05,8289,No,Low/Medium,25+ months
3910-MRQOY,FEMALE,0,yes,No,72,Two year,Bank transfer (automatic),No,19.40,1496,No,Low/Medium,25+ months
3913-FCUUW,FEMALE,0,yes,Yes,72,Two year,Bank transfer (automatic),DSL,70.45,5165,No,Low/Medium,25+ months
3938-YFPXD,MALE,0,No,No,72,Two year,Credit card (automatic),DSL,84.30,5997,No,Low/Medium,25+ months
3963-RYFNS,FEMALE,0,No,No,72,Two year,Bank transfer (automatic),Fiber optic,116.45,8013,No,Low/Medium,25+ months
3967-KXAPS,MALE,0,yes,No,72,Two year,Credit card (automatic),DSL,92.30,6719,No,Low/Medium,25+ months
3976-HXHCE,MALE,0,No,No,72,Two year,Bank transfer (automatic),No,19.30,1414,No,Low/Medium,25+ months
4024-CSNBY,FEMALE,0,yes,No,72,Two year,Bank transfer (automatic),Fiber optic,94.25,6849,No,Low/Medium,25+ months
4056-QHXHZ,FEMALE,0,yes,Yes,72,Two year,Mailed check,Fiber optic,107.45,7576,No,Low/Medium,25+ months
4077-HWUYD,MALE,0,yes,Yes,72,Two year,Bank transfer (automatic),DSL,87.55,6463,No,Low/Medium,25+ months
4079-WWQQQ,MALE,0,No,No,72,Two year,Bank transfer (automatic),DSL,65.55,4807,No,Low/Medium,25+ months
4139-DETXS,FEMALE,0,yes,Yes,72,Two year,Bank transfer (automatic),DSL,64.45,4528,No,Low/Medium,25+ months
4193-IBKSW,MALE,0,yes,Yes,72,Two year,Bank transfer (automatic),No,24.75,1769,No,Low/Medium,25+ months
4231-LZUYM,FEMALE,0,yes,No,72,Two year,Bank transfer (automatic),No,25.65,1887,No,Low/Medium,25+ months
4277-BWBML,MALE,0,yes,Yes,72,Two year,Bank transfer (automatic),No,19.95,1322,No,Low/Medium,25+ months
4291-TPNFG,MALE,0,yes,No,72,Two year,Bank transfer (automatic),DSL,82.30,5980,No,Low/Medium,25+ months
4312-KFRXN,MALE,0,yes,No,72,Two year,Mailed check,No,25.40,1710,No,Low/Medium,25+ months
4334-HOWRP,MALE,1,yes,No,72,Two year,Credit card (automatic),DSL,64.95,4546,No,Low/Medium,25+ months
4376-KFVRS,MALE,0,yes,Yes,72,Two year,Credit card (automatic),Fiber optic,114.05,8468,No,Low/Medium,25+ months
4389-UEFCZ,FEMALE,0,yes,No,72,Two year,Electronic check,Fiber optic,105.50,7544,No,Low/Medium,25+ months
4625-XMOYM,FEMALE,0,yes,Yes,72,Two year,Bank transfer (automatic),No,26.25,1988,No,Low/Medium,25+ months
4670-TABXH,MALE,0,yes,No,72,Two year,Credit card (automatic),Fiber optic,109.75,7758,No,Low/Medium,25+ months
4707-MAXGU,MALE,0,yes,No,72,Two year,Credit card (automatic),No,25.85,1872,No,Low/Medium,25+ months
4718-WXBGI,MALE,0,yes,Yes,72,Two year,Credit card (automatic),DSL,91.95,6614,No,Low/Medium,25+ months
4723-BEGSG,MALE,0,yes,No,72,Two year,Credit card (automatic),DSL,86.65,6094,No,Low/Medium,25+ months
4737-AQCPU,MALE,0,yes,Yes,72,Two year,Credit card (automatic),DSL,72.10,5016,No,Low/Medium,25+ months
4751-ERMAN,MALE,0,yes,Yes,72,Two year,Bank transfer (automatic),DSL,75.40,5480,No,Low/Medium,25+ months
4815-YOSUK,MALE,0,yes,Yes,72,One year,Credit card (automatic),Fiber optic,104.90,7537,No,Low/Medium,25+ months
4821-WQOYN,FEMALE,0,yes,Yes,72,Two year,Credit card (automatic),No,20.10,1326,No,Low/Medium,25+ months
4822-LPTYJ,MALE,0,yes,No,72,Two year,Bank transfer (automatic),Fiber optic,103.75,7346,No,Low/Medium,25+ months
4827-DPADN,FEMALE,0,yes,Yes,72,Two year,Bank transfer (automatic),DSL,83.30,6042,No,Low/Medium,25+ months
4829-ZLJTK,FEMALE,1,yes,No,72,Two year,Electronic check,Fiber optic,112.40,8046,No,Low/Medium,25+ months
4836-WNFNO,FEMALE,0,yes,No,72,Two year,Credit card (automatic),No,25.00,1849,No,Low/Medium,25+ months
4900-MSOMT,FEMALE,0,yes,Yes,72,Two year,Bank transfer (automatic),DSL,80.20,5714,No,Low/Medium,25+ months
4909-JOUPP,MALE,1,yes,No,72,Two year,Credit card (automatic),Fiber optic,109.70,7898,No,Low/Medium,25+ months
4967-WPNCF,MALE,0,No,No,72,Two year,Bank transfer (automatic),DSL,63.70,4464,No,Low/Medium,25+ months
4992-LTJNE,MALE,0,yes,Yes,72,Two year,Bank transfer (automatic),DSL,55.30,3983,No,Low/Medium,25+ months
5038-ETMLM,FEMALE,0,yes,No,72,Two year,Bank transfer (automatic),Fiber optic,113.65,8182,No,Low/Medium,25+ months
5115-GZDEL,MALE,0,No,Yes,72,Two year,Credit card (automatic),DSL,67.20,4671,No,Low/Medium,25+ months
5135-GRQJV,MALE,1,yes,No,72,Two year,Mailed check,Fiber optic,114.50,8331,No,Low/Medium,25+ months
5168-MQQCA,FEMALE,0,yes,No,72,One year,Bank transfer (automatic),Fiber optic,108.50,8003,No,Low/Medium,25+ months
5172-RKOCB,MALE,0,yes,No,72,Two year,Credit card (automatic),Fiber optic,108.95,7875,No,Low/Medium,25+ months
5183-KLYEM,FEMALE,0,No,No,72,Two year,Credit card (automatic),Fiber optic,112.75,8192,No,Low/Medium,25+ months
5214-NLTIT,MALE,0,yes,Yes,72,Two year,Credit card (automatic),Fiber optic,90.80,6511,No,Low/Medium,25+ months
5248-RPYWW,FEMALE,1,yes,Yes,72,Two year,Bank transfer (automatic),DSL,90.15,6716,No,Low/Medium,25+ months
5248-YGIJN,MALE,0,yes,No,72,Two year,Credit card (automatic),DSL,90.25,6369,No,Low/Medium,25+ months
5275-PMFUT,MALE,0,yes,Yes,72,Two year,Credit card (automatic),DSL,64.80,4719,No,Low/Medium,25+ months
5286-YHCVC,MALE,0,yes,No,72,Two year,Bank transfer (automatic),Fiber optic,104.80,7470,No,Low/Medium,25+ months
5296-PSYVW,FEMALE,0,yes,No,72,Two year,Electronic check,No,24.55,1750,No,Low/Medium,25+ months
5304-EFJLP,MALE,1,yes,No,72,Two year,Bank transfer (automatic),Fiber optic,111.65,8022,No,Low/Medium,25+ months
5327-XOKKY,MALE,1,yes,No,72,Two year,Credit card (automatic),DSL,73.45,5329,No,Low/Medium,25+ months
5329-KRDTM,MALE,1,yes,No,72,Two year,Credit card (automatic),DSL,77.35,5396,No,Low/Medium,25+ months
5334-AFQJB,MALE,1,No,No,72,Two year,Credit card (automatic),No,25.10,1789,No,Low/Medium,25+ months
5360-XGYAZ,MALE,0,yes,Yes,72,Two year,Bank transfer (automatic),DSL,65.65,4664,No,Low/Medium,25+ months
5376-PCKNB,MALE,0,yes,Yes,72,One year,Credit card (automatic),Fiber optic,104.45,7459,No,Low/Medium,25+ months
5456-ITGIC,MALE,1,yes,No,72,Two year,Credit card (automatic),DSL,64.45,4641,No,Low/Medium,25+ months
5451-YHYPW,FEMALE,1,yes,No,72,Two year,Credit card (automatic),Fiber optic,115.75,8443,No,Low/Medium,25+ months
5598-IKHQQ,FEMALE,0,No,No,72,Two year,Credit card (automatic),No,25.45,1866,No,Low/Medium,25+ months
5605-XNWEN,MALE,1,yes,No,72,Two year,Bank transfer (automatic),No,25.00,1802,No,Low/Medium,25+ months
5663-QBGIS,MALE,1,yes,No,72,Two year,Bank transfer (automatic),Fiber optic,98.35,6929,No,Low/Medium,25+ months
5668-MEISB,FEMALE,0,yes,Yes,72,Two year,Credit card (automatic),Fiber optic,106.10,7657,No,Low/Medium,25+ months
5684-FJVYR,FEMALE,0,yes,Yes,72,Two year,Bank transfer (automatic),Fiber optic,90.35,6563,No,Low/Medium,25+ months
5727-MYATE,MALE,0,yes,Yes,72,Two year,Credit card (automatic),DSL,90.80,6397,No,Low/Medium,25+ months
5766-FTRTS,MALE,0,yes,No,72,Two year,Mailed check,DSL,84.45,6033,No,Low/Medium,25+ months
5781-BKHOP,FEMALE,0,yes,No,72,Two year,Bank transfer (automatic),Fiber optic,100.65,7334,No,Low/Medium,25+ months
5787-KXGIY,MALE,0,yes,No,72,Two year,Credit card (automatic),No,19.30,1304,No,Low/Medium,25+ months
5803-NQJZO,MALE,0,yes,No,72,Two year,Bank transfer (automatic),DSL,67.80,4804,No,Low/Medium,25+ months
5879-HMFFH,FEMALE,0,yes,No,72,Two year,Bank transfer (automatic),DSL,88.05,6520,No,Low/Medium,25+ months
5884-FBCTL,FEMALE,0,yes,Yes,72,Two year,Bank transfer (automatic),No,25.10,1857,No,Low/Medium,25+ months
5893-KCLGT,FEMALE,0,No,Yes,72,Two year,Mailed check,No,19.75,1567,No,Low/Medium,25+ months
5914-XRFQB,MALE,0,yes,No,72,Two year,Bank transfer (automatic),Fiber optic,115.80,8424,No,Low/Medium,25+ months
5954-BDFSG,FEMALE,0,No,No,72,Two year,Credit card (automatic),Fiber optic,107.50,7853,No,Low/Medium,25+ months
5965-GGPRW,MALE,0,yes,Yes,72,Two year,Bank transfer (automatic),Fiber optic,105.25,7609,No,Low/Medium,25+ months
5968-XQIVE,MALE,0,yes,Yes,72,One year,Electronic check,Fiber optic,89.70,6588,No,Low/Medium,25+ months
5980-BDHPY,MALE,0,yes,No,72,Two year,Bank transfer (automatic),DSL,87.10,6230,No,Low/Medium,25+ months
5985-BEHZK,FEMALE,1,yes,No,72,One year,Credit card (automatic),Fiber optic,105.00,7578,No,Low/Medium,25+ months
5997-OPVFA,MALE,0,yes,No,72,Two year,Bank transfer (automatic),DSL,89.05,6254,No,Low/Medium,25+ months
6007-TCTST,FEMALE,0,yes,Yes,72,Two year,Bank transfer (automatic),Fiber optic,115.80,8476,No,Low/Medium,25+ months
6024-RUGGH,MALE,0,yes,Yes,72,Two year,Bank transfer (automatic),No,25.20,1798,No,Low/Medium,25+ months
6034-ZRYCV,FEMALE,0,yes,No,72,Two year,Electronic check,DSL,54.20,3937,Yes,Low/Medium,25+ months
6087-YPWHO,MALE,0,yes,No,72,Two year,Mailed check,DSL,68.15,4808,No,Low/Medium,25+ months
6115-ZTBFQ,FEMALE,0,yes,No,72,Two year,Bank transfer (automatic),DSL,65.50,4919,No,Low/Medium,25+ months
6166-YIPFO,MALE,0,yes,No,72,Two year,Electronic check,DSL,64.70,4746,No,Low/Medium,25+ months
6176-YJWAS,MALE,0,yes,No,72,Two year,Credit card (automatic),Fiber optic,97.95,7114,No,Low/Medium,25+ months
6181-AXXYF,MALE,0,yes,Yes,72,Two year,Credit card (automatic),No,24.75,1859,No,Low/Medium,25+ months
6234-RAAPL,FEMALE,0,yes,Yes,72,Two year,Bank transfer (automatic),Fiber optic,99.90,7251,No,Low/Medium,25+ months
6285-FTQBF,MALE,0,yes,Yes,72,Two year,Credit card (automatic),No,25.55,1867,No,Low/Medium,25+ months
6295-OSINB,MALE,0,yes,No,72,Two year,Electronic check,Fiber optic,109.65,7880,No,Low/Medium,25+ months
6348-SNFUS,MALE,0,yes,Yes,72,Two year,Credit card (automatic),DSL,55.45,4179,No,Low/Medium,25+ months
6374-NTQLP,MALE,1,yes,Yes,72,Two year,Credit card (automatic),Fiber optic,104.10,7447,No,Low/Medium,25+ months
6384-VMJHP,FEMALE,0,No,No,72,Two year,Credit card (automatic),DSL,73.00,5265,No,Low/Medium,25+ months
6408-WHTEF,MALE,0,yes,Yes,72,Two year,Mailed check,DSL,89.40,6376,No,Low/Medium,25+ months
6437-UDQJM,FEMALE,1,yes,No,72,Two year,Credit card (automatic),DSL,84.10,6129,No,Low/Medium,25+ months
6479-VDGRK,FEMALE,0,yes,Yes,72,Two year,Bank transfer (automatic),DSL,85.30,6129,No,Low/Medium,25+ months
6519-ZHPXP,FEMALE,0,yes,Yes,72,Two year,Bank transfer (automatic),Fiber optic,108.30,7679,No,Low/Medium,25+ months
6585-WCEWR,MALE,0,yes,Yes,72,Two year,Electronic check,No,20.35,1354,No,Low/Medium,25+ months
6614-FHDBO,MALE,0,No,No,72,Two year,Bank transfer (automatic),Fiber optic,109.20,7878,No,Low/Medium,25+ months
6631-HMANX,MALE,0,yes,No,72,Two year,Credit card (automatic),DSL,85.45,6227,No,Low/Medium,25+ months
6650-BWFRT,FEMALE,0,yes,No,72,Two year,Credit card (automatic),Fiber optic,117.15,8529,No,Low/Medium,25+ months
6656-GULJQ,MALE,0,yes,Yes,72,Two year,Credit card (automatic),DSL,83.55,6093,No,Low/Medium,25+ months
6701-YVNQG,MALE,0,yes,No,72,Two year,Credit card (automatic),DSL,88.70,6301,No,Low/Medium,25+ months
6719-FGEDO,FEMALE,0,yes,No,72,Two year,Bank transfer (automatic),Fiber optic,97.00,7104,No,Low/Medium,25+ months
6728-DKUCO,FEMALE,0,yes,Yes,72,One year,Electronic check,Fiber optic,104.15,7303,No,Low/Medium,25+ months
6734-PSBAW,MALE,0,yes,No,72,Two year,Bank transfer (automatic),No,23.55,1723,No,Low/Medium,25+ months
6749-UTDVX,MALE,0,No,No,72,Two year,Electronic check,Fiber optic,103.65,7634,No,Low/Medium,25+ months
6855-VLGOS,MALE,0,yes,Yes,72,Two year,Electronic check,No,20.55,1432,No,Low/Medium,25+ months
6859-QNXIQ,FEMALE,0,yes,Yes,72,Two year,Bank transfer (automatic),Fiber optic,113.10,8248,No,Low/Medium,25+ months
6904-JLBGY,FEMALE,1,No,No,72,Two year,Credit card (automatic),Fiber optic,117.35,8436,No,Low/Medium,25+ months
6917-FIJHC,FEMALE,0,yes,No,72,Two year,Mailed check,No,26.00,1776,No,Low/Medium,25+ months
6919-ELBGL,MALE,1,yes,Yes,72,Two year,Bank transfer (automatic),Fiber optic,114.95,8196,No,Low/Medium,25+ months
6928-ONTRW,FEMALE,0,yes,Yes,72,Two year,Credit card (automatic),No,19.70,1379,No,Low/Medium,25+ months
6976-BWGLQ,FEMALE,0,yes,Yes,72,Two year,Bank transfer (automatic),No,25.20,1787,No,Low/Medium,25+ months
7010-BRBUU,MALE,0,yes,Yes,72,Two year,Credit card (automatic),No,24.10,1734,No,Low/Medium,25+ months
7030-FZTFM,MALE,0,yes,Yes,72,Two year,Credit card (automatic),Fiber optic,110.90,7922,No,Low/Medium,25+ months
7083-MIOPC,FEMALE,0,No,No,72,Two year,Credit card (automatic),No,20.25,1566,No,Low/Medium,25+ months
7096-ZNBZI,FEMALE,0,yes,No,72,Two year,Credit card (automatic),No,26.45,1914,No,Low/Medium,25+ months
7101-HRBLJ,FEMALE,0,yes,Yes,72,Two year,Bank transfer (automatic),DSL,83.70,6096,No,Low/Medium,25+ months
7115-IRDHS,FEMALE,0,yes,No,72,Two year,Bank transfer (automatic),No,24.65,1830,No,Low/Medium,25+ months
7134-HBPBS,FEMALE,1,No,No,72,Two year,Bank transfer (automatic),Fiber optic,108.10,7774,No,Low/Medium,25+ months
7169-YWAMK,MALE,0,yes,Yes,72,Two year,Bank transfer (automatic),DSL,68.40,4855,No,Low/Medium,25+ months
7173-TETGO,FEMALE,1,yes,No,72,Two year,Bank transfer (automatic),Fiber optic,78.50,5602,No,Low/Medium,25+ months
7203-OYKCT,MALE,0,No,No,72,One year,Electronic check,Fiber optic,104.95,7544,No,Low/Medium,25+ months
7255-SSFBC,MALE,0,yes,Yes,72,Two year,Bank transfer (automatic),Fiber optic,112.25,8041,No,Low/Medium,25+ months
7301-ABVAD,FEMALE,0,No,No,72,Two year,Bank transfer (automatic),DSL,86.60,6350,No,Low/Medium,25+ months
7322-OCWHC,MALE,1,yes,No,72,Two year,Bank transfer (automatic),Fiber optic,93.05,6735,No,Low/Medium,25+ months
7359-WWYJV,MALE,0,yes,No,72,Two year,Credit card (automatic),Fiber optic,114.45,8375,No,Low/Medium,25+ months
7399-QHBJS,FEMALE,0,yes,Yes,72,Two year,Credit card (automatic),DSL,66.75,4760,No,Low/Medium,25+ months
7408-OFWXJ,FEMALE,0,yes,Yes,72,Two year,Credit card (automatic),DSL,89.80,6510,No,Low/Medium,25+ months
7463-IFMQU,FEMALE,0,yes,No,72,Two year,Bank transfer (automatic),No,20.05,1423,No,Low/Medium,25+ months
7503-MIOGA,FEMALE,1,yes,No,72,Two year,Bank transfer (automatic),DSL,89.85,6697,No,Low/Medium,25+ months
7564-GHCVB,FEMALE,0,yes,Yes,72,Two year,Bank transfer (automatic),Fiber optic,79.05,5730,No,Low/Medium,25+ months
7566-DSRLQ,FEMALE,0,yes,No,72,Two year,Electronic check,Fiber optic,110.15,7998,No,Low/Medium,25+ months
7569-NMZYQ,FEMALE,0,yes,Yes,72,Two year,Bank transfer (automatic),Fiber optic,118.75,8672,No,Low/Medium,25+ months
7602-MVRMB,FEMALE,0,yes,Yes,72,Two year,Bank transfer (automatic),Fiber optic,110.45,8058,No,Low/Medium,25+ months
7606-BPHHN,MALE,0,No,No,72,Two year,Credit card (automatic),No,19.80,1468,No,Low/Medium,25+ months
7663-YJHSN,FEMALE,0,yes,No,72,Two year,Bank transfer (automatic),Fiber optic,103.95,7556,No,Low/Medium,25+ months
7684-XSZIY,MALE,0,yes,Yes,72,Two year,Bank transfer (automatic),No,24.30,1643,No,Low/Medium,25+ months
7722-VJRQD,MALE,0,yes,Yes,72,Two year,Bank transfer (automatic),DSL,60.95,4549,No,Low/Medium,25+ months
7730-CLDSV,FEMALE,0,yes,Yes,72,Two year,Bank transfer (automatic),Fiber optic,98.65,7129,No,Low/Medium,25+ months
7765-LWVVH,FEMALE,0,yes,Yes,72,Two year,Electronic check,Fiber optic,95.10,6843,No,Low/Medium,25+ months
7781-HVGMK,FEMALE,0,yes,Yes,72,Two year,Credit card (automatic),DSL,65.20,4784,No,Low/Medium,25+ months
7860-KSUGX,MALE,0,yes,Yes,72,Two year,Credit card (automatic),DSL,64.45,4720,No,Low/Medium,25+ months
7873-CVMAW,MALE,0,No,No,72,Two year,Credit card (automatic),DSL,88.55,6362,No,Low/Medium,25+ months
7921-BEPCI,FEMALE,0,No,No,72,Two year,Bank transfer (automatic),DSL,59.75,4265,No,Low/Medium,25+ months
7971-HLVXI,MALE,0,yes,Yes,72,Two year,Credit card (automatic),Fiber optic,84.50,6130,No,Low/Medium,25+ months
7980-MHFLQ,FEMALE,0,yes,Yes,72,Two year,Mailed check,No,24.90,1859,No,Low/Medium,25+ months
8015-IHCGW,FEMALE,0,yes,Yes,72,Two year,Electronic check,Fiber optic,115.50,8425,No,Low/Medium,25+ months
8024-XNAFQ,FEMALE,1,No,No,72,Two year,Bank transfer (automatic),Fiber optic,107.40,7748,No,Low/Medium,25+ months
8039-ACLPL,FEMALE,0,yes,Yes,72,Two year,Credit card (automatic),DSL,68.75,4888,No,Low/Medium,25+ months
8092-NLTGF,MALE,0,No,No,72,Two year,Bank transfer (automatic),No,24.75,1777,No,Low/Medium,25+ months
8107-RZLNV,MALE,0,yes,No,72,Two year,Bank transfer (automatic),Fiber optic,106.30,7565,No,Low/Medium,25+ months
8125-QPFJD,FEMALE,0,yes,No,72,Two year,Bank transfer (automatic),DSL,84.90,6065,No,Low/Medium,25+ months
8152-VETUR,FEMALE,0,yes,No,72,Two year,Credit card (automatic),Fiber optic,97.70,6869,No,Low/Medium,25+ months
8165-ZJRNM,FEMALE,0,yes,Yes,72,Two year,Bank transfer (automatic),No,23.75,1679,No,Low/Medium,25+ months
8197-BFWVU,FEMALE,0,yes,Yes,72,Two year,Bank transfer (automatic),DSL,93.25,6688,No,Low/Medium,25+ months
8204-YJCLA,MALE,1,yes,Yes,72,Two year,Bank transfer (automatic),DSL,64.80,4732,No,Low/Medium,25+ months
8207-DMRVL,MALE,0,yes,Yes,72,Two year,Bank transfer (automatic),Fiber optic,114.55,8306,No,Low/Medium,25+ months
8218-FFJDS,FEMALE,0,yes,No,72,Two year,Bank transfer (automatic),DSL,86.40,6058,No,Low/Medium,25+ months
8224-KDLKN,MALE,0,yes,Yes,72,Two year,Bank transfer (automatic),No,25.00,1738,No,Low/Medium,25+ months
8237-ULIXL,FEMALE,0,yes,No,72,Two year,Credit card (automatic),No,24.85,1871,No,Low/Medium,25+ months
8263-QMNTJ,MALE,0,yes,No,72,Two year,Electronic check,Fiber optic,115.55,8425,No,Low/Medium,25+ months
8265-HKSOW,FEMALE,0,yes,Yes,72,Two year,Credit card (automatic),Fiber optic,107.45,7658,No,Low/Medium,25+ months
8309-PPCED,FEMALE,0,yes,No,72,Two year,Bank transfer (automatic),Fiber optic,110.45,7982,No,Low/Medium,25+ months
8336-TAVKX,FEMALE,1,yes,No,72,Two year,Bank transfer (automatic),DSL,78.45,5682,No,Low/Medium,25+ months
8338-QIUNR,MALE,0,yes,Yes,72,Two year,Credit card (automatic),DSL,66.50,4811,No,Low/Medium,25+ months
8374-UULRV,MALE,0,No,No,72,Two year,Credit card (automatic),DSL,86.05,6309,No,Low/Medium,25+ months
8398-TBIYD,FEMALE,0,No,No,72,Two year,Bank transfer (automatic),Fiber optic,84.70,6185,No,Low/Medium,25+ months
8454-AATJP,FEMALE,0,No,No,72,Two year,Credit card (automatic),Fiber optic,115.05,8405,No,Low/Medium,25+ months
8468-FZTOE,FEMALE,0,yes,Yes,72,Two year,Electronic check,DSL,74.35,5237,No,Low/Medium,25+ months
8513-OLYGY,MALE,0,yes,No,72,Two year,Credit card (automatic),Fiber optic,115.80,8332,No,Low/Medium,25+ months
8544-JNBOX,MALE,0,No,No,72,Two year,Mailed check,No,20.80,1521,No,Low/Medium,25+ months
8565-WUXZU,MALE,1,yes,No,72,Two year,Credit card (automatic),Fiber optic,84.80,6141,No,Low/Medium,25+ months
8580-QVLOC,FEMALE,1,yes,Yes,72,Two year,Credit card (automatic),DSL,92.45,6440,Yes,Low/Medium,25+ months
8606-CIQUL,MALE,1,yes,Yes,72,Two year,Credit card (automatic),Fiber optic,115.75,8399,No,Low/Medium,25+ months
8628-MFKAX,FEMALE,1,yes,No,72,Two year,Credit card (automatic),Fiber optic,116.75,8277,No,Low/Medium,25+ months
8639-NHQEI,FEMALE,0,yes,Yes,72,Two year,Bank transfer (automatic),Fiber optic,95.90,6954,No,Low/Medium,25+ months
8661-BOYNW,FEMALE,0,yes,No,72,Two year,Credit card (automatic),DSL,84.40,6096,No,Low/Medium,25+ months
8670-ERCJH,MALE,0,No,No,72,Two year,Bank transfer (automatic),Fiber optic,113.40,8164,No,Low/Medium,25+ months
8735-SDUFN,FEMALE,1,yes,No,72,Two year,Bank transfer (automatic),No,24.30,1778,No,Low/Medium,25+ months
8749-TZYEC,MALE,0,yes,No,72,Two year,Credit card (automatic),No,24.80,1874,No,Low/Medium,25+ months
8774-GSBUN,MALE,0,yes,No,72,Two year,Mailed check,No,25.40,1797,No,Low/Medium,25+ months
8809-RIHDD,MALE,0,yes,Yes,72,Two year,Electronic check,Fiber optic,103.40,7372,Yes,Low/Medium,25+ months
8809-XKHMD,MALE,0,yes,No,72,Two year,Bank transfer (automatic),Fiber optic,100.55,7325,No,Low/Medium,25+ months
8823-RLPWL,FEMALE,0,yes,No,72,Two year,Credit card (automatic),Fiber optic,110.65,8065,No,Low/Medium,25+ months
8853-TZDGH,FEMALE,0,No,No,72,Two year,Bank transfer (automatic),Fiber optic,111.60,8012,No,Low/Medium,25+ months
8901-UPRHR,FEMALE,0,yes,Yes,72,Two year,Bank transfer (automatic),Fiber optic,109.20,7711,No,Low/Medium,25+ months
8908-NMQTX,MALE,0,No,No,72,Two year,Bank transfer (automatic),DSL,65.60,4566,No,Low/Medium,25+ months
8915-NNTRC,MALE,0,yes,Yes,72,Two year,Credit card (automatic),Fiber optic,107.70,7919,No,Low/Medium,25+ months
8999-XXGNS,FEMALE,1,yes,No,72,One year,Credit card (automatic),Fiber optic,105.75,7629,No,Low/Medium,25+ months
9031-ZVQPT,MALE,0,yes,No,72,Two year,Electronic check,Fiber optic,108.20,7840,No,Low/Medium,25+ months
9065-ZCPQX,MALE,0,yes,No,72,Two year,Bank transfer (automatic),DSL,78.85,5763,No,Low/Medium,25+ months
9070-BCKQP,FEMALE,0,yes,No,72,Two year,Credit card (automatic),Fiber optic,110.15,7881,No,Low/Medium,25+ months
9114-DPSIA,MALE,0,yes,Yes,72,Two year,Credit card (automatic),DSL,81.00,5750,No,Low/Medium,25+ months
9127-FHJBZ,MALE,0,yes,Yes,72,Two year,Electronic check,Fiber optic,114.00,8093,No,Low/Medium,25+ months
9225-BZLNZ,MALE,0,yes,No,72,Two year,Electronic check,DSL,85.25,6083,No,Low/Medium,25+ months
9239-GZHZE,FEMALE,0,yes,No,72,Two year,Credit card (automatic),Fiber optic,113.65,8124,No,Low/Medium,25+ months
9242-TKFSV,MALE,0,yes,Yes,72,Two year,Credit card (automatic),DSL,65.10,4754,No,Low/Medium,25+ months
9286-BHDQG,MALE,0,yes,Yes,72,Two year,Credit card (automatic),DSL,45.25,3139,No,Low/Medium,25+ months
9297-EONCV,FEMALE,0,No,No,72,Two year,Bank transfer (automatic),DSL,91.35,6697,No,Low/Medium,25+ months
9298-WGMRW,FEMALE,0,yes,No,72,Two year,Bank transfer (automatic),Fiber optic,115.50,8312,No,Low/Medium,25+ months
9339-FIIJL,MALE,0,yes,No,72,Two year,Bank transfer (automatic),DSL,85.95,6151,No,Low/Medium,25+ months
9351-HXDMR,MALE,0,yes,No,72,Two year,Credit card (automatic),Fiber optic,110.90,8240,No,Low/Medium,25+ months
9385-NXKDA,FEMALE,0,yes,No,72,Two year,Credit card (automatic),DSL,82.65,5919,No,Low/Medium,25+ months
9430-NKQLY,MALE,0,yes,Yes,72,Two year,Credit card (automatic),No,25.10,1790,No,Low/Medium,25+ months
9443-JUBUO,MALE,0,yes,Yes,72,Two year,Credit card (automatic),DSL,65.25,4478,No,Low/Medium,25+ months
9453-PATOS,FEMALE,0,yes,No,72,Two year,Mailed check,DSL,85.10,6155,No,Low/Medium,25+ months
9481-IEBZY,MALE,1,yes,No,72,Month-to-month,Credit card (automatic),Fiber optic,112.90,8061,No,Low/Medium,25+ months
9488-FVZCC,FEMALE,0,yes,Yes,72,Two year,Bank transfer (automatic),DSL,79.50,5661,No,Low/Medium,25+ months
9489-JMTTN,FEMALE,0,yes,Yes,72,Two year,Credit card (automatic),DSL,89.75,6595,No,Low/Medium,25+ months
9499-XPZXM,FEMALE,0,yes,No,72,Two year,Bank transfer (automatic),DSL,64.75,4804,No,Low/Medium,25+ months
9548-ZMVTX,MALE,0,yes,Yes,72,Two year,Bank transfer (automatic),Fiber optic,90.45,6565,No,Low/Medium,25+ months
9637-CDTKZ,MALE,0,yes,No,72,Two year,Credit card (automatic),Fiber optic,114.10,8086,No,Low/Medium,25+ months
9675-ICXCT,MALE,0,yes,Yes,72,Two year,Electronic check,DSL,80.80,5728,No,Low/Medium,25+ months
9680-NIAUV,FEMALE,0,yes,Yes,72,Two year,Credit card (automatic),Fiber optic,109.70,8129,No,Low/Medium,25+ months
9739-JLPQJ,FEMALE,0,yes,Yes,72,Two year,Credit card (automatic),Fiber optic,117.50,8670,No,Low/Medium,25+ months
9778-OGKQZ,MALE,0,yes,No,72,Two year,Credit card (automatic),DSL,92.00,6782,No,Low/Medium,25+ months
9788-HNGUT,MALE,0,yes,No,72,Two year,Credit card (automatic),Fiber optic,116.95,8594,No,Low/Medium,25+ months
9802-CAQUT,FEMALE,0,yes,Yes,72,Two year,Credit card (automatic),Fiber optic,109.55,7887,No,Low/Medium,25+ months
9823-EALYC,MALE,0,yes,Yes,72,Two year,Bank transfer (automatic),DSL,80.85,5727,No,Low/Medium,25+ months
9838-BFCQT,MALE,0,yes,Yes,72,Two year,Mailed check,No,26.10,1851,No,Low/Medium,25+ months
9848-JQJTX,MALE,0,No,No,72,Two year,Bank transfer (automatic),Fiber optic,100.90,7459,No,Low/Medium,25+ months
9861-PDSZP,FEMALE,0,No,No,72,Two year,Credit card (automatic),Fiber optic,108.05,7806,No,Low/Medium,25+ months
9866-OCCKE,FEMALE,1,yes,No,72,Two year,Mailed check,Fiber optic,109.75,8075,No,Low/Medium,25+ months
9880-TDQAC,FEMALE,0,yes,Yes,72,Two year,Electronic check,DSL,60.00,4264,No,Low/Medium,25+ months
9924-JPRMC,MALE,0,No,No,72,Two year,Electronic check,Fiber optic,118.20,8547,No,Low/Medium,25+ months
9926-PJHDQ,FEMALE,0,yes,Yes,72,Two year,Bank transfer (automatic),DSL,76.80,5468,No,Low/Medium,25+ months
9919-FZDED,MALE,1,yes,No,72,Two year,Credit card (automatic),DSL,84.10,5981,No,Low/Medium,25+ months
9958-MEKUC,MALE,0,yes,Yes,72,Two year,Credit card (automatic),Fiber optic,103.95,7517,No,Low/Medium,25+ months
3259-FDWOY,MALE,0,yes,Yes,71,Two year,Bank transfer (automatic),Fiber optic,106.00,7723,Yes,Low/Medium,25+ months
3230-JCNZS,FEMALE,0,yes,Yes,71,Two year,Credit card (automatic),Fiber optic,99.00,7061,No,Low/Medium,25+ months
3144-KMTWZ,MALE,0,yes,No,71,Month-to-month,Bank transfer (automatic),Fiber optic,93.25,6669,No,Low/Medium,25+ months
3173-WSSUE,FEMALE,0,yes,Yes,71,Two year,Credit card (automatic),No,19.70,1415,No,Low/Medium,25+ months
2961-VNFKL,FEMALE,0,yes,No,71,Two year,Credit card (automatic),No,25.95,1801,No,Low/Medium,25+ months
2834-JRTUA,MALE,0,No,No,71,Two year,Electronic check,Fiber optic,108.05,7532,Yes,Low/Medium,25+ months
2718-YSKCS,MALE,0,yes,Yes,71,Two year,Bank transfer (automatic),No,19.60,1387,No,Low/Medium,25+ months
2790-XUYMV,MALE,0,No,Yes,71,One year,Credit card (automatic),Fiber optic,85.45,6028,No,Low/Medium,25+ months
2798-NYLMZ,MALE,0,yes,No,71,Two year,Credit card (automatic),Fiber optic,108.55,7616,No,Low/Medium,25+ months
2674-MLXMN,FEMALE,1,No,No,71,Month-to-month,Credit card (automatic),Fiber optic,99.65,6951,No,Low/Medium,25+ months
2615-YVMYX,MALE,1,yes,No,71,Month-to-month,Electronic check,Fiber optic,107.50,7713,No,Low/Medium,25+ months
2639-UGMAZ,MALE,1,No,No,71,One year,Electronic check,DSL,56.45,3985,No,Low/Medium,25+ months
2599-CIPQE,MALE,0,yes,Yes,71,Two year,Credit card (automatic),Fiber optic,109.30,7782,No,Low/Medium,25+ months
2530-ENDWQ,FEMALE,0,yes,No,71,Two year,Bank transfer (automatic),Fiber optic,93.70,6585,Yes,Low/Medium,25+ months
2400-XIWIO,FEMALE,0,yes,No,71,Two year,Electronic check,DSL,90.10,6310,No,Low/Medium,25+ months
2277-BKJKN,FEMALE,1,yes,No,71,Two year,Electronic check,Fiber optic,99.20,7213,No,Low/Medium,25+ months
2223-GDSHL,MALE,0,yes,Yes,71,Two year,Bank transfer (automatic),Fiber optic,116.05,8297,No,Low/Medium,25+ months
2194-IIQOF,FEMALE,0,yes,No,71,Two year,Credit card (automatic),DSL,89.30,6388,No,Low/Medium,25+ months
2169-RRLFW,FEMALE,0,yes,No,71,Two year,Credit card (automatic),No,25.60,1888,No,Low/Medium,25+ months
2172-EJXVF,FEMALE,1,No,No,71,One year,Electronic check,Fiber optic,105.90,7521,No,Low/Medium,25+ months
2176-LVPNX,FEMALE,1,No,No,71,Two year,Mailed check,DSL,89.85,6293,No,Low/Medium,25+ months
2176-OSJUV,MALE,0,yes,No,71,Two year,Bank transfer (automatic),DSL,65.15,4681,No,Low/Medium,25+ months
1987-AUELQ,FEMALE,0,yes,No,71,Two year,Credit card (automatic),No,25.05,1873,No,Low/Medium,25+ months
1866-DIOQZ,FEMALE,0,yes,No,71,One year,Bank transfer (automatic),DSL,66.80,4689,No,Low/Medium,25+ months
1696-HXOWK,FEMALE,0,yes,No,71,One year,Mailed check,Fiber optic,95.65,6856,No,Low/Medium,25+ months
1635-NZATJ,MALE,1,yes,No,71,Two year,Credit card (automatic),No,25.45,1789,No,Low/Medium,25+ months
1591-XWLGB,FEMALE,0,yes,No,71,Two year,Credit card (automatic),No,19.85,1379,No,Low/Medium,25+ months
1545-JFUML,MALE,0,yes,No,71,Two year,Electronic check,Fiber optic,99.00,6994,No,Low/Medium,25+ months
1555-HAPSU,FEMALE,0,yes,Yes,71,Two year,Credit card (automatic),No,23.90,1663,No,Low/Medium,25+ months
1298-PHBTI,MALE,0,yes,Yes,71,Two year,Electronic check,Fiber optic,84.80,6152,No,Low/Medium,25+ months
1265-BCFEO,FEMALE,0,yes,No,71,Two year,Bank transfer (automatic),DSL,80.45,5662,No,Low/Medium,25+ months
1052-QJIBV,FEMALE,0,yes,Yes,71,Two year,Credit card (automatic),No,19.90,1397,No,Low/Medium,25+ months
1131-QQZEB,MALE,1,yes,No,71,Two year,Bank transfer (automatic),No,23.95,1756,No,Low/Medium,25+ months
1043-UXOVO,FEMALE,0,No,No,71,Two year,Credit card (automatic),Fiber optic,113.15,7993,No,Low/Medium,25+ months
0831-JNISG,MALE,0,yes,Yes,71,Two year,Mailed check,No,19.80,1396,No,Low/Medium,25+ months
0835-JKADZ,FEMALE,0,No,No,71,Two year,Electronic check,Fiber optic,111.25,7984,No,Low/Medium,25+ months
0795-LAFGP,MALE,0,yes,Yes,71,Two year,Electronic check,DSL,90.40,6668,No,Low/Medium,25+ months
0825-CPPQH,FEMALE,0,yes,No,71,Two year,Credit card (automatic),No,19.10,1372,No,Low/Medium,25+ months
0774-RMNUW,FEMALE,0,yes,Yes,71,Two year,Bank transfer (automatic),DSL,59.70,4122,No,Low/Medium,25+ months
0730-BGQGF,MALE,0,yes,Yes,71,Two year,Credit card (automatic),DSL,90.30,6287,No,Low/Medium,25+ months
0670-ANMUU,MALE,0,No,No,71,One year,Credit card (automatic),Fiber optic,97.65,6687,No,Low/Medium,25+ months
0562-HKHML,MALE,0,yes,Yes,71,Two year,Credit card (automatic),No,23.90,1626,No,Low/Medium,25+ months
0363-SVHYR,MALE,0,yes,Yes,71,Two year,Bank transfer (automatic),DSL,86.85,6263,No,Low/Medium,25+ months
0308-GIQJT,MALE,1,No,No,71,One year,Bank transfer (automatic),Fiber optic,105.75,7382,No,Low/Medium,25+ months
0310-SUCIN,FEMALE,0,yes,No,71,One year,Bank transfer (automatic),DSL,84.80,6046,No,Low/Medium,25+ months
0264-CNITK,FEMALE,0,yes,Yes,71,Two year,Bank transfer (automatic),No,20.10,1389,No,Low/Medium,25+ months
0218-QNVAS,MALE,0,yes,Yes,71,One year,Bank transfer (automatic),Fiber optic,100.55,7113,No,Low/Medium,25+ months
0174-QRVVY,MALE,0,yes,Yes,71,Two year,Credit card (automatic),No,25.35,1847,No,Low/Medium,25+ months
0186-CAERR,MALE,0,No,No,71,One year,Bank transfer (automatic),Fiber optic,116.30,8309,No,Low/Medium,25+ months
0114-IGABW,FEMALE,0,yes,No,71,Two year,Bank transfer (automatic),DSL,58.25,4145,No,Low/Medium,25+ months
0020-INWCK,FEMALE,0,yes,Yes,71,Two year,Credit card (automatic),Fiber optic,95.75,6849,No,Low/Medium,25+ months
0013-SMEOE,FEMALE,1,yes,No,71,Two year,Bank transfer (automatic),Fiber optic,109.70,7904,No,Low/Medium,25+ months
3261-CQXOL,FEMALE,0,yes,Yes,71,Two year,Bank transfer (automatic),No,25.45,1813,No,Low/Medium,25+ months
3279-DYZQM,MALE,0,yes,Yes,71,Two year,Mailed check,No,19.45,1378,No,Low/Medium,25+ months
6461-SZMCV,FEMALE,0,yes,No,71,Two year,Bank transfer (automatic),DSL,87.95,6365,No,Low/Medium,25+ months
6463-HHXJR,FEMALE,0,yes,Yes,71,Two year,Bank transfer (automatic),Fiber optic,100.50,7030,No,Low/Medium,25+ months
6339-TBELP,MALE,0,No,No,71,Two year,Credit card (automatic),Fiber optic,86.40,6172,No,Low/Medium,25+ months
6365-HITVU,FEMALE,0,yes,Yes,71,Two year,Credit card (automatic),DSL,87.25,6328,No,Low/Medium,25+ months
6283-GITPX,MALE,0,No,Yes,71,Two year,Credit card (automatic),DSL,76.90,5522,No,Low/Medium,25+ months
6308-CQRBU,FEMALE,0,yes,No,71,Two year,Electronic check,Fiber optic,109.25,7707,No,Low/Medium,25+ months
6253-GNHWH,FEMALE,0,yes,Yes,71,Two year,Mailed check,DSL,71.10,5224,No,Low/Medium,25+ months
6257-DTAYD,MALE,0,yes,No,71,Two year,Credit card (automatic),Fiber optic,104.15,7365,No,Low/Medium,25+ months
6164-HAQTX,MALE,0,No,No,71,Two year,Bank transfer (automatic),DSL,53.95,3888,No,Low/Medium,25+ months
6161-ERDGD,MALE,0,yes,Yes,71,One year,Electronic check,DSL,85.45,6300,No,Low/Medium,25+ months
5945-AZYHT,MALE,0,yes,No,71,One year,Electronic check,Fiber optic,109.60,7854,No,Low/Medium,25+ months
5846-ABOBJ,MALE,0,yes,No,71,Two year,Bank transfer (automatic),No,24.45,1730,No,Low/Medium,25+ months
5846-NEQVZ,MALE,0,yes,Yes,71,Two year,Credit card (automatic),DSL,70.85,4973,No,Low/Medium,25+ months
5781-RFZRP,MALE,0,yes,No,71,Two year,Credit card (automatic),DSL,73.50,5357,No,Low/Medium,25+ months
5743-KHMNA,MALE,0,No,No,71,Two year,Bank transfer (automatic),No,25.55,1898,No,Low/Medium,25+ months
5702-KVQRD,MALE,0,yes,No,71,Two year,Electronic check,DSL,82.55,5832,No,Low/Medium,25+ months
5699-BNCAS,MALE,1,No,No,71,Two year,Mailed check,No,24.65,1766,No,Low/Medium,25+ months
5676-CFLYY,MALE,0,yes,Yes,71,Two year,Credit card (automatic),DSL,73.35,5154,No,Low/Medium,25+ months
5678-VFNEQ,FEMALE,0,yes,No,71,One year,Credit card (automatic),Fiber optic,104.10,7412,No,Low/Medium,25+ months
5569-IDSEY,MALE,0,yes,No,71,One year,Bank transfer (automatic),Fiber optic,105.70,7472,No,Low/Medium,25+ months
5494-WOZRZ,FEMALE,0,yes,Yes,71,Two year,Credit card (automatic),DSL,82.00,5999,No,Low/Medium,25+ months
5377-NDTOU,FEMALE,0,yes,Yes,71,Two year,Mailed check,DSL,91.05,6293,No,Low/Medium,25+ months
5406-KGRMX,FEMALE,0,No,No,71,Two year,Electronic check,No,24.55,1719,No,Low/Medium,25+ months
5360-LJCNJ,FEMALE,0,yes,No,71,Two year,Bank transfer (automatic),Fiber optic,105.15,7555,No,Low/Medium,25+ months
5324-KTGCG,MALE,0,yes,No,71,One year,Electronic check,No,20.85,1539,No,Low/Medium,25+ months
5322-TEUJK,FEMALE,0,yes,Yes,71,Two year,Bank transfer (automatic),Fiber optic,114.60,8100,No,Low/Medium,25+ months
5287-QWLKY,MALE,1,yes,Yes,71,Month-to-month,Credit card (automatic),Fiber optic,105.10,7548,Yes,Low/Medium,25+ months
5248-KWLAR,MALE,0,yes,Yes,71,Two year,Electronic check,DSL,90.35,6325,No,Low/Medium,25+ months
5227-JSCFE,MALE,1,yes,No,71,Two year,Credit card (automatic),DSL,46.35,3353,No,Low/Medium,25+ months
5197-LQXXH,FEMALE,0,yes,No,71,Two year,Credit card (automatic),DSL,83.30,5894,No,Low/Medium,25+ months
5149-QYTTU,FEMALE,0,yes,Yes,71,One year,Credit card (automatic),Fiber optic,95.15,6770,No,Low/Medium,25+ months
5117-ZSMHQ,FEMALE,0,yes,Yes,71,Two year,Bank transfer (automatic),DSL,89.90,6342,No,Low/Medium,25+ months
5003-XZWWO,MALE,0,yes,No,71,Two year,Credit card (automatic),DSL,84.20,5956,No,Low/Medium,25+ months
4973-MGTON,FEMALE,0,yes,No,71,Two year,Credit card (automatic),DSL,84.40,5969,No,Low/Medium,25+ months
4872-JCVCA,FEMALE,0,yes,No,71,Two year,Bank transfer (automatic),DSL,47.60,3377,No,Low/Medium,25+ months
4817-KEQSP,FEMALE,0,yes,Yes,71,Two year,Bank transfer (automatic),No,19.85,1326,No,Low/Medium,25+ months
4782-OSFXZ,FEMALE,1,yes,No,71,Two year,Bank transfer (automatic),DSL,82.70,5831,No,Low/Medium,25+ months
4674-HGNUA,MALE,0,yes,Yes,71,Two year,Credit card (automatic),DSL,89.90,6457,No,Low/Medium,25+ months
4513-CXYIX,FEMALE,1,yes,No,71,Two year,Credit card (automatic),Fiber optic,80.70,5676,No,Low/Medium,25+ months
4565-NLZBV,FEMALE,0,yes,No,71,Two year,Bank transfer (automatic),No,24.65,1710,No,Low/Medium,25+ months
4443-EMBNA,FEMALE,0,yes,No,71,Two year,Bank transfer (automatic),No,24.75,1836,No,Low/Medium,25+ months
4086-WITJG,MALE,0,yes,Yes,71,Two year,Credit card (automatic),No,19.70,1301,No,Low/Medium,25+ months
4119-ZYPZY,MALE,1,No,No,71,Two year,Electronic check,Fiber optic,106.80,7623,No,Low/Medium,25+ months
4043-MKDTV,MALE,0,yes,No,71,Two year,Electronic check,Fiber optic,105.25,7291,No,Low/Medium,25+ months
3996-ZNWYK,MALE,1,yes,Yes,71,Two year,Credit card (automatic),No,19.80,1388,No,Low/Medium,25+ months
3973-SKMLN,MALE,0,No,No,71,Two year,Credit card (automatic),No,19.90,1355,No,Low/Medium,25+ months
3911-RSNHI,FEMALE,0,yes,No,71,Two year,Credit card (automatic),DSL,61.40,4310,No,Low/Medium,25+ months
3850-OKINF,MALE,0,yes,Yes,71,One year,Electronic check,DSL,66.20,4692,No,Low/Medium,25+ months
3841-NFECX,FEMALE,1,yes,No,71,Two year,Credit card (automatic),Fiber optic,96.35,6766,No,Low/Medium,25+ months
3836-FZSDJ,MALE,1,yes,No,71,Two year,Bank transfer (automatic),No,24.85,1901,No,Low/Medium,25+ months
3779-OSWCF,FEMALE,0,yes,No,71,Two year,Credit card (automatic),DSL,93.20,6506,No,Low/Medium,25+ months
3726-TBHQT,MALE,0,yes,Yes,71,Two year,Bank transfer (automatic),Fiber optic,114.00,8175,No,Low/Medium,25+ months
3642-BYHDO,FEMALE,0,yes,Yes,71,Two year,Bank transfer (automatic),No,19.90,1389,No,Low/Medium,25+ months
3669-WHAFY,FEMALE,0,yes,No,71,Two year,Credit card (automatic),Fiber optic,115.15,8078,No,Low/Medium,25+ months
3612-YVGSJ,FEMALE,0,yes,No,71,Two year,Credit card (automatic),No,24.45,1681,No,Low/Medium,25+ months
3528-HFRIQ,MALE,1,yes,No,71,Month-to-month,Bank transfer (automatic),DSL,52.30,3765,No,Low/Medium,25+ months
3508-CFVZL,FEMALE,0,No,No,71,Two year,Mailed check,Fiber optic,111.30,7985,No,Low/Medium,25+ months
3508-VLHCZ,FEMALE,0,yes,Yes,71,Two year,Credit card (automatic),DSL,90.55,6239,No,Low/Medium,25+ months
3407-JMJQQ,FEMALE,0,yes,Yes,71,Two year,Bank transfer (automatic),Fiber optic,109.00,7661,No,Low/Medium,25+ months
3429-IFLEM,FEMALE,0,No,No,71,Two year,Credit card (automatic),DSL,77.35,5550,No,Low/Medium,25+ months
3363-DTIVD,MALE,0,yes,Yes,71,Two year,Electronic check,Fiber optic,105.55,7405,No,Low/Medium,25+ months
3324-OIRTO,MALE,0,yes,Yes,71,One year,Bank transfer (automatic),Fiber optic,104.65,7288,No,Low/Medium,25+ months
9715-WZCLW,MALE,0,yes,Yes,71,Two year,Electronic check,Fiber optic,97.20,6910,No,Low/Medium,25+ months
9668-PUGNU,MALE,0,yes,No,71,Two year,Electronic check,No,24.50,1816,No,Low/Medium,25+ months
9558-IHEZX,FEMALE,0,No,No,71,Two year,Credit card (automatic),Fiber optic,106.75,7283,No,Low/Medium,25+ months
9571-EDEBV,MALE,0,yes,No,71,One year,Credit card (automatic),Fiber optic,98.65,6962,No,Low/Medium,25+ months
9470-YFUYI,MALE,1,yes,No,71,One year,Bank transfer (automatic),DSL,71.00,5012,No,Low/Medium,25+ months
9475-NNDGC,MALE,0,yes,No,71,One year,Bank transfer (automatic),Fiber optic,113.15,7953,No,Low/Medium,25+ months
9479-HYNYL,FEMALE,0,yes,No,71,Two year,Credit card (automatic),DSL,80.70,5705,No,Low/Medium,25+ months
9435-JMLSX,MALE,0,yes,No,71,Two year,Bank transfer (automatic),DSL,86.10,6045,No,Low/Medium,25+ months
9365-CSLBQ,MALE,0,No,Yes,71,Two year,Mailed check,No,24.35,1654,No,Low/Medium,25+ months
9258-CNWAC,FEMALE,0,yes,Yes,71,Two year,Credit card (automatic),Fiber optic,113.65,8166,No,Low/Medium,25+ months
9153-BTBVV,FEMALE,0,yes,No,71,Two year,Bank transfer (automatic),No,25.00,1753,No,Low/Medium,25+ months
9028-LIHRP,MALE,0,yes,Yes,71,Two year,Credit card (automatic),Fiber optic,100.20,7209,No,Low/Medium,25+ months
8975-SKGRX,MALE,0,yes,No,71,Two year,Bank transfer (automatic),Fiber optic,116.10,8310,No,Low/Medium,25+ months
8984-HPEMB,FEMALE,0,No,No,71,Two year,Electronic check,Fiber optic,118.65,8477,No,Low/Medium,25+ months
8879-XUAHX,MALE,0,yes,No,71,Two year,Electronic check,Fiber optic,116.25,8564,No,Low/Medium,25+ months
8766-PAFNE,MALE,0,yes,No,71,Two year,Credit card (automatic),DSL,79.10,5564,No,Low/Medium,25+ months
8760-ZRHKE,FEMALE,1,yes,Yes,71,One year,Electronic check,DSL,69.20,4982,No,Low/Medium,25+ months
8752-GHJFU,MALE,1,yes,No,71,One year,Electronic check,Fiber optic,92.00,6585,No,Low/Medium,25+ months
8722-PRFDV,FEMALE,0,yes,Yes,71,Two year,Credit card (automatic),DSL,77.55,5574,No,Low/Medium,25+ months
8659-IOOPU,FEMALE,0,yes,Yes,71,Two year,Electronic check,Fiber optic,100.45,7159,No,Low/Medium,25+ months
8619-IJNDK,FEMALE,0,yes,Yes,71,Two year,Credit card (automatic),DSL,64.05,4492,No,Low/Medium,25+ months
8231-BSWXX,MALE,0,No,No,71,One year,Credit card (automatic),Fiber optic,79.05,5552,No,Low/Medium,25+ months
8229-BUJHX,FEMALE,0,yes,Yes,71,Two year,Bank transfer (automatic),No,20.50,1500,No,Low/Medium,25+ months
8200-LGKSR,MALE,0,yes,No,71,Two year,Electronic check,DSL,83.20,6126,No,Low/Medium,25+ months
8146-QQKZH,FEMALE,0,yes,No,71,Two year,Bank transfer (automatic),DSL,81.85,5924,No,Low/Medium,25+ months
8089-UZWLX,FEMALE,1,No,No,71,Two year,Bank transfer (automatic),Fiber optic,104.05,7413,No,Low/Medium,25+ months
8065-QBYTO,FEMALE,1,No,No,71,One year,Credit card (automatic),Fiber optic,99.65,7181,No,Low/Medium,25+ months
8029-XYPWT,MALE,1,yes,No,71,Two year,Bank transfer (automatic),Fiber optic,115.05,8016,No,Low/Medium,25+ months
7998-WNZEM,MALE,0,No,No,71,Two year,Bank transfer (automatic),DSL,80.60,5708,No,Low/Medium,25+ months
7898-PDWQE,MALE,0,yes,No,71,Two year,Credit card (automatic),DSL,80.40,5727,No,Low/Medium,25+ months
7711-GQBZC,FEMALE,0,yes,Yes,71,Two year,Bank transfer (automatic),No,24.70,1810,No,Low/Medium,25+ months
7688-AWMDX,MALE,0,yes,No,71,Two year,Bank transfer (automatic),DSL,54.50,3778,No,Low/Medium,25+ months
7602-DBTOU,FEMALE,0,yes,No,71,Two year,Mailed check,No,19.60,1416,No,Low/Medium,25+ months
7649-SIJJF,MALE,0,yes,No,71,Two year,Mailed check,DSL,80.10,5585,No,Low/Medium,25+ months
7579-KKLOE,MALE,0,yes,Yes,71,Two year,Mailed check,DSL,91.25,6589,No,Low/Medium,25+ months
7471-MQPOS,MALE,1,yes,Yes,71,One year,Bank transfer (automatic),DSL,72.90,5139,No,Low/Medium,25+ months
7472-EQOAV,MALE,1,yes,Yes,71,One year,Bank transfer (automatic),Fiber optic,86.70,6179,No,Low/Medium,25+ months
7398-HPYZQ,MALE,0,yes,No,71,Two year,Bank transfer (automatic),DSL,90.55,6404,No,Low/Medium,25+ months
7375-WMVMT,MALE,1,yes,No,71,Two year,Credit card (automatic),Fiber optic,95.50,6707,No,Low/Medium,25+ months
7317-GGVPB,MALE,0,yes,No,71,Two year,Credit card (automatic),Fiber optic,108.60,7690,Yes,Low/Medium,25+ months
7161-DFHUF,FEMALE,0,yes,No,71,Two year,Mailed check,No,23.85,1672,No,Low/Medium,25+ months
7110-BDTWG,FEMALE,0,yes,No,71,Two year,Electronic check,DSL,47.05,3263,No,Low/Medium,25+ months
7014-ZZXAW,FEMALE,0,yes,No,71,Two year,Credit card (automatic),No,24.25,1732,No,Low/Medium,25+ months
6997-UVGOX,MALE,0,yes,Yes,71,Two year,Bank transfer (automatic),DSL,85.45,6029,No,Low/Medium,25+ months
7005-CYUIL,FEMALE,1,yes,No,71,Two year,Electronic check,Fiber optic,99.40,7168,No,Low/Medium,25+ months
6885-PKOAM,FEMALE,0,yes,No,71,Two year,Credit card (automatic),DSL,85.75,6223,No,Low/Medium,25+ months
6892-BOGQE,FEMALE,0,yes,No,71,Two year,Bank transfer (automatic),No,20.90,1493,No,Low/Medium,25+ months
6726-NNFWD,FEMALE,1,yes,No,71,Two year,Credit card (automatic),Fiber optic,89.45,6435,No,Low/Medium,25+ months
6614-YOLAC,FEMALE,0,yes,Yes,71,Two year,Mailed check,DSL,58.65,4145,No,Low/Medium,25+ months
6556-DBKZF,FEMALE,0,yes,Yes,71,Two year,Electronic check,Fiber optic,76.05,5436,No,Low/Medium,25+ months
6559-ILWKJ,MALE,0,yes,No,71,Two year,Electronic check,DSL,49.35,3515,Yes,Low/Medium,25+ months
9959-WOFKT,MALE,0,No,Yes,71,Two year,Bank transfer (automatic),Fiber optic,106.70,7382,No,Low/Medium,25+ months
9964-WBQDJ,FEMALE,0,yes,No,71,Two year,Credit card (automatic),No,24.40,1725,No,Low/Medium,25+ months
9803-FTJCG,MALE,0,yes,Yes,71,One year,Credit card (automatic),DSL,66.85,4748,No,Low/Medium,25+ months
0100-DUVFC,MALE,1,yes,No,70,One year,Electronic check,Fiber optic,104.80,7308,No,Low/Medium,25+ months
0201-OAMXR,FEMALE,0,No,No,70,One year,Credit card (automatic),Fiber optic,115.55,8127,Yes,Low/Medium,25+ months
0214-JHPFW,FEMALE,0,yes,No,70,Two year,Bank transfer (automatic),DSL,57.80,4039,No,Low/Medium,25+ months
0326-VDYXE,FEMALE,0,yes,No,70,One year,Electronic check,Fiber optic,97.65,6982,No,Low/Medium,25+ months
0394-YONDK,MALE,0,yes,Yes,70,Two year,Credit card (automatic),No,25.15,1790,No,Low/Medium,25+ months
0562-KBDVM,FEMALE,0,No,No,70,Two year,Bank transfer (automatic),DSL,44.60,3058,No,Low/Medium,25+ months
0530-IJVDB,MALE,0,No,Yes,70,Two year,Electronic check,Fiber optic,114.60,7882,No,Low/Medium,25+ months
0613-WUXUM,FEMALE,0,yes,Yes,70,Two year,Mailed check,No,19.20,1401,No,Low/Medium,25+ months
0505-SPOOW,FEMALE,0,yes,No,70,Two year,Bank transfer (automatic),No,19.80,1397,No,Low/Medium,25+ months
0707-HOVVN,FEMALE,1,No,No,70,Two year,Bank transfer (automatic),DSL,75.50,5212,No,Low/Medium,25+ months
0748-RDGGM,MALE,0,yes,No,70,One year,Bank transfer (automatic),Fiber optic,109.50,7534,Yes,Low/Medium,25+ months
0848-SOMKO,MALE,0,No,No,70,Two year,Bank transfer (automatic),DSL,48.40,3442,No,Low/Medium,25+ months
0907-HQNTS,FEMALE,1,yes,No,70,Two year,Credit card (automatic),Fiber optic,113.00,7987,No,Low/Medium,25+ months
1299-AURJA,FEMALE,0,yes,Yes,70,Two year,Bank transfer (automatic),No,24.70,1685,No,Low/Medium,25+ months
1282-IHQAC,MALE,1,No,No,70,One year,Credit card (automatic),DSL,44.05,3011,No,Low/Medium,25+ months
1325-USMEC,MALE,0,yes,No,70,Two year,Credit card (automatic),Fiber optic,99.35,6944,No,Low/Medium,25+ months
1403-GYAFU,MALE,0,yes,Yes,70,Two year,Credit card (automatic),No,20.05,1360,No,Low/Medium,25+ months
1414-YADCW,MALE,0,yes,No,70,Two year,Bank transfer (automatic),Fiber optic,84.60,5706,No,Low/Medium,25+ months
1444-VVSGW,MALE,0,yes,No,70,One year,Credit card (automatic),Fiber optic,115.65,7968,Yes,Low/Medium,25+ months
1492-KGETH,MALE,0,yes,Yes,70,One year,Bank transfer (automatic),DSL,78.35,5445,No,Low/Medium,25+ months
1459-QNFQT,MALE,0,yes,Yes,70,Two year,Bank transfer (automatic),DSL,59.50,4144,No,Low/Medium,25+ months
1555-DJEQW,FEMALE,0,yes,Yes,70,Two year,Bank transfer (automatic),Fiber optic,114.20,7723,Yes,Low/Medium,25+ months
1568-BEKZM,MALE,1,yes,No,70,Two year,Credit card (automatic),DSL,90.05,6333,No,Low/Medium,25+ months
1576-PFZIW,MALE,1,yes,No,70,Two year,Credit card (automatic),Fiber optic,105.35,7511,No,Low/Medium,25+ months
1679-JRFBR,FEMALE,0,yes,Yes,70,One year,Credit card (automatic),Fiber optic,108.15,7930,No,Low/Medium,25+ months
1837-YQUCE,FEMALE,0,No,No,70,Two year,Bank transfer (automatic),DSL,58.35,4214,No,Low/Medium,25+ months
1984-FCOWB,FEMALE,0,yes,No,70,One year,Electronic check,Fiber optic,109.50,7674,Yes,Low/Medium,25+ months
2000-DHJUY,FEMALE,1,yes,No,70,Two year,Bank transfer (automatic),DSL,92.20,6474,No,Low/Medium,25+ months
2126-GSEGL,FEMALE,0,yes,No,70,Two year,Bank transfer (automatic),DSL,84.80,5917,No,Low/Medium,25+ months
2225-ZRGSG,FEMALE,0,yes,Yes,70,Two year,Bank transfer (automatic),Fiber optic,93.90,6579,Yes,Low/Medium,25+ months
2368-GAKKQ,FEMALE,0,No,No,70,Two year,Bank transfer (automatic),Fiber optic,113.65,7939,No,Low/Medium,25+ months
2521-NPUZR,MALE,0,yes,No,70,Two year,Credit card (automatic),Fiber optic,101.00,7085,No,Low/Medium,25+ months
2535-PBCGC,FEMALE,0,yes,No,70,Two year,Bank transfer (automatic),DSL,64.55,4504,No,Low/Medium,25+ months
2623-DRYAM,FEMALE,0,yes,No,70,One year,Electronic check,Fiber optic,101.75,7069,No,Low/Medium,25+ months
2900-PHPLN,FEMALE,1,yes,No,70,Two year,Credit card (automatic),No,19.55,1462,No,Low/Medium,25+ months
2996-XAUVF,MALE,0,No,No,70,Two year,Mailed check,DSL,40.05,2799,No,Low/Medium,25+ months
2987-BJXIK,FEMALE,0,No,No,70,Two year,Mailed check,DSL,84.70,5991,No,Low/Medium,25+ months
2988-GBIVW,FEMALE,1,yes,No,70,Month-to-month,Electronic check,Fiber optic,90.85,6470,No,Low/Medium,25+ months
3181-VTHOE,MALE,0,yes,No,70,One year,Bank transfer (automatic),DSL,51.05,3635,No,Low/Medium,25+ months
3486-HOOGQ,FEMALE,0,yes,Yes,70,Two year,Bank transfer (automatic),DSL,79.70,5743,No,Low/Medium,25+ months
3487-EARAT,FEMALE,0,yes,Yes,70,One year,Credit card (automatic),DSL,74.10,5222,No,Low/Medium,25+ months
3396-DKDEL,FEMALE,0,yes,Yes,70,Two year,Credit card (automatic),Fiber optic,115.15,8250,No,Low/Medium,25+ months
3512-IZIKN,FEMALE,0,yes,No,70,Two year,Credit card (automatic),DSL,65.30,4759,Yes,Low/Medium,25+ months
3597-YASZG,FEMALE,1,yes,No,70,Two year,Bank transfer (automatic),Fiber optic,104.45,7349,No,Low/Medium,25+ months
3810-PJUHR,MALE,0,yes,Yes,70,Two year,Mailed check,No,25.35,1715,No,Low/Medium,25+ months
3795-CAWEX,MALE,0,yes,Yes,70,Two year,Credit card (automatic),Fiber optic,116.55,8152,No,Low/Medium,25+ months
3870-SPZSI,FEMALE,0,yes,Yes,70,Two year,Credit card (automatic),Fiber optic,113.05,7869,No,Low/Medium,25+ months
3957-HHLMR,FEMALE,0,yes,Yes,70,One year,Bank transfer (automatic),DSL,65.20,4543,No,Low/Medium,25+ months
4178-EGMON,MALE,0,yes,No,70,Two year,Credit card (automatic),Fiber optic,88.00,5986,No,Low/Medium,25+ months
4393-GEADV,MALE,0,yes,Yes,70,Two year,Credit card (automatic),Fiber optic,114.75,7842,No,Low/Medium,25+ months
4312-GVYNH,FEMALE,0,yes,No,70,Two year,Bank transfer (automatic),DSL,49.85,3370,No,Low/Medium,25+ months
4323-OHFOW,FEMALE,1,yes,No,70,One year,Bank transfer (automatic),Fiber optic,105.55,7195,No,Low/Medium,25+ months
4589-IUAJB,MALE,0,yes,No,70,Two year,Bank transfer (automatic),No,24.25,1724,No,Low/Medium,25+ months
4550-VBOFE,MALE,1,yes,No,70,Month-to-month,Electronic check,Fiber optic,102.95,7101,Yes,Low/Medium,25+ months
4654-ULTTN,MALE,0,yes,No,70,Two year,Credit card (automatic),DSL,74.80,5315,No,Low/Medium,25+ months
4806-DXQCE,FEMALE,1,yes,No,70,Two year,Electronic check,Fiber optic,113.65,7714,No,Low/Medium,25+ months
4686-GEFRM,MALE,0,yes,No,70,Two year,Bank transfer (automatic),Fiber optic,98.70,6858,No,Low/Medium,25+ months
4701-LKOZD,FEMALE,0,No,No,70,Two year,Credit card (automatic),DSL,89.75,6367,No,Low/Medium,25+ months
4853-RULSV,MALE,0,No,No,70,Two year,Credit card (automatic),Fiber optic,104.00,7250,Yes,Low/Medium,25+ months
4915-BFSXL,MALE,0,yes,Yes,70,Two year,Credit card (automatic),DSL,68.95,4858,No,Low/Medium,25+ months
4957-SREEC,MALE,0,yes,Yes,70,Two year,Credit card (automatic),No,20.35,1458,No,Low/Medium,25+ months
5208-FVQKB,MALE,0,yes,No,70,Two year,Mailed check,DSL,67.95,4664,No,Low/Medium,25+ months
5504-WSIUR,FEMALE,0,No,No,70,One year,Bank transfer (automatic),Fiber optic,90.25,6385,No,Low/Medium,25+ months
5453-YBTWV,MALE,0,yes,Yes,70,Two year,Credit card (automatic),Fiber optic,101.10,6994,No,Low/Medium,25+ months
5671-RQRLP,FEMALE,1,yes,No,70,Two year,Credit card (automatic),Fiber optic,75.65,5411,No,Low/Medium,25+ months
5740-YHGTW,MALE,0,yes,Yes,70,Month-to-month,Credit card (automatic),Fiber optic,97.55,6669,No,Low/Medium,25+ months
5804-HYIEZ,MALE,0,yes,Yes,70,Month-to-month,Electronic check,Fiber optic,106.05,7554,No,Low/Medium,25+ months
5816-JMLGY,FEMALE,0,yes,Yes,70,Two year,Bank transfer (automatic),DSL,80.40,5717,No,Low/Medium,25+ months
5854-KSRBJ,MALE,0,yes,Yes,70,Two year,Mailed check,No,25.40,1782,No,Low/Medium,25+ months
5915-ANOEI,MALE,0,yes,No,70,Two year,Mailed check,DSL,79.15,5536,No,Low/Medium,25+ months
5902-WBLSE,FEMALE,0,yes,Yes,70,Two year,Credit card (automatic),No,20.15,1411,No,Low/Medium,25+ months
6010-DDPPW,MALE,0,yes,No,70,Two year,Bank transfer (automatic),No,25.15,1940,No,Low/Medium,25+ months
6122-LJADA,MALE,0,yes,Yes,70,Two year,Credit card (automatic),DSL,90.15,6237,No,Low/Medium,25+ months
6050-IJRHS,FEMALE,0,yes,Yes,70,One year,Electronic check,Fiber optic,106.50,7397,No,Low/Medium,25+ months
6060-QBMGV,MALE,0,yes,No,70,Two year,Credit card (automatic),No,19.85,1433,No,Low/Medium,25+ months
6248-TKCQV,FEMALE,0,yes,Yes,70,Two year,Bank transfer (automatic),DSL,80.60,5460,No,Low/Medium,25+ months
6297-NOOPG,FEMALE,0,yes,No,70,Two year,Electronic check,Fiber optic,110.50,7752,No,Low/Medium,25+ months
6439-PKTRR,FEMALE,0,yes,Yes,70,Two year,Electronic check,DSL,80.70,5617,No,Low/Medium,25+ months
6586-MYGKD,MALE,0,yes,No,70,Two year,Credit card (automatic),DSL,76.95,5289,No,Low/Medium,25+ months
6732-VAILE,MALE,0,yes,Yes,70,Two year,Credit card (automatic),DSL,85.95,5931,No,Low/Medium,25+ months
6695-AMZUF,FEMALE,0,yes,No,70,Two year,Credit card (automatic),DSL,86.45,5950,No,Low/Medium,25+ months
6870-ZWMNX,MALE,0,yes,No,70,Two year,Credit card (automatic),DSL,76.10,5264,No,Low/Medium,25+ months
6797-LNAQX,MALE,0,yes,Yes,70,Two year,Bank transfer (automatic),Fiber optic,98.30,6859,Yes,Low/Medium,25+ months
6953-PBDIN,MALE,0,yes,No,70,Two year,Bank transfer (automatic),DSL,72.95,5265,No,Low/Medium,25+ months
6963-EZQEE,MALE,1,yes,No,70,Two year,Credit card (automatic),DSL,88.55,6306,No,Low/Medium,25+ months
6963-KQYQB,FEMALE,0,yes,Yes,70,Two year,Mailed check,No,24.05,1764,No,Low/Medium,25+ months
6994-FGRHH,MALE,0,yes,Yes,70,One year,Electronic check,Fiber optic,106.15,7475,No,Low/Medium,25+ months
7136-RVDTZ,MALE,1,No,No,70,One year,Electronic check,DSL,45.25,3264,Yes,Low/Medium,25+ months
7080-TNUWP,MALE,0,yes,No,70,One year,Bank transfer (automatic),Fiber optic,95.00,6602,No,Low/Medium,25+ months
7055-JCGNI,FEMALE,0,No,No,70,Two year,Credit card (automatic),Fiber optic,111.95,7795,No,Low/Medium,25+ months
7176-WRTNX,MALE,0,No,No,70,Two year,Bank transfer (automatic),Fiber optic,114.95,7711,No,Low/Medium,25+ months
7208-PSIHR,FEMALE,0,yes,No,70,Two year,Bank transfer (automatic),Fiber optic,104.30,7188,No,Low/Medium,25+ months
7560-QJAVJ,FEMALE,0,No,No,70,Two year,Bank transfer (automatic),DSL,79.60,5589,No,Low/Medium,25+ months
7639-OPLNG,MALE,0,yes,Yes,70,Two year,Bank transfer (automatic),DSL,79.25,5731,No,Low/Medium,25+ months
7706-YLMQA,FEMALE,0,No,No,70,One year,Bank transfer (automatic),No,19.70,1341,No,Low/Medium,25+ months
7781-EWARA,MALE,0,yes,Yes,70,One year,Electronic check,DSL,60.35,4138,No,Low/Medium,25+ months
7929-SKFGK,MALE,0,yes,No,70,Two year,Credit card (automatic),Fiber optic,114.30,8244,No,Low/Medium,25+ months
8071-SBTRN,FEMALE,0,No,No,70,Two year,Mailed check,Fiber optic,111.15,7737,No,Low/Medium,25+ months
8174-TBVCF,FEMALE,0,yes,No,70,Two year,Credit card (automatic),DSL,94.80,6859,No,Low/Medium,25+ months
8242-PDSGJ,MALE,0,yes,No,70,Two year,Credit card (automatic),DSL,39.15,2692,No,Low/Medium,25+ months
8207-VVMYB,FEMALE,0,yes,No,70,Two year,Bank transfer (automatic),No,26.00,2006,No,Low/Medium,25+ months
8205-VSLRB,MALE,0,yes,No,70,Two year,Credit card (automatic),DSL,77.30,5498,No,Low/Medium,25+ months
8469-SNFFH,MALE,0,yes,No,70,One year,Bank transfer (automatic),DSL,79.40,5528,No,Low/Medium,25+ months
8285-ABVLB,FEMALE,0,yes,No,70,Two year,Credit card (automatic),No,19.85,1328,No,Low/Medium,25+ months
8707-HOEDG,FEMALE,0,yes,Yes,70,Two year,Electronic check,Fiber optic,110.20,7689,No,Low/Medium,25+ months
8597-CTXVJ,MALE,0,No,Yes,70,One year,Bank transfer (automatic),DSL,64.95,4551,No,Low/Medium,25+ months
8590-YFFQO,MALE,0,yes,No,70,Two year,Credit card (automatic),DSL,64.95,4523,No,Low/Medium,25+ months
8750-QWZAJ,FEMALE,0,yes,Yes,70,Two year,Bank transfer (automatic),No,19.80,1378,No,Low/Medium,25+ months
8821-KVZKQ,FEMALE,0,yes,Yes,70,One year,Bank transfer (automatic),DSL,58.40,4113,No,Low/Medium,25+ months
8966-SNIZF,FEMALE,0,yes,No,70,Two year,Bank transfer (automatic),No,19.45,1303,No,Low/Medium,25+ months
9067-YGSCA,FEMALE,0,No,No,70,One year,Credit card (automatic),No,26.05,1856,No,Low/Medium,25+ months
9415-ZNBSX,FEMALE,0,yes,Yes,70,Two year,Bank transfer (automatic),DSL,89.00,6293,No,Low/Medium,25+ months
9402-CXWPL,FEMALE,0,No,No,70,One year,Electronic check,Fiber optic,98.90,6838,No,Low/Medium,25+ months
9477-LGWQI,MALE,0,yes,Yes,70,Two year,Credit card (automatic),DSL,80.15,5600,No,Low/Medium,25+ months
9489-DEDVP,FEMALE,0,yes,Yes,70,Two year,Credit card (automatic),DSL,69.20,4872,No,Low/Medium,25+ months
9481-WHGWY,FEMALE,0,yes,Yes,70,Two year,Credit card (automatic),DSL,75.35,5437,No,Low/Medium,25+ months
9530-GRMJG,MALE,0,yes,Yes,70,Two year,Electronic check,DSL,84.10,5979,No,Low/Medium,25+ months
9769-TSBZE,FEMALE,0,No,Yes,70,Two year,Electronic check,DSL,66.00,4891,No,Low/Medium,25+ months
9844-FELAJ,FEMALE,1,yes,Yes,70,One year,Electronic check,Fiber optic,107.90,7475,No,Low/Medium,25+ months
3148-AOIQT,FEMALE,0,yes,No,69,Two year,Credit card (automatic),No,24.95,1718,No,Low/Medium,25+ months
2984-RGEYA,FEMALE,0,yes,Yes,69,Two year,Bank transfer (automatic),No,19.75,1375,No,Low/Medium,25+ months
2988-QRAJY,MALE,0,No,No,69,Two year,Credit card (automatic),Fiber optic,110.05,7430,No,Low/Medium,25+ months
2954-PIBKO,FEMALE,0,yes,Yes,69,Two year,Credit card (automatic),DSL,64.15,4254,No,Low/Medium,25+ months
2882-WDTBA,MALE,0,yes,Yes,69,Two year,Bank transfer (automatic),DSL,75.75,5388,No,Low/Medium,25+ months
2885-HIJDH,MALE,0,yes,Yes,69,Two year,Bank transfer (automatic),DSL,86.90,6194,No,Low/Medium,25+ months
2253-KPMNB,FEMALE,0,yes,Yes,69,Two year,Bank transfer (automatic),DSL,46.25,3121,No,Low/Medium,25+ months
1891-FZYSA,MALE,1,yes,No,69,Month-to-month,Electronic check,Fiber optic,89.95,6143,Yes,Low/Medium,25+ months
0902-XKXPN,MALE,0,yes,Yes,69,Two year,Bank transfer (automatic),No,20.20,1376,No,Low/Medium,25+ months
0979-PHULV,MALE,0,yes,Yes,69,Month-to-month,Credit card (automatic),Fiber optic,99.45,7007,Yes,Low/Medium,25+ months
0971-QIFJK,FEMALE,0,yes,No,69,Two year,Bank transfer (automatic),No,24.25,1641,No,Low/Medium,25+ months
1122-YJBCS,MALE,0,yes,No,69,One year,Credit card (automatic),DSL,53.65,3804,No,Low/Medium,25+ months
1063-DHQJF,MALE,0,yes,Yes,69,Two year,Mailed check,Fiber optic,92.15,6480,No,Low/Medium,25+ months
1090-PYKCI,FEMALE,0,yes,Yes,69,One year,Credit card (automatic),Fiber optic,105.10,7234,No,Low/Medium,25+ months
1085-LDWAM,FEMALE,0,yes,Yes,69,One year,Credit card (automatic),No,20.35,1442,No,Low/Medium,25+ months
1170-SASML,FEMALE,0,yes,No,69,Month-to-month,Bank transfer (automatic),Fiber optic,85.40,5869,No,Low/Medium,25+ months
0727-BNRLG,MALE,0,No,No,69,Two year,Credit card (automatic),Fiber optic,97.65,6743,No,Low/Medium,25+ months
0565-IYCGT,MALE,0,No,No,69,One year,Credit card (automatic),DSL,78.60,5356,Yes,Low/Medium,25+ months
0567-XRHCU,FEMALE,0,yes,Yes,69,Two year,Credit card (automatic),DSL,43.95,2960,No,Low/Medium,25+ months
0383-CLDDA,FEMALE,0,No,No,69,Two year,Credit card (automatic),DSL,85.35,5897,No,Low/Medium,25+ months
0197-PNKNK,FEMALE,0,yes,Yes,69,One year,Bank transfer (automatic),Fiber optic,84.45,5848,No,Low/Medium,25+ months
0136-IFMYD,MALE,1,yes,No,69,Two year,Electronic check,Fiber optic,109.95,7634,No,Low/Medium,25+ months
0106-UGRDO,FEMALE,0,yes,No,69,Two year,Electronic check,Fiber optic,116.00,8182,No,Low/Medium,25+ months
0042-RLHYP,FEMALE,0,yes,Yes,69,Two year,Bank transfer (automatic),No,19.70,1396,No,Low/Medium,25+ months
6305-YLBMM,MALE,0,No,No,69,One year,Bank transfer (automatic),Fiber optic,104.05,7262,Yes,Low/Medium,25+ months
6244-BESBM,MALE,0,yes,Yes,69,Two year,Credit card (automatic),Fiber optic,95.20,6671,No,Low/Medium,25+ months
6265-SXWBU,MALE,0,yes,Yes,69,One year,Credit card (automatic),Fiber optic,95.75,6511,No,Low/Medium,25+ months
6345-FZOQH,MALE,0,yes,No,69,Two year,Mailed check,No,19.90,1363,No,Low/Medium,25+ months
6048-UWKAL,FEMALE,1,yes,No,69,Two year,Credit card (automatic),Fiber optic,105.40,6998,No,Low/Medium,25+ months
6050-FFXES,FEMALE,0,yes,No,69,Two year,Bank transfer (automatic),Fiber optic,105.35,7240,No,Low/Medium,25+ months
6227-FBDXH,MALE,0,yes,No,69,One year,Bank transfer (automatic),Fiber optic,99.50,6841,No,Low/Medium,25+ months
6023-GSSXW,FEMALE,0,yes,No,69,Two year,Credit card (automatic),DSL,61.45,4131,No,Low/Medium,25+ months
5930-GBIWP,MALE,0,No,No,69,Two year,Credit card (automatic),DSL,81.50,5553,No,Low/Medium,25+ months
5795-BKOYE,FEMALE,0,yes,Yes,69,One year,Bank transfer (automatic),DSL,59.10,4134,No,Low/Medium,25+ months
5736-YEJAX,MALE,0,No,Yes,69,Two year,Credit card (automatic),DSL,79.45,5502,No,Low/Medium,25+ months
5748-RNCJT,MALE,0,No,No,69,Two year,Bank transfer (automatic),Fiber optic,106.50,7348,Yes,Low/Medium,25+ months
5457-COLHT,MALE,0,yes,Yes,69,Two year,Bank transfer (automatic),DSL,80.65,5542,No,Low/Medium,25+ months
5440-FLBQG,MALE,1,yes,No,69,Two year,Bank transfer (automatic),Fiber optic,108.40,7318,Yes,Low/Medium,25+ months
5440-VHLUL,MALE,0,No,No,69,One year,Bank transfer (automatic),Fiber optic,105.20,7386,No,Low/Medium,25+ months
5502-RLUYV,FEMALE,0,yes,Yes,69,Month-to-month,Electronic check,Fiber optic,103.95,7446,Yes,Low/Medium,25+ months
5346-BZCHP,FEMALE,0,yes,Yes,69,Two year,Mailed check,No,19.40,1346,No,Low/Medium,25+ months
5375-XLDOF,MALE,0,yes,Yes,69,Two year,Bank transfer (automatic),Fiber optic,114.35,7665,No,Low/Medium,25+ months
5161-UBZXI,MALE,0,yes,Yes,69,Two year,Credit card (automatic),Fiber optic,106.35,7261,No,Low/Medium,25+ months
5115-SQAAU,FEMALE,0,yes,Yes,69,Two year,Bank transfer (automatic),No,25.60,1673,No,Low/Medium,25+ months
4656-CAURT,MALE,0,No,No,69,Two year,Bank transfer (automatic),No,23.95,1713,No,Low/Medium,25+ months
4627-MIHJH,FEMALE,1,No,No,69,Two year,Credit card (automatic),Fiber optic,110.25,7467,No,Low/Medium,25+ months
4302-ZYFEL,MALE,0,yes,Yes,69,One year,Credit card (automatic),No,20.55,1403,No,Low/Medium,25+ months
4419-UJMUS,MALE,0,yes,Yes,69,Two year,Electronic check,Fiber optic,99.35,6856,No,Low/Medium,25+ months
4476-OSWTN,MALE,1,yes,No,69,One year,Mailed check,Fiber optic,110.55,7610,No,Low/Medium,25+ months
4115-UMJFQ,MALE,0,No,No,69,One year,Bank transfer (automatic),DSL,35.75,2492,No,Low/Medium,25+ months
4195-PNGZS,MALE,0,yes,Yes,69,Two year,Bank transfer (automatic),No,24.45,1718,No,Low/Medium,25+ months
3865-ZYKAD,MALE,1,yes,No,69,Month-to-month,Credit card (automatic),Fiber optic,84.90,5785,No,Low/Medium,25+ months
3705-RHRFR,FEMALE,0,yes,No,69,Two year,Bank transfer (automatic),Fiber optic,99.15,6875,No,Low/Medium,25+ months
3655-SNQYZ,FEMALE,0,yes,Yes,69,Two year,Credit card (automatic),Fiber optic,113.25,7895,No,Low/Medium,25+ months
3308-DGHKL,MALE,0,No,No,69,Two year,Bank transfer (automatic),No,19.30,1447,No,Low/Medium,25+ months
9537-JALFH,MALE,0,yes,Yes,69,Two year,Bank transfer (automatic),No,19.90,1356,No,Low/Medium,25+ months
9500-WBGRP,MALE,0,No,No,69,Two year,Mailed check,No,19.10,1268,No,Low/Medium,25+ months
9397-TZSHA,FEMALE,0,No,No,69,Two year,Credit card (automatic),No,24.60,1678,No,Low/Medium,25+ months
9589-ABEPT,MALE,0,yes,No,69,Two year,Mailed check,Fiber optic,92.45,6460,No,Low/Medium,25+ months
9110-HSGTV,FEMALE,0,No,No,69,Two year,Credit card (automatic),DSL,82.45,5555,No,Low/Medium,25+ months
9066-QRSDU,FEMALE,0,yes,No,69,One year,Electronic check,No,26.30,1763,No,Low/Medium,25+ months
8905-IAZPF,FEMALE,0,yes,No,69,One year,Credit card (automatic),Fiber optic,95.65,6744,No,Low/Medium,25+ months
8990-YOZLV,FEMALE,0,No,No,69,Two year,Mailed check,DSL,66.90,4577,No,Low/Medium,25+ months
9135-MGVPY,MALE,0,yes,No,69,Two year,Mailed check,DSL,84.70,5878,No,Low/Medium,25+ months
9220-CXRSC,FEMALE,0,yes,Yes,69,Two year,Credit card (automatic),DSL,61.40,4059,No,Low/Medium,25+ months
9309-BZGNT,MALE,1,yes,No,69,One year,Credit card (automatic),DSL,29.80,2134,No,Low/Medium,25+ months
8882-TLVRW,MALE,0,yes,Yes,69,Two year,Mailed check,DSL,39.10,2779,No,Low/Medium,25+ months
8755-IWJHN,MALE,1,yes,No,69,Month-to-month,Bank transfer (automatic),Fiber optic,95.35,6382,No,Low/Medium,25+ months
8565-HBFNN,MALE,0,yes,No,69,One year,Credit card (automatic),Fiber optic,107.20,7317,No,Low/Medium,25+ months
8707-RMEZH,FEMALE,1,yes,No,69,One year,Credit card (automatic),Fiber optic,87.30,6055,No,Low/Medium,25+ months
8626-PTQGE,MALE,0,No,No,69,Two year,Bank transfer (automatic),DSL,60.05,4176,No,Low/Medium,25+ months
8634-CILSZ,MALE,0,No,No,69,One year,Bank transfer (automatic),Fiber optic,104.70,7220,Yes,Low/Medium,25+ months
8645-KOMJQ,MALE,0,yes,Yes,69,Two year,Bank transfer (automatic),DSL,81.95,5601,No,Low/Medium,25+ months
8413-YNHNV,MALE,0,No,No,69,Two year,Mailed check,DSL,90.65,6322,No,Low/Medium,25+ months
8213-TAZPM,FEMALE,0,yes,Yes,69,One year,Bank transfer (automatic),Fiber optic,108.75,7493,No,Low/Medium,25+ months
8232-UTFOZ,MALE,0,No,No,69,Two year,Credit card (automatic),No,19.95,1399,No,Low/Medium,25+ months
8169-SAEJD,MALE,1,yes,No,69,Two year,Credit card (automatic),DSL,56.55,3952,No,Low/Medium,25+ months
7876-DNYAP,FEMALE,0,yes,Yes,69,Two year,Credit card (automatic),No,19.80,1436,No,Low/Medium,25+ months
8039-EQPIM,MALE,0,yes,No,69,Two year,Bank transfer (automatic),DSL,60.25,4055,No,Low/Medium,25+ months
7710-JSYOA,FEMALE,0,yes,Yes,69,Two year,Bank transfer (automatic),Fiber optic,93.30,6398,No,Low/Medium,25+ months
7718-UPSKJ,FEMALE,0,yes,No,69,One year,Credit card (automatic),Fiber optic,106.40,7251,No,Low/Medium,25+ months
7673-BQGKU,FEMALE,0,yes,Yes,69,Two year,Bank transfer (automatic),No,20.15,1337,No,Low/Medium,25+ months
7515-LODFU,MALE,1,No,No,69,Two year,Credit card (automatic),No,20.30,1356,No,Low/Medium,25+ months
7519-JTWQH,FEMALE,0,No,No,69,Two year,Bank transfer (automatic),Fiber optic,110.50,7455,No,Low/Medium,25+ months
7524-VRLPL,MALE,1,No,No,69,Two year,Credit card (automatic),DSL,74.10,5031,No,Low/Medium,25+ months
7306-YDSOI,MALE,0,yes,Yes,69,Two year,Bank transfer (automatic),DSL,59.75,4069,No,Low/Medium,25+ months
7480-SPLEF,MALE,0,yes,Yes,69,Two year,Bank transfer (automatic),No,26.00,1796,No,Low/Medium,25+ months
7103-ZGVNT,FEMALE,0,yes,Yes,69,One year,Credit card (automatic),DSL,73.70,4885,No,Low/Medium,25+ months
6993-YGFJV,MALE,0,yes,No,69,Two year,Bank transfer (automatic),Fiber optic,112.55,7806,No,Low/Medium,25+ months
6980-IMXXE,FEMALE,0,yes,Yes,69,Two year,Bank transfer (automatic),No,20.20,1412,No,Low/Medium,25+ months
7036-TYDEC,FEMALE,0,No,No,69,Two year,Electronic check,Fiber optic,104.00,7028,No,Low/Medium,25+ months
6837-HAEVO,MALE,0,yes,Yes,69,Two year,Electronic check,Fiber optic,105.00,7297,No,Low/Medium,25+ months
6670-MFRPK,MALE,0,yes,Yes,69,Two year,Credit card (automatic),Fiber optic,79.20,5420,No,Low/Medium,25+ months
6522-OIQSX,FEMALE,0,yes,Yes,69,Two year,Credit card (automatic),DSL,54.95,3772,No,Low/Medium,25+ months
9955-QOPOY,MALE,0,yes,No,69,One year,Credit card (automatic),DSL,60.80,4263,No,Low/Medium,25+ months
0324-BRPCJ,FEMALE,1,yes,No,68,Month-to-month,Electronic check,Fiber optic,100.20,6851,Yes,Low/Medium,25+ months
0361-HJRDX,FEMALE,0,No,No,68,Two year,Credit card (automatic),DSL,64.35,4539,No,Low/Medium,25+ months
1209-VFFOC,MALE,0,yes,Yes,68,Two year,Mailed check,DSL,56.40,3948,No,Low/Medium,25+ months
1099-BTKWT,FEMALE,0,yes,No,68,One year,Electronic check,DSL,54.40,3723,No,Low/Medium,25+ months
1032-MAELW,FEMALE,0,yes,Yes,68,One year,Electronic check,DSL,78.45,5333,No,Low/Medium,25+ months
0993-OSGPT,FEMALE,1,yes,No,68,One year,Bank transfer (automatic),DSL,60.65,3975,No,Low/Medium,25+ months
0862-PRCBS,FEMALE,0,yes,Yes,68,Two year,Credit card (automatic),Fiber optic,103.75,7039,No,Low/Medium,25+ months
1642-HMARX,FEMALE,0,yes,No,68,Two year,Electronic check,DSL,91.70,6424,No,Low/Medium,25+ months
1625-JAIIY,FEMALE,0,yes,Yes,68,One year,Electronic check,Fiber optic,83.00,5685,Yes,Low/Medium,25+ months
1568-LJSZU,MALE,0,yes,Yes,68,Two year,Credit card (automatic),DSL,92.20,6392,No,Low/Medium,25+ months
1619-YWUBB,FEMALE,0,yes,No,68,Two year,Credit card (automatic),No,24.95,1614,No,Low/Medium,25+ months
1334-PDUKM,FEMALE,0,yes,No,68,One year,Credit card (automatic),Fiber optic,86.45,5762,No,Low/Medium,25+ months
1297-VQDRP,MALE,1,yes,Yes,68,One year,Credit card (automatic),Fiber optic,107.15,7379,No,Low/Medium,25+ months
1265-XTECC,FEMALE,1,yes,No,68,One year,Credit card (automatic),Fiber optic,96.55,6581,Yes,Low/Medium,25+ months
2007-QVGAW,FEMALE,0,yes,Yes,68,Two year,Bank transfer (automatic),No,19.35,1292,No,Low/Medium,25+ months
1930-QPBVZ,MALE,0,yes,Yes,68,Two year,Bank transfer (automatic),Fiber optic,95.10,6683,No,Low/Medium,25+ months
1936-UAFEH,FEMALE,0,No,No,68,Two year,Credit card (automatic),Fiber optic,110.25,7279,No,Low/Medium,25+ months
2072-ZVJJX,MALE,0,yes,No,68,Two year,Bank transfer (automatic),No,25.25,1728,No,Low/Medium,25+ months
2077-DDHJK,FEMALE,0,yes,No,68,Two year,Credit card (automatic),DSL,70.90,4911,No,Low/Medium,25+ months
2056-EVGZL,MALE,0,yes,Yes,68,One year,Credit card (automatic),Fiber optic,105.75,7322,No,Low/Medium,25+ months
2256-YLYLP,MALE,0,yes,Yes,68,Two year,Bank transfer (automatic),DSL,72.95,4953,No,Low/Medium,25+ months
2211-RMNHO,FEMALE,0,yes,Yes,68,Two year,Bank transfer (automatic),DSL,85.30,5560,No,Low/Medium,25+ months
2088-IEBAU,FEMALE,0,No,No,68,Two year,Electronic check,DSL,88.15,6148,No,Low/Medium,25+ months
2137-DQMEV,MALE,0,yes,Yes,68,One year,Mailed check,DSL,44.80,2983,No,Low/Medium,25+ months
2181-TIDSV,MALE,0,yes,Yes,68,Two year,Bank transfer (automatic),No,19.95,1303,No,Low/Medium,25+ months
2197-OMWGI,FEMALE,1,yes,Yes,68,Two year,Electronic check,DSL,53.00,3656,No,Low/Medium,25+ months
2200-DSAAL,FEMALE,0,No,No,68,Two year,Electronic check,DSL,80.65,5330,No,Low/Medium,25+ months
2378-YIZKA,FEMALE,0,yes,Yes,68,Two year,Credit card (automatic),DSL,85.00,5607,No,Low/Medium,25+ months
2868-LLSKM,FEMALE,0,yes,Yes,68,One year,Bank transfer (automatic),Fiber optic,83.65,5733,No,Low/Medium,25+ months
2696-RZVZW,MALE,0,yes,No,68,Two year,Credit card (automatic),No,25.05,1629,No,Low/Medium,25+ months
2632-IVXVF,FEMALE,0,yes,Yes,68,Two year,Credit card (automatic),Fiber optic,111.75,7511,No,Low/Medium,25+ months
2560-WBWXF,MALE,0,No,No,68,Two year,Bank transfer (automatic),No,24.15,1498,No,Low/Medium,25+ months
2898-MRKPI,MALE,0,yes,Yes,68,One year,Credit card (automatic),Fiber optic,101.05,6770,No,Low/Medium,25+ months
3067-SVMTC,FEMALE,0,yes,No,68,One year,Bank transfer (automatic),DSL,55.90,3848,No,Low/Medium,25+ months
3118-UHVVQ,FEMALE,0,yes,No,68,Two year,Credit card (automatic),No,25.80,1911,No,Low/Medium,25+ months
3192-NQECA,MALE,0,yes,No,68,Two year,Bank transfer (automatic),Fiber optic,110.00,7611,Yes,Low/Medium,25+ months
3274-NSDWE,FEMALE,0,No,No,68,Two year,Credit card (automatic),No,19.60,1441,No,Low/Medium,25+ months
3301-VKTGC,MALE,0,yes,Yes,68,One year,Bank transfer (automatic),Fiber optic,85.50,5696,No,Low/Medium,25+ months
3442-ZHHCC,MALE,0,No,No,68,One year,Credit card (automatic),DSL,76.90,5023,No,Low/Medium,25+ months
3454-JFUBC,MALE,1,No,No,68,Two year,Credit card (automatic),No,20.00,1396,No,Low/Medium,25+ months
3678-MNGZX,MALE,0,yes,Yes,68,Two year,Bank transfer (automatic),No,19.95,1377,No,Low/Medium,25+ months
3638-VBZTA,MALE,0,No,Yes,68,Two year,Bank transfer (automatic),DSL,86.50,5882,No,Low/Medium,25+ months
3500-NSDOA,MALE,0,yes,Yes,68,Two year,Credit card (automatic),DSL,70.80,4859,No,Low/Medium,25+ months
3533-UVMOM,MALE,0,yes,No,68,Two year,Bank transfer (automatic),DSL,70.95,4741,No,Low/Medium,25+ months
3563-SVYLG,MALE,0,yes,Yes,68,Two year,Credit card (automatic),DSL,62.65,4375,No,Low/Medium,25+ months
3696-DFHHB,FEMALE,0,No,No,68,Two year,Bank transfer (automatic),No,25.50,1821,No,Low/Medium,25+ months
3766-EJLFL,FEMALE,0,yes,Yes,68,Two year,Bank transfer (automatic),Fiber optic,109.05,7508,No,Low/Medium,25+ months
3908-MKIMJ,MALE,1,yes,No,68,Two year,Electronic check,DSL,41.95,2965,No,Low/Medium,25+ months
3893-JRNFS,MALE,0,No,No,68,Month-to-month,Bank transfer (automatic),DSL,39.90,2796,No,Low/Medium,25+ months
3889-VWBID,MALE,0,yes,Yes,68,Two year,Bank transfer (automatic),DSL,82.85,5776,No,Low/Medium,25+ months
4227-OJHAL,FEMALE,0,yes,Yes,68,One year,Credit card (automatic),DSL,73.00,5163,No,Low/Medium,25+ months
4282-MSACW,MALE,0,No,No,68,One year,Credit card (automatic),Fiber optic,117.20,8035,No,Low/Medium,25+ months
4250-ZBWLV,MALE,0,No,No,68,One year,Electronic check,Fiber optic,108.45,7176,Yes,Low/Medium,25+ months
4098-NAUKP,MALE,1,yes,Yes,68,Month-to-month,Electronic check,Fiber optic,84.65,5683,No,Low/Medium,25+ months
4304-TSPVK,FEMALE,0,yes,No,68,Two year,Bank transfer (automatic),Fiber optic,114.90,7843,No,Low/Medium,25+ months
4322-RCYMT,MALE,0,yes,Yes,68,One year,Bank transfer (automatic),DSL,75.80,5293,Yes,Low/Medium,25+ months
4378-MYPGO,MALE,0,yes,Yes,68,Two year,Bank transfer (automatic),Fiber optic,105.25,7173,No,Low/Medium,25+ months
5153-LXKDT,MALE,0,yes,Yes,68,Two year,Electronic check,Fiber optic,110.20,7467,No,Low/Medium,25+ months
5220-AGAAX,MALE,0,yes,Yes,68,Two year,Bank transfer (automatic),No,24.00,1664,No,Low/Medium,25+ months
4989-LIXVT,MALE,1,No,No,68,Month-to-month,Electronic check,Fiber optic,95.90,6503,No,Low/Medium,25+ months
5271-YNWVR,MALE,0,yes,Yes,68,Two year,Electronic check,Fiber optic,113.15,7856,Yes,Low/Medium,25+ months
5472-CVMDX,FEMALE,0,No,No,68,Two year,Mailed check,DSL,38.90,2719,No,Low/Medium,25+ months
5795-KTGUD,FEMALE,0,yes,No,68,Two year,Bank transfer (automatic),Fiber optic,110.80,7553,No,Low/Medium,25+ months
5680-LQOGP,FEMALE,0,No,No,68,Two year,Credit card (automatic),DSL,82.45,5646,No,Low/Medium,25+ months
5848-FHRFC,FEMALE,0,No,No,68,Two year,Bank transfer (automatic),No,20.05,1386,No,Low/Medium,25+ months
5989-AXPUC,FEMALE,0,yes,No,68,Two year,Mailed check,Fiber optic,118.60,7990,No,Low/Medium,25+ months
6152-ONASV,FEMALE,0,yes,No,68,One year,Bank transfer (automatic),DSL,58.25,3975,No,Low/Medium,25+ months
6094-ZIVKX,FEMALE,0,No,No,68,One year,Credit card (automatic),DSL,54.45,3674,No,Low/Medium,25+ months
6369-MCAKO,FEMALE,0,yes,Yes,68,Two year,Bank transfer (automatic),DSL,89.05,6185,No,Low/Medium,25+ months
6258-PVZWJ,MALE,0,yes,No,68,Two year,Credit card (automatic),DSL,90.80,6302,No,Low/Medium,25+ months
6445-TNRXS,MALE,0,yes,Yes,68,Two year,Bank transfer (automatic),Fiber optic,114.70,7849,No,Low/Medium,25+ months
6484-LATFU,MALE,0,No,No,68,Two year,Mailed check,No,24.55,1657,No,Low/Medium,25+ months
6500-JVEGC,MALE,0,No,No,68,One year,Bank transfer (automatic),Fiber optic,101.35,7110,No,Low/Medium,25+ months
6818-WOBHJ,FEMALE,1,yes,No,68,Month-to-month,Bank transfer (automatic),Fiber optic,89.60,6127,Yes,Low/Medium,25+ months
6999-CHVCF,MALE,0,No,No,68,Two year,Bank transfer (automatic),Fiber optic,102.10,7149,No,Low/Medium,25+ months
6952-OMNWB,MALE,1,yes,No,68,Month-to-month,Credit card (automatic),Fiber optic,80.35,5589,No,Low/Medium,25+ months
6869-FGJJC,MALE,0,No,No,68,One year,Credit card (automatic),Fiber optic,79.60,5461,No,Low/Medium,25+ months
7225-IILWY,MALE,0,yes,Yes,68,Two year,Mailed check,No,25.75,1686,No,Low/Medium,25+ months
7570-WELNY,FEMALE,0,yes,No,68,Two year,Bank transfer (automatic),Fiber optic,84.70,5711,No,Low/Medium,25+ months
7691-XVTZH,FEMALE,0,yes,No,68,Two year,Bank transfer (automatic),Fiber optic,89.95,5974,No,Low/Medium,25+ months
7695-PKLCZ,FEMALE,0,No,No,68,Two year,Credit card (automatic),No,20.50,1424,No,Low/Medium,25+ months
7821-DPRQE,MALE,0,yes,No,68,Month-to-month,Electronic check,Fiber optic,107.70,7320,No,Low/Medium,25+ months
8181-YHCMF,FEMALE,0,yes,Yes,68,Two year,Credit card (automatic),DSL,60.30,4109,No,Low/Medium,25+ months
8100-PNJMH,MALE,0,yes,Yes,68,Two year,Credit card (automatic),DSL,88.85,6132,No,Low/Medium,25+ months
8375-KVTHK,MALE,0,yes,No,68,One year,Electronic check,Fiber optic,100.30,6754,No,Low/Medium,25+ months
8395-ETZKQ,MALE,1,yes,Yes,68,One year,Bank transfer (automatic),No,19.50,1193,No,Low/Medium,25+ months
8690-ZVLCL,FEMALE,0,yes,Yes,68,Two year,Credit card (automatic),DSL,88.00,6161,No,Low/Medium,25+ months
8756-RDDLT,FEMALE,0,No,No,68,Month-to-month,Electronic check,DSL,44.95,3085,No,Low/Medium,25+ months
8883-ANODQ,FEMALE,0,yes,Yes,68,Two year,Credit card (automatic),Fiber optic,84.40,5746,No,Low/Medium,25+ months
8871-JLMHM,FEMALE,0,yes,No,68,Two year,Credit card (automatic),Fiber optic,90.20,6297,No,Low/Medium,25+ months
8819-WFGGJ,MALE,0,yes,No,68,Two year,Bank transfer (automatic),DSL,54.10,3794,No,Low/Medium,25+ months
9281-CEDRU,FEMALE,0,yes,No,68,Two year,Bank transfer (automatic),DSL,64.10,4326,No,Low/Medium,25+ months
9140-CZQZZ,FEMALE,0,yes,No,68,Two year,Bank transfer (automatic),DSL,79.60,5515,No,Low/Medium,25+ months
8932-CZHRQ,MALE,0,No,No,68,One year,Credit card (automatic),DSL,76.75,5233,No,Low/Medium,25+ months
9090-SGQXL,MALE,1,yes,No,68,Month-to-month,Electronic check,Fiber optic,105.30,7299,Yes,Low/Medium,25+ months
9625-QNLUX,MALE,0,yes,Yes,68,Two year,Credit card (automatic),Fiber optic,103.25,7074,No,Low/Medium,25+ months
9577-WJVCQ,FEMALE,0,No,No,68,Month-to-month,Mailed check,DSL,54.45,3687,No,Low/Medium,25+ months
9574-BOSMD,MALE,0,yes,Yes,68,Two year,Bank transfer (automatic),No,25.40,1620,No,Low/Medium,25+ months
9541-ZPSEA,MALE,0,yes,Yes,68,Two year,Credit card (automatic),Fiber optic,80.35,5375,No,Low/Medium,25+ months
9938-TKDGL,MALE,0,yes,Yes,68,Two year,Electronic check,Fiber optic,99.55,6668,No,Low/Medium,25+ months
3199-NPKCN,FEMALE,0,yes,No,67,One year,Electronic check,Fiber optic,111.25,7511,No,Low/Medium,25+ months
3200-MNQTF,MALE,0,yes,No,67,Two year,Credit card (automatic),DSL,70.90,4677,No,Low/Medium,25+ months
3092-IGHWF,MALE,0,yes,Yes,67,One year,Electronic check,Fiber optic,87.40,5918,Yes,Low/Medium,25+ months
2990-OGYTD,FEMALE,0,yes,No,67,Two year,Bank transfer (automatic),DSL,86.15,5883,No,Low/Medium,25+ months
3022-BEXHZ,MALE,0,yes,Yes,67,Two year,Bank transfer (automatic),Fiber optic,111.20,7530,No,Low/Medium,25+ months
2969-VAPYH,FEMALE,0,No,No,67,One year,Credit card (automatic),DSL,60.50,3870,No,Low/Medium,25+ months
2626-VEEWG,MALE,0,yes,Yes,67,Two year,Credit card (automatic),No,19.40,1284,No,Low/Medium,25+ months
2659-VXMWZ,MALE,0,yes,Yes,67,One year,Electronic check,Fiber optic,111.30,7482,Yes,Low/Medium,25+ months
2773-OVBPK,MALE,0,yes,No,67,Two year,Bank transfer (automatic),Fiber optic,111.30,7567,No,Low/Medium,25+ months
2323-ARSVR,MALE,0,yes,No,67,Two year,Electronic check,Fiber optic,111.05,7321,No,Low/Medium,25+ months
2451-YMUXS,MALE,1,No,No,67,Two year,Bank transfer (automatic),DSL,64.55,4250,No,Low/Medium,25+ months
2452-KDRRH,MALE,1,No,No,67,Month-to-month,Credit card (automatic),Fiber optic,101.40,6841,No,Low/Medium,25+ months
2143-LJULT,FEMALE,0,yes,No,67,Two year,Credit card (automatic),No,25.25,1733,No,Low/Medium,25+ months
1945-XISKS,FEMALE,0,yes,No,67,Two year,Mailed check,No,19.65,1335,No,Low/Medium,25+ months
1360-XFJMR,FEMALE,0,yes,No,67,One year,Credit card (automatic),Fiber optic,109.70,7344,No,Low/Medium,25+ months
1060-ENTOF,FEMALE,1,yes,No,67,One year,Credit card (automatic),Fiber optic,105.40,7035,No,Low/Medium,25+ months
1240-HCBOH,FEMALE,0,No,No,67,Two year,Mailed check,No,26.10,1759,No,Low/Medium,25+ months
1167-OYZJF,FEMALE,1,yes,No,67,Two year,Bank transfer (automatic),No,20.05,1263,No,Low/Medium,25+ months
1150-WFARN,FEMALE,0,yes,Yes,67,Two year,Credit card (automatic),Fiber optic,108.75,7156,Yes,Low/Medium,25+ months
0379-DJQHR,MALE,0,yes,Yes,67,Two year,Credit card (automatic),DSL,81.35,5398,No,Low/Medium,25+ months
0397-ZXWQF,MALE,0,No,No,67,Two year,Bank transfer (automatic),No,20.50,1430,No,Low/Medium,25+ months
0254-WWRKD,FEMALE,0,yes,Yes,67,One year,Credit card (automatic),DSL,50.55,3431,No,Low/Medium,25+ months
0266-CLZKZ,FEMALE,0,yes,Yes,67,Two year,Bank transfer (automatic),Fiber optic,105.65,6717,No,Low/Medium,25+ months
0248-PGHBZ,FEMALE,1,No,No,67,Two year,Bank transfer (automatic),Fiber optic,92.45,6140,No,Low/Medium,25+ months
0052-YNYOT,FEMALE,0,No,No,67,One year,Electronic check,No,20.55,1343,No,Low/Medium,25+ months
0436-TWFFZ,FEMALE,0,No,No,67,Two year,Mailed check,DSL,85.25,5714,No,Low/Medium,25+ months
0795-GMVQO,MALE,0,yes,No,67,One year,Credit card (automatic),Fiber optic,109.90,7332,No,Low/Medium,25+ months
0639-TSIQW,FEMALE,0,No,No,67,Month-to-month,Credit card (automatic),Fiber optic,102.95,6886,Yes,Low/Medium,25+ months
6465-GSRCL,FEMALE,0,No,Yes,67,One year,Bank transfer (automatic),Fiber optic,106.60,7244,No,Low/Medium,25+ months
6481-OGDOO,MALE,0,yes,No,67,One year,Credit card (automatic),Fiber optic,90.60,6056,Yes,Low/Medium,25+ months
6332-FBZRI,MALE,0,yes,Yes,67,One year,Credit card (automatic),DSL,69.35,4653,No,Low/Medium,25+ months
6352-GIGGQ,MALE,0,No,No,67,One year,Bank transfer (automatic),DSL,88.80,5903,No,Low/Medium,25+ months
6173-GOLSU,MALE,1,yes,No,67,Month-to-month,Credit card (automatic),Fiber optic,94.65,6079,No,Low/Medium,25+ months
5996-EBTKM,FEMALE,0,yes,Yes,67,Two year,Bank transfer (automatic),DSL,69.90,4615,No,Low/Medium,25+ months
5897-ZYEKH,FEMALE,1,yes,No,67,One year,Electronic check,Fiber optic,105.60,7112,No,Low/Medium,25+ months
5696-CEIQJ,MALE,0,yes,Yes,67,Two year,Bank transfer (automatic),Fiber optic,103.15,6895,No,Low/Medium,25+ months
5481-NTDOH,FEMALE,1,yes,No,67,One year,Credit card (automatic),Fiber optic,107.05,7142,No,Low/Medium,25+ months
5397-NSKQG,MALE,0,yes,Yes,67,Two year,Credit card (automatic),DSL,50.90,3281,No,Low/Medium,25+ months
5010-IPEAQ,FEMALE,0,yes,Yes,67,Two year,Credit card (automatic),DSL,54.20,3623,No,Low/Medium,25+ months
5055-BRMNE,FEMALE,0,yes,Yes,67,Two year,Credit card (automatic),Fiber optic,106.70,7009,No,Low/Medium,25+ months
5196-WPYOW,MALE,0,yes,Yes,67,One year,Mailed check,DSL,60.05,3994,No,Low/Medium,25+ months
5174-ITUMV,MALE,0,yes,Yes,67,One year,Electronic check,Fiber optic,105.40,6989,No,Low/Medium,25+ months
5146-YYFRZ,MALE,0,No,No,67,Two year,Bank transfer (automatic),No,19.95,1311,No,Low/Medium,25+ months
5067-WJEUN,MALE,0,yes,Yes,67,Two year,Bank transfer (automatic),DSL,54.20,3838,No,Low/Medium,25+ months
4355-HBJHH,MALE,0,yes,Yes,67,Two year,Electronic check,DSL,79.70,5293,Yes,Low/Medium,25+ months
4102-HLENU,FEMALE,0,yes,No,67,Two year,Mailed check,DSL,65.65,4322,No,Low/Medium,25+ months
4111-BNXIF,FEMALE,0,yes,Yes,67,Two year,Electronic check,DSL,59.55,4103,No,Low/Medium,25+ months
4129-LYCOI,FEMALE,0,No,Yes,67,Two year,Electronic check,Fiber optic,104.00,7039,No,Low/Medium,25+ months
4176-RELJR,MALE,1,No,No,67,Two year,Credit card (automatic),No,25.10,1672,No,Low/Medium,25+ months
4199-QHJNM,MALE,1,yes,No,67,Two year,Bank transfer (automatic),Fiber optic,102.90,6989,No,Low/Medium,25+ months
4702-HDRKD,MALE,0,No,No,67,One year,Bank transfer (automatic),DSL,49.35,3321,No,Low/Medium,25+ months
4753-PADAS,FEMALE,0,yes,No,67,One year,Bank transfer (automatic),Fiber optic,105.70,6816,No,Low/Medium,25+ months
4833-QTJNO,MALE,1,yes,No,67,Month-to-month,Bank transfer (automatic),Fiber optic,83.85,5588,No,Low/Medium,25+ months
3896-RCYYE,FEMALE,0,No,No,67,Month-to-month,Credit card (automatic),DSL,53.40,3579,No,Low/Medium,25+ months
3884-UEBXB,FEMALE,0,yes,Yes,67,Two year,Bank transfer (automatic),DSL,36.15,2434,No,Low/Medium,25+ months
3873-WOSBC,MALE,0,yes,No,67,Two year,Credit card (automatic),No,25.60,1784,No,Low/Medium,25+ months
3967-VQOGC,FEMALE,0,yes,Yes,67,Two year,Mailed check,No,24.90,1680,No,Low/Medium,25+ months
3768-VHXQO,MALE,0,yes,No,67,Two year,Credit card (automatic),No,24.85,1583,No,Low/Medium,25+ months
3813-DHBBB,MALE,0,yes,No,67,Two year,Bank transfer (automatic),DSL,50.95,3521,No,Low/Medium,25+ months
3740-RLMVT,MALE,1,yes,No,67,One year,Bank transfer (automatic),DSL,60.95,4119,No,Low/Medium,25+ months
3470-OBUET,FEMALE,0,yes,Yes,67,Two year,Credit card (automatic),DSL,74.00,4868,No,Low/Medium,25+ months
3392-EHMNK,FEMALE,0,yes,Yes,67,Two year,Credit card (automatic),Fiber optic,94.10,6302,No,Low/Medium,25+ months
3351-NQLDI,FEMALE,0,yes,Yes,67,One year,Credit card (automatic),Fiber optic,94.35,6341,Yes,Low/Medium,25+ months
9402-ROUMJ,FEMALE,0,yes,Yes,67,One year,Bank transfer (automatic),Fiber optic,100.25,6689,No,Low/Medium,25+ months
9359-UGBTK,FEMALE,0,No,No,67,One year,Bank transfer (automatic),DSL,72.35,4991,No,Low/Medium,25+ months
9610-WCESF,MALE,0,No,No,67,Two year,Electronic check,DSL,43.90,3097,No,Low/Medium,25+ months
9742-XOKTS,MALE,0,yes,Yes,67,One year,Electronic check,Fiber optic,89.55,6038,No,Low/Medium,25+ months
9053-JZFKV,MALE,0,No,No,67,Two year,Credit card (automatic),Fiber optic,116.20,7752,Yes,Low/Medium,25+ months
9251-WNSOD,FEMALE,0,yes,No,67,One year,Mailed check,DSL,75.10,5064,No,Low/Medium,25+ months
9350-VLHMB,MALE,0,yes,Yes,67,Month-to-month,Bank transfer (automatic),Fiber optic,89.55,6373,No,Low/Medium,25+ months
8849-PRIQJ,FEMALE,0,yes,Yes,67,One year,Electronic check,Fiber optic,109.40,7281,No,Low/Medium,25+ months
8587-XYZSF,MALE,0,No,No,67,Two year,Bank transfer (automatic),DSL,50.55,3260,No,Low/Medium,25+ months
8561-NMTBD,FEMALE,0,yes,Yes,67,One year,Credit card (automatic),Fiber optic,112.35,7388,No,Low/Medium,25+ months
8402-EIVQS,MALE,0,yes,No,67,One year,Credit card (automatic),Fiber optic,100.90,6733,No,Low/Medium,25+ months
8466-PZBLH,MALE,0,yes,Yes,67,Two year,Bank transfer (automatic),Fiber optic,104.60,6885,No,Low/Medium,25+ months
8441-SHIPE,FEMALE,0,No,No,67,Two year,Bank transfer (automatic),No,25.60,1790,No,Low/Medium,25+ months
8311-UEUAB,FEMALE,0,yes,Yes,67,Two year,Electronic check,DSL,75.50,5229,No,Low/Medium,25+ months
8069-RHUXK,FEMALE,0,yes,Yes,67,Two year,Credit card (automatic),DSL,35.70,2545,No,Low/Medium,25+ months
8199-ZLLSA,MALE,0,No,No,67,One year,Bank transfer (automatic),Fiber optic,118.35,7804,Yes,Low/Medium,25+ months
7694-VLBWQ,MALE,0,yes,No,67,One year,Electronic check,Fiber optic,104.10,7040,Yes,Low/Medium,25+ months
7872-RDDLZ,FEMALE,1,No,No,67,Month-to-month,Electronic check,DSL,54.90,3725,No,Low/Medium,25+ months
7923-IYJWY,MALE,1,No,No,67,Two year,Credit card (automatic),Fiber optic,116.10,7839,No,Low/Medium,25+ months
7964-ZRKKG,MALE,0,yes,No,67,One year,Bank transfer (automatic),Fiber optic,88.40,5798,No,Low/Medium,25+ months
7558-IMLMT,MALE,0,yes,Yes,67,Two year,Mailed check,No,20.80,1411,No,Low/Medium,25+ months
7197-VOJMM,MALE,0,yes,No,67,Two year,Credit card (automatic),DSL,69.20,4671,No,Low/Medium,25+ months
7159-NOKYQ,MALE,0,yes,No,67,Two year,Electronic check,Fiber optic,93.15,6368,No,Low/Medium,25+ months
7167-PCEYD,MALE,0,No,No,67,Two year,Mailed check,No,19.80,1311,No,Low/Medium,25+ months
6980-CDGFC,FEMALE,0,yes,No,67,One year,Bank transfer (automatic),No,20.85,1327,No,Low/Medium,25+ months
6857-TKDJV,MALE,0,yes,Yes,67,Two year,Bank transfer (automatic),No,24.65,1620,No,Low/Medium,25+ months
6695-FRVEC,MALE,0,yes,Yes,67,Two year,Bank transfer (automatic),DSL,60.40,3953,No,Low/Medium,25+ months
6734-FQAJX,MALE,1,No,No,67,Two year,Electronic check,Fiber optic,105.05,7171,No,Low/Medium,25+ months
6729-FZWSY,MALE,0,No,No,67,One year,Mailed check,No,19.45,1195,No,Low/Medium,25+ months
6736-DHUQI,FEMALE,0,yes,Yes,67,One year,Bank transfer (automatic),Fiber optic,84.80,5598,No,Low/Medium,25+ months
6651-RLGGM,MALE,0,yes,Yes,67,Two year,Mailed check,No,26.30,1688,No,Low/Medium,25+ months
6625-IUTTT,MALE,0,No,No,67,Two year,Bank transfer (automatic),DSL,65.55,4361,No,Low/Medium,25+ months
9943-VSZUV,MALE,1,No,No,67,Month-to-month,Mailed check,Fiber optic,75.70,5060,No,Low/Medium,25+ months
9972-EWRJS,FEMALE,0,yes,Yes,67,Two year,Bank transfer (automatic),No,19.25,1372,No,Low/Medium,25+ months
9993-LHIEB,MALE,0,yes,Yes,67,Two year,Mailed check,DSL,67.85,4627,No,Low/Medium,25+ months
0786-IVLAW,FEMALE,1,No,No,66,One year,Bank transfer (automatic),Fiber optic,108.10,7238,No,Low/Medium,25+ months
0771-CHWSK,MALE,0,No,No,66,Two year,Credit card (automatic),DSL,74.60,4798,No,Low/Medium,25+ months
0420-TXVSG,MALE,0,yes,No,66,Two year,Credit card (automatic),DSL,66.10,4428,No,Low/Medium,25+ months
0455-ENTCR,MALE,0,yes,No,66,Two year,Electronic check,DSL,85.25,5538,No,Low/Medium,25+ months
0531-XBKMM,MALE,0,No,Yes,66,Two year,Bank transfer (automatic),DSL,65.70,4378,No,Low/Medium,25+ months
0052-DCKON,MALE,0,yes,No,66,One year,Bank transfer (automatic),Fiber optic,115.80,7942,No,Low/Medium,25+ months
0130-SXOUN,MALE,0,No,No,66,Month-to-month,Credit card (automatic),Fiber optic,89.40,5976,No,Low/Medium,25+ months
0201-MIBOL,FEMALE,1,No,No,66,Two year,Bank transfer (automatic),Fiber optic,102.40,6471,No,Low/Medium,25+ months
0230-WEQUW,MALE,0,yes,No,66,Two year,Bank transfer (automatic),DSL,56.60,3789,No,Low/Medium,25+ months
0277-ORXQS,MALE,0,yes,Yes,66,Two year,Bank transfer (automatic),DSL,50.55,3364,No,Low/Medium,25+ months
1096-ADRUX,FEMALE,0,yes,Yes,66,One year,Bank transfer (automatic),Fiber optic,74.25,4859,No,Low/Medium,25+ months
0839-JTCUD,FEMALE,0,yes,Yes,66,Two year,Credit card (automatic),DSL,89.90,5958,No,Low/Medium,25+ months
1013-QCWAM,FEMALE,1,yes,No,66,Month-to-month,Electronic check,Fiber optic,100.80,6690,No,Low/Medium,25+ months
1442-OKRJE,MALE,0,yes,Yes,66,One year,Bank transfer (automatic),Fiber optic,103.15,7031,No,Low/Medium,25+ months
1302-TPUBN,MALE,0,No,No,66,Two year,Bank transfer (automatic),No,19.35,1240,No,Low/Medium,25+ months
1587-FKLZB,MALE,1,yes,Yes,66,Month-to-month,Credit card (automatic),Fiber optic,99.50,6822,Yes,Low/Medium,25+ months
1469-LBJQJ,FEMALE,0,yes,No,66,Month-to-month,Electronic check,Fiber optic,105.20,6936,No,Low/Medium,25+ months
1525-LNLOJ,MALE,0,yes,Yes,66,Two year,Bank transfer (automatic),DSL,63.30,4189,No,Low/Medium,25+ months
2003-CKLOR,MALE,0,No,No,66,Month-to-month,Electronic check,Fiber optic,99.50,6710,Yes,Low/Medium,25+ months
1767-CJKBA,MALE,0,No,No,66,Two year,Mailed check,No,25.10,1697,No,Low/Medium,25+ months
1764-VUUMT,MALE,0,No,Yes,66,Two year,Credit card (automatic),No,19.95,1269,No,Low/Medium,25+ months
2430-RRYUW,MALE,0,No,No,66,One year,Mailed check,DSL,54.80,3465,No,Low/Medium,25+ months
2804-ETQDK,MALE,0,No,Yes,66,Two year,Mailed check,No,20.55,1357,No,Low/Medium,25+ months
2632-UCGVD,MALE,1,yes,No,66,Month-to-month,Credit card (automatic),Fiber optic,100.05,6871,Yes,Low/Medium,25+ months
2977-CEBSX,FEMALE,0,No,No,66,Two year,Credit card (automatic),DSL,90.05,5965,No,Low/Medium,25+ months
3086-RUCRN,FEMALE,0,No,No,66,Month-to-month,Bank transfer (automatic),Fiber optic,103.10,6595,No,Low/Medium,25+ months
3186-AJIEK,MALE,0,No,No,66,Two year,Bank transfer (automatic),Fiber optic,105.65,6844,No,Low/Medium,25+ months
3224-DFQNQ,FEMALE,0,yes,No,66,One year,Electronic check,Fiber optic,89.00,5898,No,Low/Medium,25+ months
3569-VLDHH,MALE,0,yes,Yes,66,One year,Electronic check,DSL,75.10,5013,No,Low/Medium,25+ months
3617-XLSGQ,FEMALE,0,yes,Yes,66,Two year,Bank transfer (automatic),Fiber optic,109.25,7082,No,Low/Medium,25+ months
3727-OVPRY,MALE,0,yes,Yes,66,One year,Credit card (automatic),No,25.70,1714,No,Low/Medium,25+ months
3745-HRPHI,MALE,0,yes,Yes,66,Two year,Bank transfer (automatic),DSL,54.65,3632,No,Low/Medium,25+ months
3763-GCZHZ,MALE,0,yes,No,66,One year,Electronic check,Fiber optic,104.05,6890,Yes,Low/Medium,25+ months
3838-OZURD,MALE,0,yes,No,66,Month-to-month,Credit card (automatic),Fiber optic,105.00,7133,Yes,Low/Medium,25+ months
3948-KXDUF,MALE,0,No,No,66,Two year,Bank transfer (automatic),DSL,68.75,4447,No,Low/Medium,25+ months
4827-LTQRJ,FEMALE,1,yes,Yes,66,One year,Credit card (automatic),Fiber optic,110.60,7210,No,Low/Medium,25+ months
4274-DRSQT,FEMALE,0,No,No,66,One year,Bank transfer (automatic),Fiber optic,88.90,6000,No,Low/Medium,25+ months
5067-XJQFU,MALE,1,yes,Yes,66,One year,Electronic check,Fiber optic,108.45,7076,No,Low/Medium,25+ months
5176-OLSKT,FEMALE,0,yes,No,66,Two year,Bank transfer (automatic),DSL,66.90,4370,No,Low/Medium,25+ months
4999-IEZLT,MALE,0,No,No,66,One year,Credit card (automatic),DSL,29.45,1983,No,Low/Medium,25+ months
4868-AADLV,MALE,1,yes,Yes,66,One year,Electronic check,Fiber optic,116.25,7862,No,Low/Medium,25+ months
5386-THSLQ,FEMALE,1,yes,No,66,One year,Bank transfer (automatic),DSL,45.55,3027,No,Low/Medium,25+ months
5387-ASZNZ,FEMALE,1,No,No,66,One year,Credit card (automatic),DSL,63.85,4174,No,Low/Medium,25+ months
5321-NTRKC,MALE,0,yes,Yes,66,Two year,Bank transfer (automatic),DSL,79.85,5234,No,Low/Medium,25+ months
5317-FLPJF,FEMALE,0,No,No,66,Two year,Bank transfer (automatic),DSL,61.35,4193,No,Low/Medium,25+ months
5498-IBWPI,FEMALE,0,yes,Yes,66,One year,Credit card (automatic),DSL,49.40,3251,No,Low/Medium,25+ months
5485-ITNPC,MALE,0,yes,No,66,Two year,Bank transfer (automatic),DSL,85.90,5595,No,Low/Medium,25+ months
5553-AOINX,FEMALE,1,yes,Yes,66,One year,Electronic check,Fiber optic,104.90,6891,No,Low/Medium,25+ months
5730-DBDSI,MALE,0,No,No,66,Two year,Bank transfer (automatic),No,19.70,1253,No,Low/Medium,25+ months
5993-JSUWV,FEMALE,0,No,No,66,Two year,Bank transfer (automatic),DSL,61.15,4017,No,Low/Medium,25+ months
6097-EQISJ,FEMALE,0,yes,Yes,66,One year,Credit card (automatic),Fiber optic,102.45,6615,Yes,Low/Medium,25+ months
6408-OTUBZ,FEMALE,0,No,No,66,One year,Bank transfer (automatic),Fiber optic,104.55,6779,No,Low/Medium,25+ months
6242-FEGFD,MALE,0,yes,No,66,Two year,Mailed check,Fiber optic,96.60,6424,No,Low/Medium,25+ months
6425-YQLLO,FEMALE,1,yes,No,66,One year,Credit card (automatic),Fiber optic,105.95,6975,Yes,Low/Medium,25+ months
6723-WSNTY,FEMALE,1,yes,No,66,One year,Credit card (automatic),Fiber optic,108.10,7181,No,Low/Medium,25+ months
6797-UCJHZ,FEMALE,1,yes,No,66,One year,Credit card (automatic),Fiber optic,104.60,6819,No,Low/Medium,25+ months
7008-LZVOZ,MALE,0,yes,Yes,66,Two year,Credit card (automatic),No,25.30,1672,No,Low/Medium,25+ months
7233-PAHHL,MALE,0,yes,Yes,66,Two year,Mailed check,DSL,84.00,5714,No,Low/Medium,25+ months
7073-QETQY,MALE,0,yes,Yes,66,One year,Electronic check,No,20.35,1359,No,Low/Medium,25+ months
7134-MJPDY,FEMALE,1,No,No,66,One year,Credit card (automatic),Fiber optic,102.85,6976,No,Low/Medium,25+ months
7113-HIPFI,MALE,0,yes,Yes,66,Two year,Mailed check,DSL,65.85,4097,No,Low/Medium,25+ months
7520-HQWJU,FEMALE,0,yes,Yes,66,Month-to-month,Bank transfer (automatic),DSL,67.45,4508,No,Low/Medium,25+ months
7632-MNYOY,MALE,1,No,No,66,One year,Credit card (automatic),Fiber optic,110.90,7432,Yes,Low/Medium,25+ months
8016-ZMGMO,FEMALE,1,yes,No,66,One year,Bank transfer (automatic),DSL,70.85,4738,No,Low/Medium,25+ months
8042-RNLKO,MALE,0,No,No,66,One year,Bank transfer (automatic),No,25.45,1699,No,Low/Medium,25+ months
7996-MHXLW,FEMALE,0,No,No,66,Two year,Credit card (automatic),No,25.15,1683,No,Low/Medium,25+ months
7973-DZRKH,FEMALE,0,No,Yes,66,Two year,Credit card (automatic),Fiber optic,90.95,5930,No,Low/Medium,25+ months
7975-JMZNT,MALE,0,yes,No,66,Two year,Bank transfer (automatic),DSL,91.70,6075,No,Low/Medium,25+ months
7729-XBTWX,MALE,0,yes,Yes,66,Two year,Mailed check,No,19.75,1344,No,Low/Medium,25+ months
7762-URZQH,MALE,0,yes,No,66,Two year,Credit card (automatic),Fiber optic,106.05,6981,Yes,Low/Medium,25+ months
8166-ZZTFS,FEMALE,1,yes,No,66,Two year,Bank transfer (automatic),DSL,80.55,5265,Yes,Low/Medium,25+ months
8165-CBKXO,MALE,0,yes,Yes,66,Two year,Credit card (automatic),DSL,56.75,3708,No,Low/Medium,25+ months
8232-CTLKO,FEMALE,0,yes,Yes,66,Two year,Electronic check,DSL,59.75,3996,No,Low/Medium,25+ months
8444-WRIDW,FEMALE,1,No,No,66,Month-to-month,Credit card (automatic),Fiber optic,80.45,5224,Yes,Low/Medium,25+ months
8414-OOEEL,MALE,0,No,Yes,66,Two year,Credit card (automatic),DSL,79.50,5196,No,Low/Medium,25+ months
8404-VIOMB,FEMALE,0,No,No,66,Two year,Bank transfer (automatic),DSL,62.50,4136,No,Low/Medium,25+ months
8548-AWOFC,MALE,0,yes,No,66,Month-to-month,Electronic check,DSL,63.85,4264,No,Low/Medium,25+ months
8646-JCOMS,FEMALE,0,yes,No,66,One year,Bank transfer (automatic),Fiber optic,90.55,6130,No,Low/Medium,25+ months
8631-NBHFZ,MALE,1,yes,Yes,66,Two year,Credit card (automatic),DSL,79.40,5154,Yes,Low/Medium,25+ months
8780-YRMTT,FEMALE,0,No,No,66,Two year,Mailed check,DSL,47.40,3177,No,Low/Medium,25+ months
9337-SRRNI,MALE,0,No,Yes,66,Two year,Credit card (automatic),No,25.30,1673,No,Low/Medium,25+ months
9644-KVCNC,FEMALE,0,No,No,66,One year,Bank transfer (automatic),Fiber optic,92.15,6056,No,Low/Medium,25+ months
9659-ZTWSM,MALE,1,yes,No,66,One year,Bank transfer (automatic),Fiber optic,107.35,7051,No,Low/Medium,25+ months
9494-BDNNC,MALE,0,yes,No,66,One year,Electronic check,Fiber optic,95.30,6273,No,Low/Medium,25+ months
9795-SHUHB,FEMALE,0,yes,Yes,66,Two year,Credit card (automatic),DSL,58.20,3810,No,Low/Medium,25+ months
9896-UYMIE,MALE,0,No,No,66,One year,Bank transfer (automatic),Fiber optic,114.30,7383,No,Low/Medium,25+ months
9800-OUIGR,MALE,0,yes,Yes,66,Two year,Credit card (automatic),No,20.00,1374,No,Low/Medium,25+ months
9821-BESNZ,MALE,0,No,No,66,One year,Electronic check,Fiber optic,104.25,6860,No,Low/Medium,25+ months
9835-ZIITK,MALE,1,yes,No,66,One year,Electronic check,Fiber optic,110.85,7491,Yes,Low/Medium,25+ months
3227-WLKLI,FEMALE,0,yes,Yes,65,Two year,Bank transfer (automatic),DSL,91.55,5963,No,Low/Medium,25+ months
3197-NNYNB,MALE,0,No,No,65,Two year,Credit card (automatic),Fiber optic,105.10,6631,No,Low/Medium,25+ months
3096-YXENJ,FEMALE,0,yes,No,65,Two year,Bank transfer (automatic),Fiber optic,107.65,7082,No,Low/Medium,25+ months
2649-HWLYB,MALE,0,yes,No,65,Two year,Bank transfer (automatic),DSL,76.15,4929,No,Low/Medium,25+ months
2662-NNTDK,MALE,0,No,No,65,One year,Credit card (automatic),No,24.80,1600,No,Low/Medium,25+ months
2692-AQCPF,FEMALE,0,yes,No,65,One year,Credit card (automatic),Fiber optic,108.05,7118,No,Low/Medium,25+ months
2560-PPCHE,FEMALE,0,No,No,65,One year,Bank transfer (automatic),Fiber optic,105.05,6744,No,Low/Medium,25+ months
2580-ATZSQ,FEMALE,0,yes,Yes,65,One year,Bank transfer (automatic),DSL,61.35,3874,No,Low/Medium,25+ months
2799-TSLAG,FEMALE,0,yes,Yes,65,Two year,Bank transfer (automatic),No,25.30,1748,No,Low/Medium,25+ months
2753-JMMCV,MALE,0,No,No,65,Two year,Credit card (automatic),DSL,74.20,4805,No,Low/Medium,25+ months
2307-FYNNL,MALE,1,No,No,65,Two year,Electronic check,Fiber optic,109.05,7108,No,Low/Medium,25+ months
2296-DKZFP,FEMALE,0,yes,No,65,Two year,Bank transfer (automatic),DSL,71.00,4386,No,Low/Medium,25+ months
2378-VTKDH,MALE,1,yes,No,65,Month-to-month,Electronic check,Fiber optic,104.35,6578,No,Low/Medium,25+ months
2360-RDGRO,MALE,0,yes,No,65,Month-to-month,Electronic check,Fiber optic,104.25,6812,No,Low/Medium,25+ months
1830-GGFNM,MALE,0,yes,Yes,65,Two year,Credit card (automatic),Fiber optic,94.55,6078,No,Low/Medium,25+ months
1972-XMUWV,FEMALE,0,yes,No,65,Two year,Credit card (automatic),DSL,59.80,3808,No,Low/Medium,25+ months
2050-ONYDQ,FEMALE,0,yes,Yes,65,Two year,Credit card (automatic),No,26.00,1654,No,Low/Medium,25+ months
2040-LDIWQ,MALE,0,yes,Yes,65,Two year,Bank transfer (automatic),DSL,84.20,5324,No,Low/Medium,25+ months
2097-YVPKN,MALE,0,No,No,65,Two year,Mailed check,No,25.75,1654,No,Low/Medium,25+ months
0960-HUWBM,MALE,0,yes,Yes,65,Two year,Bank transfer (automatic),Fiber optic,104.10,6700,No,Low/Medium,25+ months
1163-VIPRI,FEMALE,0,yes,Yes,65,Two year,Electronic check,Fiber optic,109.30,7337,No,Low/Medium,25+ months
0374-FIUCA,MALE,0,yes,No,65,Two year,Credit card (automatic),No,20.40,1414,No,Low/Medium,25+ months
0016-QLJIS,FEMALE,0,yes,Yes,65,Two year,Mailed check,DSL,90.45,5957,No,Low/Medium,25+ months
0623-EJQEG,MALE,0,No,No,65,One year,Electronic check,Fiber optic,93.55,6069,No,Low/Medium,25+ months
0485-ZBSLN,MALE,0,yes,Yes,65,Two year,Credit card (automatic),No,24.75,1715,No,Low/Medium,25+ months
0687-ZVTHB,MALE,0,yes,Yes,65,One year,Credit card (automatic),DSL,72.45,4653,Yes,Low/Medium,25+ months
6435-VWCCY,MALE,1,yes,No,65,Two year,Credit card (automatic),Fiber optic,92.70,5968,No,Low/Medium,25+ months
6266-QHOJZ,FEMALE,0,No,No,65,One year,Electronic check,Fiber optic,89.85,5844,No,Low/Medium,25+ months
6333-YDVLT,MALE,0,No,No,65,One year,Credit card (automatic),Fiber optic,110.00,7138,No,Low/Medium,25+ months
6067-NGCEU,FEMALE,0,No,No,65,Month-to-month,Credit card (automatic),Fiber optic,111.05,7107,No,Low/Medium,25+ months
6196-HBOBZ,MALE,0,yes,No,65,Two year,Electronic check,Fiber optic,99.35,6347,No,Low/Medium,25+ months
5982-XMDEX,FEMALE,0,No,No,65,Two year,Bank transfer (automatic),No,26.50,1698,No,Low/Medium,25+ months
5716-EZXZN,FEMALE,0,yes,Yes,65,Two year,Credit card (automatic),Fiber optic,99.05,6416,No,Low/Medium,25+ months
5666-MBJPT,MALE,0,No,No,65,Two year,Bank transfer (automatic),No,25.10,1725,No,Low/Medium,25+ months
5458-CQJTA,MALE,0,yes,Yes,65,Two year,Bank transfer (automatic),DSL,74.80,4820,Yes,Low/Medium,25+ months
5397-TUPSH,MALE,1,yes,No,65,One year,Bank transfer (automatic),Fiber optic,70.95,4555,No,Low/Medium,25+ months
5336-UFNZP,FEMALE,1,yes,Yes,65,One year,Electronic check,Fiber optic,107.45,7047,No,Low/Medium,25+ months
5055-MGMGF,FEMALE,0,yes,No,65,Month-to-month,Electronic check,Fiber optic,105.05,6914,No,Low/Medium,25+ months
4293-ETKAP,FEMALE,0,yes,Yes,65,Two year,Bank transfer (automatic),DSL,79.40,5071,No,Low/Medium,25+ months
4837-QUSFT,FEMALE,0,yes,No,65,One year,Bank transfer (automatic),Fiber optic,100.15,6643,No,Low/Medium,25+ months
4832-VRBMR,MALE,1,yes,No,65,One year,Bank transfer (automatic),Fiber optic,103.15,6792,No,Low/Medium,25+ months
4616-ULAOA,FEMALE,0,yes,Yes,65,Two year,Credit card (automatic),Fiber optic,110.80,7245,No,Low/Medium,25+ months
3982-DQLUS,MALE,1,yes,Yes,65,Month-to-month,Electronic check,Fiber optic,85.75,5688,No,Low/Medium,25+ months
3761-FLYZI,FEMALE,1,yes,No,65,Month-to-month,Bank transfer (automatic),Fiber optic,108.80,7082,No,Low/Medium,25+ months
3756-VNWDH,MALE,1,yes,No,65,One year,Electronic check,Fiber optic,100.75,6674,No,Low/Medium,25+ months
3729-OWRVL,MALE,1,No,No,65,Two year,Electronic check,Fiber optic,110.35,7246,No,Low/Medium,25+ months
3571-RFHAR,MALE,0,No,No,65,Month-to-month,Electronic check,Fiber optic,109.15,6941,Yes,Low/Medium,25+ months
3419-SNJJD,FEMALE,1,yes,No,65,Month-to-month,Bank transfer (automatic),Fiber optic,105.25,6786,Yes,Low/Medium,25+ months
9776-OJUZI,FEMALE,1,No,No,65,Month-to-month,Bank transfer (automatic),Fiber optic,95.45,6223,No,Low/Medium,25+ months
9359-JANWS,FEMALE,0,yes,No,65,Two year,Credit card (automatic),DSL,58.90,3857,No,Low/Medium,25+ months
9614-RMGHA,MALE,0,yes,No,65,Month-to-month,Bank transfer (automatic),Fiber optic,91.85,5940,Yes,Low/Medium,25+ months
9565-FLVCG,MALE,0,yes,Yes,65,Two year,Mailed check,DSL,69.55,4459,No,Low/Medium,25+ months
9253-VIFJQ,MALE,0,yes,No,65,One year,Credit card (automatic),DSL,67.05,4309,No,Low/Medium,25+ months
9227-YBAXE,FEMALE,0,yes,Yes,65,Two year,Bank transfer (automatic),DSL,82.50,5215,No,Low/Medium,25+ months
9052-VKDUW,FEMALE,1,yes,No,65,Month-to-month,Credit card (automatic),Fiber optic,109.40,7227,No,Low/Medium,25+ months
9058-HRZSV,FEMALE,1,yes,No,65,Month-to-month,Electronic check,Fiber optic,94.40,6126,No,Low/Medium,25+ months
8777-MBMTS,FEMALE,1,yes,No,65,Two year,Credit card (automatic),Fiber optic,105.85,6725,No,Low/Medium,25+ months
8747-UDCOI,FEMALE,0,yes,No,65,Two year,Bank transfer (automatic),No,19.35,1319,No,Low/Medium,25+ months
8498-XXGWA,FEMALE,0,yes,No,65,Month-to-month,Mailed check,DSL,55.15,3673,No,Low/Medium,25+ months
8433-WPJTV,FEMALE,1,yes,Yes,65,One year,Bank transfer (automatic),Fiber optic,103.90,6767,No,Low/Medium,25+ months
8316-BBQAY,FEMALE,0,No,No,65,Two year,Credit card (automatic),DSL,59.95,3921,No,Low/Medium,25+ months
8065-BVEPF,MALE,1,No,No,65,Month-to-month,Bank transfer (automatic),Fiber optic,99.10,6496,No,Low/Medium,25+ months
8079-XRJRS,MALE,0,yes,No,65,One year,Electronic check,Fiber optic,89.75,5769,Yes,Low/Medium,25+ months
7969-FFOWG,MALE,0,yes,Yes,65,Two year,Mailed check,No,19.90,1292,No,Low/Medium,25+ months
7941-RCJOW,MALE,0,No,No,65,Two year,Credit card (automatic),No,19.55,1218,No,Low/Medium,25+ months
7596-ZYWBB,FEMALE,0,No,No,65,Two year,Mailed check,DSL,59.60,3739,No,Low/Medium,25+ months
7067-KSAZT,FEMALE,1,yes,No,65,One year,Electronic check,Fiber optic,106.25,6979,Yes,Low/Medium,25+ months
7207-RMRDB,FEMALE,0,yes,Yes,65,Month-to-month,Electronic check,Fiber optic,105.50,6985,Yes,Low/Medium,25+ months
7188-CBBBA,FEMALE,0,No,No,65,One year,Electronic check,Fiber optic,95.50,6153,No,Low/Medium,25+ months
6990-YNRIO,MALE,0,yes,Yes,65,Two year,Bank transfer (automatic),Fiber optic,108.65,6937,Yes,Low/Medium,25+ months
6908-VVYHM,MALE,0,yes,No,65,Month-to-month,Electronic check,Fiber optic,90.65,5931,No,Low/Medium,25+ months
6916-HIJSE,FEMALE,0,No,No,65,Two year,Bank transfer (automatic),DSL,84.85,5459,No,Low/Medium,25+ months
6723-CEGQI,FEMALE,0,No,Yes,65,Two year,Mailed check,DSL,45.25,2933,No,Low/Medium,25+ months
6734-JDTTV,MALE,0,yes,Yes,65,Two year,Credit card (automatic),No,19.85,1267,No,Low/Medium,25+ months
6616-AALSR,FEMALE,0,yes,Yes,65,Two year,Credit card (automatic),Fiber optic,104.30,6725,No,Low/Medium,25+ months
9906-NHHVC,FEMALE,1,No,No,65,Two year,Bank transfer (automatic),DSL,53.50,3517,No,Low/Medium,25+ months
0744-GKNGE,FEMALE,0,yes,Yes,64,Month-to-month,Bank transfer (automatic),Fiber optic,86.80,5327,No,Low/Medium,25+ months
0617-AQNWT,FEMALE,0,yes,No,64,Two year,Electronic check,DSL,47.85,3147,Yes,Low/Medium,25+ months
0595-ITUDF,MALE,0,yes,Yes,64,Month-to-month,Electronic check,Fiber optic,91.80,5960,No,Low/Medium,25+ months
0083-PIVIK,MALE,0,No,No,64,One year,Electronic check,DSL,81.25,5567,No,Low/Medium,25+ months
1229-RCALF,FEMALE,0,yes,No,64,One year,Electronic check,Fiber optic,115.00,7396,No,Low/Medium,25+ months
1135-HIORI,FEMALE,0,yes,Yes,64,One year,Electronic check,Fiber optic,111.45,7266,No,Low/Medium,25+ months
1080-BWSYE,MALE,1,yes,No,64,Two year,Credit card (automatic),No,25.65,1740,No,Low/Medium,25+ months
0864-FVJNJ,FEMALE,0,yes,Yes,64,One year,Electronic check,Fiber optic,113.35,7222,No,Low/Medium,25+ months
0868-VJRDR,MALE,0,yes,No,64,Two year,Credit card (automatic),Fiber optic,104.05,6605,No,Low/Medium,25+ months
1468-DEFNC,MALE,1,yes,Yes,64,Two year,Bank transfer (automatic),No,24.40,1548,No,Low/Medium,25+ months
1265-ZFOSD,FEMALE,0,yes,No,64,Two year,Mailed check,DSL,81.30,5129,No,Low/Medium,25+ months
1347-KTTTA,MALE,0,yes,No,64,One year,Credit card (automatic),Fiber optic,102.45,6654,No,Low/Medium,25+ months
2067-QYTCF,FEMALE,0,yes,No,64,Month-to-month,Electronic check,Fiber optic,111.15,6953,No,Low/Medium,25+ months
1813-JLKWR,FEMALE,0,yes,Yes,64,One year,Bank transfer (automatic),No,19.80,1336,No,Low/Medium,25+ months
1891-QRQSA,MALE,1,yes,Yes,64,Two year,Bank transfer (automatic),Fiber optic,111.60,7099,No,Low/Medium,25+ months
1897-OKVMW,FEMALE,0,yes,Yes,64,Two year,Mailed check,DSL,90.60,5817,No,Low/Medium,25+ months
1852-QSWCD,MALE,0,yes,Yes,64,Two year,Mailed check,No,24.80,1514,No,Low/Medium,25+ months
1728-CXQBE,MALE,1,yes,No,64,Month-to-month,Electronic check,Fiber optic,94.25,6081,No,Low/Medium,25+ months
2324-EFHVG,MALE,0,No,No,64,Two year,Bank transfer (automatic),Fiber optic,104.40,6692,No,Low/Medium,25+ months
2434-EEVDB,FEMALE,0,yes,No,64,Two year,Credit card (automatic),Fiber optic,94.60,5948,No,Low/Medium,25+ months
2250-IVBWA,MALE,0,yes,Yes,64,Month-to-month,Electronic check,Fiber optic,81.05,5135,No,Low/Medium,25+ months
2722-VOJQL,MALE,0,No,No,64,One year,Credit card (automatic),Fiber optic,105.65,6903,Yes,Low/Medium,25+ months
2789-CZANW,FEMALE,0,yes,Yes,64,Two year,Bank transfer (automatic),Fiber optic,110.30,6997,No,Low/Medium,25+ months
2845-KDHVX,FEMALE,0,yes,No,64,Two year,Mailed check,DSL,68.30,4378,No,Low/Medium,25+ months
2636-SJDOU,MALE,0,No,No,64,One year,Credit card (automatic),Fiber optic,84.30,5289,No,Low/Medium,25+ months
2612-PHGOX,MALE,0,yes,No,64,Two year,Bank transfer (automatic),DSL,76.10,4818,No,Low/Medium,25+ months
2616-FLVQC,MALE,0,No,No,64,Two year,Mailed check,No,19.55,1240,No,Low/Medium,25+ months
3027-YNWZU,FEMALE,0,yes,No,64,Two year,Credit card (automatic),No,25.00,1584,No,Low/Medium,25+ months
3327-YBAKM,FEMALE,0,yes,No,64,One year,Mailed check,Fiber optic,96.90,6314,No,Low/Medium,25+ months
3566-CAAYU,FEMALE,0,yes,Yes,64,Two year,Electronic check,DSL,49.85,3210,No,Low/Medium,25+ months
3612-YUNGG,MALE,0,yes,Yes,64,Two year,Credit card (automatic),Fiber optic,109.20,6741,No,Low/Medium,25+ months
3774-VBNXY,FEMALE,0,yes,Yes,64,Two year,Mailed check,No,20.20,1277,No,Low/Medium,25+ months
4049-ZPALD,FEMALE,0,yes,No,64,Two year,Bank transfer (automatic),Fiber optic,99.00,6375,No,Low/Medium,25+ months
3913-RDSJZ,FEMALE,0,yes,No,64,Two year,Mailed check,No,25.55,1714,No,Low/Medium,25+ months
4654-DLAMQ,FEMALE,1,yes,No,64,One year,Bank transfer (automatic),Fiber optic,97.00,6430,No,Low/Medium,25+ months
4423-JWZJN,MALE,0,yes,Yes,64,One year,Credit card (automatic),Fiber optic,90.25,5629,No,Low/Medium,25+ months
4942-VZZOM,MALE,0,yes,No,64,One year,Credit card (automatic),DSL,66.15,4392,No,Low/Medium,25+ months
5223-UZAVK,MALE,0,No,No,64,One year,Credit card (automatic),Fiber optic,100.30,6603,No,Low/Medium,25+ months
5074-FBGHB,MALE,0,No,No,64,One year,Credit card (automatic),Fiber optic,104.65,6889,No,Low/Medium,25+ months
5148-ORICT,FEMALE,0,yes,No,64,Two year,Mailed check,DSL,74.35,4759,No,Low/Medium,25+ months
5312-IRCFR,FEMALE,0,yes,Yes,64,One year,Electronic check,Fiber optic,92.85,5980,No,Low/Medium,25+ months
5256-SKJGO,FEMALE,0,yes,Yes,64,Two year,Electronic check,DSL,54.60,3423,No,Low/Medium,25+ months
5966-EMAZU,MALE,0,yes,No,64,One year,Mailed check,Fiber optic,108.50,6880,No,Low/Medium,25+ months
5921-NGYRH,MALE,0,yes,No,64,Month-to-month,Mailed check,Fiber optic,73.55,4764,No,Low/Medium,25+ months
6211-WHMYA,FEMALE,1,No,No,64,Month-to-month,Electronic check,DSL,43.85,2751,No,Low/Medium,25+ months
6139-ZZRBQ,MALE,1,No,No,64,Two year,Bank transfer (automatic),No,20.05,1198,No,Low/Medium,25+ months
6096-EGVTU,FEMALE,0,yes,Yes,64,One year,Mailed check,No,24.90,1595,No,Low/Medium,25+ months
6872-HXFNF,FEMALE,0,yes,No,64,One year,Bank transfer (automatic),DSL,58.35,3756,No,Low/Medium,25+ months
6848-HJTXY,FEMALE,0,yes,No,64,Two year,Credit card (automatic),No,19.45,1208,No,Low/Medium,25+ months
7503-EPSZW,FEMALE,0,yes,Yes,64,Two year,Mailed check,No,24.05,1559,No,Low/Medium,25+ months
7508-DQAKK,FEMALE,0,No,No,64,Two year,Credit card (automatic),DSL,86.40,5442,No,Low/Medium,25+ months
7426-GSWPO,MALE,1,No,No,64,Month-to-month,Bank transfer (automatic),Fiber optic,103.50,6548,No,Low/Medium,25+ months
7359-SSBJK,FEMALE,1,No,No,64,Two year,Credit card (automatic),DSL,70.20,4481,Yes,Low/Medium,25+ months
7940-UQQUG,FEMALE,0,yes,Yes,64,One year,Bank transfer (automatic),Fiber optic,104.40,6721,No,Low/Medium,25+ months
7690-KPNCU,MALE,0,yes,Yes,64,One year,Credit card (automatic),DSL,73.05,4688,No,Low/Medium,25+ months
8060-HIWJJ,MALE,0,No,No,64,Two year,Credit card (automatic),DSL,86.55,5632,No,Low/Medium,25+ months
8226-BXGES,MALE,0,yes,No,64,One year,Bank transfer (automatic),Fiber optic,89.45,5692,No,Low/Medium,25+ months
8347-GDTMP,FEMALE,0,yes,No,64,Two year,Credit card (automatic),No,19.45,1225,No,Low/Medium,25+ months
8348-JLBUG,MALE,1,yes,No,64,One year,Credit card (automatic),Fiber optic,80.30,5017,No,Low/Medium,25+ months
8259-DZLIZ,FEMALE,0,yes,Yes,64,One year,Bank transfer (automatic),DSL,53.85,3399,No,Low/Medium,25+ months
8495-LJDFO,FEMALE,1,No,No,64,Month-to-month,Bank transfer (automatic),Fiber optic,108.95,7111,No,Low/Medium,25+ months
8592-PLTMQ,FEMALE,0,No,No,64,One year,Mailed check,No,24.70,1642,No,Low/Medium,25+ months
8659-HDIYE,FEMALE,1,No,No,64,Month-to-month,Credit card (automatic),DSL,74.65,4869,No,Low/Medium,25+ months
8869-LIHMK,FEMALE,0,No,No,64,Two year,Bank transfer (automatic),Fiber optic,115.10,7334,No,Low/Medium,25+ months
9055-MOJJJ,FEMALE,0,yes,Yes,64,One year,Mailed check,DSL,65.80,4068,No,Low/Medium,25+ months
9091-WTUUY,MALE,0,yes,Yes,64,Two year,Mailed check,DSL,69.25,4447,No,Low/Medium,25+ months
9076-AXYIK,MALE,1,yes,No,64,Two year,Electronic check,Fiber optic,102.10,6538,No,Low/Medium,25+ months
8984-EYLLL,MALE,0,yes,No,64,Two year,Electronic check,Fiber optic,105.25,6823,No,Low/Medium,25+ months
8979-CAMGB,MALE,1,No,No,64,One year,Electronic check,Fiber optic,102.10,6688,No,Low/Medium,25+ months
9289-LBQVU,MALE,0,yes,No,64,One year,Mailed check,DSL,70.15,4480,No,Low/Medium,25+ months
9135-HSWOC,MALE,0,yes,Yes,64,Two year,Bank transfer (automatic),No,19.70,1274,No,Low/Medium,25+ months
9570-KYEUA,MALE,0,No,No,64,Two year,Credit card (automatic),Fiber optic,99.25,6549,No,Low/Medium,25+ months
9586-JGQKH,FEMALE,0,yes,No,64,Two year,Bank transfer (automatic),Fiber optic,105.40,6794,No,Low/Medium,25+ months
9361-YNQWJ,FEMALE,0,No,No,64,One year,Bank transfer (automatic),No,24.40,1601,No,Low/Medium,25+ months
9405-GPBBG,FEMALE,0,No,No,64,Two year,Credit card (automatic),Fiber optic,110.50,7069,No,Low/Medium,25+ months
9518-RWHZL,FEMALE,0,No,No,64,One year,Credit card (automatic),Fiber optic,100.05,6254,Yes,Low/Medium,25+ months
9777-IQHWP,MALE,0,yes,Yes,64,Two year,Bank transfer (automatic),Fiber optic,93.40,5822,No,Low/Medium,25+ months
9795-NREXC,FEMALE,0,yes,No,64,Two year,Credit card (automatic),DSL,85.00,5484,No,Low/Medium,25+ months
9974-JFBHQ,MALE,0,No,Yes,64,Month-to-month,Credit card (automatic),Fiber optic,99.15,6171,No,Low/Medium,25+ months
9888-ZCUMM,MALE,0,yes,Yes,64,Two year,Bank transfer (automatic),DSL,60.05,3845,No,Low/Medium,25+ months
3055-VTCGS,FEMALE,0,No,No,63,One year,Credit card (automatic),DSL,58.55,3503,No,Low/Medium,25+ months
3134-DSHVC,FEMALE,0,No,No,63,Two year,Credit card (automatic),Fiber optic,98.00,6218,No,Low/Medium,25+ months
2886-KEFUM,FEMALE,0,yes,No,63,One year,Electronic check,Fiber optic,107.50,6873,Yes,Low/Medium,25+ months
2796-UUZZO,MALE,0,yes,Yes,63,Month-to-month,Credit card (automatic),Fiber optic,80.30,4896,No,Low/Medium,25+ months
2748-MYRVK,FEMALE,0,No,No,63,One year,Bank transfer (automatic),Fiber optic,99.90,6137,Yes,Low/Medium,25+ months
2162-FRZAA,MALE,0,yes,Yes,63,Two year,Bank transfer (automatic),DSL,39.35,2395,No,Low/Medium,25+ months
1705-GUHPV,FEMALE,0,No,No,63,Two year,Mailed check,No,24.20,1618,No,Low/Medium,25+ months
2055-BFOCC,MALE,1,yes,No,63,One year,Bank transfer (automatic),DSL,84.00,5329,No,Low/Medium,25+ months
2027-WKXMW,FEMALE,0,yes,No,63,Month-to-month,Electronic check,Fiber optic,108.75,6871,No,Low/Medium,25+ months
2019-HDCZY,MALE,0,yes,No,63,Two year,Electronic check,Fiber optic,102.60,6296,No,Low/Medium,25+ months
1343-EHPYB,MALE,0,yes,No,63,Month-to-month,Electronic check,Fiber optic,103.40,6603,Yes,Low/Medium,25+ months
1656-DRSMG,FEMALE,0,No,No,63,Month-to-month,Credit card (automatic),Fiber optic,109.85,7002,No,Low/Medium,25+ months
0929-PECLO,FEMALE,1,No,No,63,Month-to-month,Bank transfer (automatic),Fiber optic,89.60,5538,No,Low/Medium,25+ months
1035-IPQPU,FEMALE,1,yes,No,63,Month-to-month,Electronic check,Fiber optic,103.50,6479,No,Low/Medium,25+ months
1088-CNNKB,MALE,0,yes,No,63,One year,Credit card (automatic),DSL,80.00,5040,No,Low/Medium,25+ months
1110-KYLGQ,FEMALE,0,No,No,63,Month-to-month,Credit card (automatic),Fiber optic,108.25,6780,No,Low/Medium,25+ months
1187-WILMM,MALE,0,yes,Yes,63,Two year,Credit card (automatic),DSL,89.40,5597,No,Low/Medium,25+ months
0014-BMAQU,MALE,0,yes,No,63,Two year,Credit card (automatic),Fiber optic,84.65,5377,No,Low/Medium,25+ months
0230-UBYPQ,MALE,1,yes,No,63,One year,Bank transfer (automatic),DSL,36.10,2298,No,Low/Medium,25+ months
0281-CNTZX,MALE,0,yes,No,63,Two year,Bank transfer (automatic),No,19.95,1234,No,Low/Medium,25+ months
0621-HJWXJ,FEMALE,0,yes,No,63,Month-to-month,Bank transfer (automatic),Fiber optic,81.55,5029,No,Low/Medium,25+ months
0565-JUPYD,MALE,0,No,No,63,One year,Credit card (automatic),Fiber optic,104.50,6590,No,Low/Medium,25+ months
0459-SPZHJ,MALE,0,yes,Yes,63,Two year,Credit card (automatic),DSL,83.50,5435,No,Low/Medium,25+ months
0674-GCDXG,MALE,0,No,No,63,Two year,Bank transfer (automatic),DSL,71.90,4479,No,Low/Medium,25+ months
6121-TNHBO,FEMALE,1,No,No,63,One year,Bank transfer (automatic),DSL,83.00,5243,No,Low/Medium,25+ months
6211-WWLTF,MALE,0,yes,No,63,Two year,Credit card (automatic),Fiber optic,99.70,6330,No,Low/Medium,25+ months
5799-JRCZO,FEMALE,0,No,Yes,63,Two year,Credit card (automatic),No,19.50,1215,No,Low/Medium,25+ months
5297-MDOIR,FEMALE,0,yes,No,63,One year,Credit card (automatic),Fiber optic,81.15,5224,No,Low/Medium,25+ months
5574-NXZIU,MALE,0,No,No,63,Two year,Credit card (automatic),Fiber optic,109.20,7049,No,Low/Medium,25+ months
5135-RDDQL,FEMALE,0,yes,Yes,63,Two year,Bank transfer (automatic),DSL,50.65,3221,No,Low/Medium,25+ months
5125-CNDSP,MALE,0,No,Yes,63,One year,Bank transfer (automatic),DSL,40.60,2588,No,Low/Medium,25+ months
5193-QLVZB,MALE,0,No,No,63,Two year,Bank transfer (automatic),Fiber optic,104.75,6536,No,Low/Medium,25+ months
4890-VMUAV,MALE,0,No,No,63,One year,Electronic check,DSL,71.50,4576,No,Low/Medium,25+ months
4191-XOVOM,MALE,0,No,No,63,Month-to-month,Electronic check,Fiber optic,105.40,6713,No,Low/Medium,25+ months
4184-VODJZ,MALE,0,yes,Yes,63,One year,Electronic check,Fiber optic,91.35,5764,No,Low/Medium,25+ months
4159-NAAIX,FEMALE,0,No,No,63,Two year,Bank transfer (automatic),Fiber optic,97.45,6253,No,Low/Medium,25+ months
4671-VJLCL,FEMALE,0,No,No,63,Two year,Credit card (automatic),DSL,79.85,4861,No,Low/Medium,25+ months
4778-IZARL,MALE,0,yes,No,63,Two year,Credit card (automatic),Fiber optic,110.10,6705,No,Low/Medium,25+ months
4737-HOBAX,MALE,0,yes,No,63,Two year,Credit card (automatic),DSL,79.80,5034,No,Low/Medium,25+ months
3902-MIVLE,MALE,0,yes,Yes,63,Two year,Mailed check,DSL,75.70,4676,No,Low/Medium,25+ months
4006-HKYHO,MALE,0,No,No,63,Two year,Bank transfer (automatic),DSL,86.70,5309,No,Low/Medium,25+ months
3795-GWTRD,FEMALE,0,yes,Yes,63,Two year,Credit card (automatic),DSL,75.55,4707,No,Low/Medium,25+ months
3796-ENZGF,MALE,0,yes,No,63,Two year,Mailed check,DSL,67.25,4234,No,Low/Medium,25+ months
3552-CTCYF,MALE,0,yes,Yes,63,Two year,Bank transfer (automatic),Fiber optic,104.80,6597,No,Low/Medium,25+ months
3498-LZGQZ,MALE,0,yes,Yes,63,Two year,Mailed check,No,19.15,1177,No,Low/Medium,25+ months
9786-YWNHU,FEMALE,0,yes,Yes,63,Two year,Mailed check,DSL,63.55,4014,No,Low/Medium,25+ months
9488-FYQAU,FEMALE,0,yes,No,63,Two year,Bank transfer (automatic),Fiber optic,109.25,6841,No,Low/Medium,25+ months
9625-RZFUK,MALE,0,yes,Yes,63,Two year,Mailed check,No,19.70,1275,No,Low/Medium,25+ months
9639-BUJXT,MALE,0,No,No,63,One year,Mailed check,No,20.50,1328,No,Low/Medium,25+ months
9199-PWQVC,FEMALE,0,yes,No,63,One year,Credit card (automatic),DSL,79.70,4786,No,Low/Medium,25+ months
8946-BFWSG,MALE,0,yes,Yes,63,Two year,Mailed check,No,25.25,1573,No,Low/Medium,25+ months
8838-GPHZP,FEMALE,0,No,No,63,Two year,Mailed check,No,20.60,1298,No,Low/Medium,25+ months
8857-CUPFQ,MALE,0,yes,No,63,Two year,Mailed check,No,19.25,1237,No,Low/Medium,25+ months
8780-IHCRN,MALE,0,yes,Yes,63,Two year,Credit card (automatic),No,24.65,1574,No,Low/Medium,25+ months
8769-KKTPH,FEMALE,0,yes,Yes,63,One year,Credit card (automatic),Fiber optic,99.65,6311,No,Low/Medium,25+ months
8405-IGQFX,FEMALE,0,No,No,63,One year,Credit card (automatic),Fiber optic,90.05,5817,No,Low/Medium,25+ months
7820-ZYGNY,MALE,0,No,No,63,One year,Credit card (automatic),Fiber optic,90.45,5825,No,Low/Medium,25+ months
7860-UXCRM,MALE,0,yes,Yes,63,Two year,Credit card (automatic),DSL,74.50,4674,No,Low/Medium,25+ months
7997-EASSD,FEMALE,0,yes,No,63,One year,Credit card (automatic),Fiber optic,81.20,4965,No,Low/Medium,25+ months
8043-PNYSD,MALE,0,yes,Yes,63,Two year,Mailed check,No,19.55,1245,No,Low/Medium,25+ months
8041-TMEID,MALE,1,yes,No,63,Two year,Credit card (automatic),Fiber optic,108.50,6991,No,Low/Medium,25+ months
7537-CBQUZ,MALE,1,No,No,63,Month-to-month,Bank transfer (automatic),Fiber optic,109.40,7031,No,Low/Medium,25+ months
7549-MYGPK,FEMALE,0,yes,Yes,63,Month-to-month,Electronic check,Fiber optic,100.55,6215,Yes,Low/Medium,25+ months
7643-RCHXS,FEMALE,0,yes,Yes,63,Two year,Electronic check,No,19.35,1263,No,Low/Medium,25+ months
6741-QRLUP,FEMALE,0,No,No,63,Two year,Credit card (automatic),DSL,80.30,4995,No,Low/Medium,25+ months
6728-VOIFY,FEMALE,0,yes,No,63,One year,Electronic check,Fiber optic,96.00,6109,No,Low/Medium,25+ months
6685-GBWJZ,MALE,0,yes,No,63,One year,Credit card (automatic),DSL,70.80,4448,No,Low/Medium,25+ months
6621-NRZAK,FEMALE,0,yes,Yes,63,Two year,Credit card (automatic),No,20.00,1209,No,Low/Medium,25+ months
7233-DRTRF,MALE,0,yes,No,63,Month-to-month,Electronic check,Fiber optic,102.40,6444,No,Low/Medium,25+ months
9968-FFVVH,MALE,0,No,No,63,One year,Bank transfer (automatic),DSL,68.80,4111,No,Low/Medium,25+ months
9995-HOTOH,MALE,0,yes,Yes,63,Two year,Electronic check,DSL,59.00,3707,No,Low/Medium,25+ months
9953-ZMKSM,MALE,0,No,No,63,Two year,Mailed check,No,25.25,1559,No,Low/Medium,25+ months
0654-PQKDW,FEMALE,0,yes,Yes,62,One year,Bank transfer (automatic),DSL,70.75,4263,No,Low/Medium,25+ months
0784-GTUUK,MALE,0,yes,No,62,One year,Credit card (automatic),No,23.75,1446,No,Low/Medium,25+ months
0471-ARVMX,FEMALE,1,yes,No,62,One year,Electronic check,Fiber optic,104.85,6312,No,Low/Medium,25+ months
0440-EKDCF,MALE,0,yes,No,62,Two year,Credit card (automatic),DSL,60.15,3753,No,Low/Medium,25+ months
0516-UXRMT,FEMALE,0,No,No,62,One year,Electronic check,Fiber optic,92.05,5755,No,Low/Medium,25+ months
0596-BQCEQ,FEMALE,0,yes,Yes,62,Month-to-month,Electronic check,Fiber optic,100.15,6283,Yes,Low/Medium,25+ months
0181-RITDD,MALE,0,yes,Yes,62,Two year,Mailed check,Fiber optic,108.15,6825,No,Low/Medium,25+ months
1221-GHZEP,FEMALE,0,No,No,62,Two year,Mailed check,DSL,65.10,3846,No,Low/Medium,25+ months
1017-FBQMM,FEMALE,0,yes,Yes,62,One year,Credit card (automatic),Fiber optic,106.05,6703,No,Low/Medium,25+ months
0979-MOZQI,MALE,0,yes,No,62,Two year,Bank transfer (automatic),DSL,39.00,2337,No,Low/Medium,25+ months
0962-CQPWQ,FEMALE,0,yes,Yes,62,Two year,Bank transfer (automatic),No,20.30,1296,No,Low/Medium,25+ months
0847-HGRML,MALE,0,No,Yes,62,Two year,Bank transfer (automatic),No,20.00,1250,No,Low/Medium,25+ months
0885-HMGPY,MALE,0,No,No,62,Two year,Bank transfer (automatic),DSL,69.40,4237,No,Low/Medium,25+ months
1599-MMYRQ,MALE,0,yes,Yes,62,One year,Credit card (automatic),Fiber optic,81.45,4983,No,Low/Medium,25+ months
1832-PEUTS,MALE,0,yes,Yes,62,Two year,Credit card (automatic),Fiber optic,89.10,5411,No,Low/Medium,25+ months
2272-JKMSI,FEMALE,0,yes,Yes,62,One year,Electronic check,Fiber optic,110.80,6840,No,Low/Medium,25+ months
2236-HILPA,MALE,0,yes,Yes,62,Two year,Credit card (automatic),No,20.65,1218,No,Low/Medium,25+ months
2294-DMMUS,FEMALE,0,yes,Yes,62,Month-to-month,Credit card (automatic),DSL,70.45,4300,No,Low/Medium,25+ months
2363-BJLSL,MALE,0,No,No,62,Month-to-month,Bank transfer (automatic),DSL,80.40,4981,No,Low/Medium,25+ months
2382-BCKQJ,FEMALE,0,No,Yes,62,One year,Electronic check,Fiber optic,100.15,6413,Yes,Low/Medium,25+ months
2632-TACXW,FEMALE,0,yes,No,62,Two year,Bank transfer (automatic),No,23.65,1416,No,Low/Medium,25+ months
3249-VHRIP,FEMALE,0,No,No,62,Two year,Credit card (automatic),DSL,43.60,2748,No,Low/Medium,25+ months
3009-JWMPU,MALE,0,No,No,62,One year,Electronic check,Fiber optic,96.75,6125,Yes,Low/Medium,25+ months
2957-JIRMN,FEMALE,1,No,No,62,One year,Electronic check,Fiber optic,84.45,4959,No,Low/Medium,25+ months
3635-QQRQD,MALE,0,No,No,62,Two year,Credit card (automatic),No,20.05,1201,No,Low/Medium,25+ months
3658-QQJYD,MALE,0,No,No,62,One year,Credit card (automatic),DSL,74.30,4698,No,Low/Medium,25+ months
3970-XGJDU,FEMALE,0,No,No,62,Two year,Credit card (automatic),No,19.20,1123,No,Low/Medium,25+ months
4683-WYDOU,MALE,0,yes,No,62,Two year,Bank transfer (automatic),Fiber optic,107.60,6912,No,Low/Medium,25+ months
4636-TVXVG,MALE,0,yes,Yes,62,One year,Bank transfer (automatic),No,19.95,1244,No,Low/Medium,25+ months
4553-DVPZG,FEMALE,0,yes,No,62,Month-to-month,Electronic check,Fiber optic,101.35,6164,No,Low/Medium,25+ months
4462-CYWMH,MALE,1,yes,No,62,Month-to-month,Bank transfer (automatic),Fiber optic,89.80,5629,No,Low/Medium,25+ months
4335-BSMJS,FEMALE,0,No,No,62,Two year,Credit card (automatic),No,25.80,1563,No,Low/Medium,25+ months
5201-CBWYG,MALE,0,yes,Yes,62,One year,Bank transfer (automatic),No,24.80,1476,No,Low/Medium,25+ months
5130-YPIRV,FEMALE,0,yes,No,62,Two year,Credit card (automatic),DSL,72.00,4284,No,Low/Medium,25+ months
5445-PZWGX,MALE,0,No,No,62,One year,Electronic check,Fiber optic,102.00,6529,Yes,Low/Medium,25+ months
5268-DSMNQ,FEMALE,1,yes,No,62,One year,Credit card (automatic),Fiber optic,97.95,5936,No,Low/Medium,25+ months
5339-TJFEK,MALE,0,yes,Yes,62,Month-to-month,Electronic check,Fiber optic,105.50,6487,No,Low/Medium,25+ months
5828-DWPIL,MALE,1,yes,No,62,Month-to-month,Electronic check,Fiber optic,89.10,5618,No,Low/Medium,25+ months
5656-JAMLX,MALE,0,No,No,62,Two year,Bank transfer (automatic),No,19.85,1253,No,Low/Medium,25+ months
6134-KWTBV,MALE,0,No,No,62,Two year,Bank transfer (automatic),No,23.40,1429,No,Low/Medium,25+ months
6120-RJKLU,FEMALE,1,yes,No,62,Two year,Credit card (automatic),DSL,79.95,4819,No,Low/Medium,25+ months
6341-AEVKX,FEMALE,0,yes,No,62,One year,Electronic check,Fiber optic,104.30,6613,No,Low/Medium,25+ months
6388-TABGU,MALE,0,No,Yes,62,One year,Bank transfer (automatic),DSL,56.15,3487,No,Low/Medium,25+ months
6242-SGYTS,MALE,0,yes,Yes,62,One year,Credit card (automatic),Fiber optic,94.95,5791,No,Low/Medium,25+ months
6418-PIQSP,FEMALE,0,yes,No,62,Two year,Mailed check,DSL,81.00,4985,No,Low/Medium,25+ months
7182-OVLBJ,FEMALE,0,yes,Yes,62,Two year,Bank transfer (automatic),Fiber optic,101.15,6638,No,Low/Medium,25+ months
7064-JHXCE,MALE,0,yes,Yes,62,Two year,Credit card (automatic),No,20.05,1263,No,Low/Medium,25+ months
6646-QVXLR,MALE,1,yes,No,62,One year,Electronic check,Fiber optic,103.75,6383,Yes,Low/Medium,25+ months
6485-QXWWE,FEMALE,0,No,Yes,62,Two year,Bank transfer (automatic),No,26.00,1638,No,Low/Medium,25+ months
6691-CCIHA,FEMALE,0,yes,No,62,Two year,Electronic check,DSL,84.95,5150,No,Low/Medium,25+ months
6794-HKIAJ,MALE,0,No,No,62,Month-to-month,Bank transfer (automatic),Fiber optic,90.70,5586,No,Low/Medium,25+ months
7599-NTMDP,FEMALE,0,yes,Yes,62,Two year,Bank transfer (automatic),DSL,48.70,3008,No,Low/Medium,25+ months
7608-RGIRO,MALE,0,No,Yes,62,Two year,Mailed check,No,24.40,1413,No,Low/Medium,25+ months
7572-KPVKK,MALE,0,No,Yes,62,Two year,Electronic check,Fiber optic,104.05,6590,No,Low/Medium,25+ months
7268-WNTCP,MALE,0,yes,Yes,62,Two year,Bank transfer (automatic),No,20.45,1297,No,Low/Medium,25+ months
7274-CGTOD,MALE,0,No,No,62,Two year,Bank transfer (automatic),DSL,43.70,2618,No,Low/Medium,25+ months
8046-DNVTL,MALE,0,yes,No,62,Two year,Credit card (automatic),DSL,38.60,2345,No,Low/Medium,25+ months
8050-XGRVL,FEMALE,0,yes,Yes,62,One year,Credit card (automatic),DSL,54.75,3425,No,Low/Medium,25+ months
8028-PNXHQ,MALE,0,yes,Yes,62,Two year,Bank transfer (automatic),No,24.25,1424,No,Low/Medium,25+ months
8390-FESFV,FEMALE,0,No,No,62,Two year,Bank transfer (automatic),DSL,84.50,5193,No,Low/Medium,25+ months
8480-PPONV,MALE,0,yes,Yes,62,Two year,Bank transfer (automatic),Fiber optic,115.55,7159,No,Low/Medium,25+ months
8184-WMOFI,MALE,0,yes,Yes,62,One year,Credit card (automatic),DSL,71.40,4487,No,Low/Medium,25+ months
8085-MSNLK,FEMALE,0,yes,No,62,Two year,Mailed check,Fiber optic,113.95,6891,No,Low/Medium,25+ months
8894-JVDCV,FEMALE,0,No,No,62,One year,Credit card (automatic),Fiber optic,115.05,7133,No,Low/Medium,25+ months
8920-NAVAY,MALE,1,No,No,62,One year,Bank transfer (automatic),Fiber optic,110.75,7053,No,Low/Medium,25+ months
9073-ZZIAY,MALE,0,yes,Yes,62,Two year,Electronic check,DSL,86.10,5215,No,Low/Medium,25+ months
9114-VEPUF,MALE,0,yes,No,62,One year,Electronic check,Fiber optic,96.10,6001,No,Low/Medium,25+ months
9480-BQJEI,MALE,0,No,No,62,One year,Bank transfer (automatic),Fiber optic,92.30,5731,No,Low/Medium,25+ months
9544-PYPSJ,FEMALE,1,yes,Yes,62,Month-to-month,Credit card (automatic),Fiber optic,96.10,6019,No,Low/Medium,25+ months
9391-YZEJW,FEMALE,0,No,No,62,One year,Bank transfer (automatic),Fiber optic,94.00,5757,No,Low/Medium,25+ months
3214-IYUUQ,FEMALE,0,yes,No,61,One year,Bank transfer (automatic),Fiber optic,93.70,5860,No,Low/Medium,25+ months
3166-PNEOF,FEMALE,0,No,No,61,Two year,Credit card (automatic),DSL,86.45,5175,No,Low/Medium,25+ months
3096-WPXBT,FEMALE,0,yes,Yes,61,One year,Credit card (automatic),Fiber optic,100.70,6018,No,Low/Medium,25+ months
3090-HAWSU,MALE,0,No,No,61,Two year,Credit card (automatic),Fiber optic,111.60,6876,Yes,Low/Medium,25+ months
2683-JXWQQ,MALE,0,yes,Yes,61,Month-to-month,Bank transfer (automatic),DSL,33.60,2117,No,Low/Medium,25+ months
2533-QVMSK,MALE,0,yes,No,61,Two year,Electronic check,Fiber optic,94.10,5638,Yes,Low/Medium,25+ months
2863-IMQDR,FEMALE,0,No,No,61,Two year,Electronic check,DSL,89.65,5308,No,Low/Medium,25+ months
2830-LEWOA,MALE,0,yes,Yes,61,One year,Credit card (automatic),Fiber optic,103.90,6449,No,Low/Medium,25+ months
2405-LBMUW,FEMALE,0,yes,Yes,61,One year,Bank transfer (automatic),DSL,50.70,3088,No,Low/Medium,25+ months
2481-SBOYW,FEMALE,0,No,Yes,61,Two year,Credit card (automatic),No,25.00,1498,No,Low/Medium,25+ months
2252-JHJGE,MALE,0,No,No,61,One year,Electronic check,Fiber optic,104.00,6363,No,Low/Medium,25+ months
1830-IPXVJ,FEMALE,0,yes,Yes,61,Two year,Credit card (automatic),No,19.75,1311,No,Low/Medium,25+ months
1698-XFZCI,MALE,0,No,No,61,One year,Electronic check,Fiber optic,107.75,6521,No,Low/Medium,25+ months
1697-LYYYX,FEMALE,0,yes,Yes,61,One year,Credit card (automatic),No,19.10,1143,No,Low/Medium,25+ months
1534-OULXE,FEMALE,0,yes,Yes,61,One year,Bank transfer (automatic),DSL,49.70,2961,No,Low/Medium,25+ months
1543-LLLFT,MALE,1,yes,No,61,One year,Mailed check,Fiber optic,98.30,6066,No,Low/Medium,25+ months
1548-FEHVL,MALE,0,yes,No,61,Month-to-month,Electronic check,Fiber optic,106.20,6375,No,Low/Medium,25+ months
1346-PJWTK,MALE,0,yes,No,61,Month-to-month,Credit card (automatic),Fiber optic,94.15,5731,No,Low/Medium,25+ months
1241-EZFMJ,MALE,0,yes,No,61,Two year,Bank transfer (automatic),No,25.45,1538,No,Low/Medium,25+ months
0909-SELIE,MALE,0,yes,No,61,Two year,Bank transfer (automatic),DSL,80.80,4860,No,Low/Medium,25+ months
0898-XCGTF,MALE,0,yes,No,61,One year,Bank transfer (automatic),Fiber optic,96.50,5673,No,Low/Medium,25+ months
0916-KNFAJ,MALE,0,yes,No,61,Two year,Mailed check,DSL,69.90,4226,No,Low/Medium,25+ months
1194-BHJYC,MALE,0,yes,No,61,Two year,Mailed check,DSL,62.15,3778,No,Low/Medium,25+ months
1131-SUEKT,MALE,0,yes,Yes,61,One year,Bank transfer (automatic),Fiber optic,98.45,6145,No,Low/Medium,25+ months
1095-WGNGG,FEMALE,0,yes,No,61,Two year,Bank transfer (automatic),Fiber optic,101.05,5971,No,Low/Medium,25+ months
0123-CRBRT,FEMALE,0,yes,Yes,61,Two year,Mailed check,DSL,88.10,5526,No,Low/Medium,25+ months
0310-MVLET,FEMALE,0,yes,Yes,61,Month-to-month,Electronic check,Fiber optic,99.15,6010,Yes,Low/Medium,25+ months
0487-RPVUM,MALE,0,yes,No,61,Month-to-month,Bank transfer (automatic),Fiber optic,99.40,5943,No,Low/Medium,25+ months
0704-VCUMB,FEMALE,0,yes,No,61,Two year,Credit card (automatic),No,20.25,1278,No,Low/Medium,25+ months
6248-BSHKG,MALE,0,yes,Yes,61,One year,Mailed check,No,20.40,1226,No,Low/Medium,25+ months
6370-ZVHDV,FEMALE,0,yes,No,61,Two year,Bank transfer (automatic),No,25.30,1554,No,Low/Medium,25+ months
5734-EJKXG,FEMALE,0,No,No,61,One year,Electronic check,Fiber optic,118.60,7365,No,Low/Medium,25+ months
5756-OZRIO,MALE,1,yes,No,61,One year,Bank transfer (automatic),DSL,64.05,3902,No,Low/Medium,25+ months
6013-BHCAW,MALE,0,yes,Yes,61,Two year,Bank transfer (automatic),DSL,81.00,4976,No,Low/Medium,25+ months
5998-DZLYR,FEMALE,0,yes,No,61,Two year,Bank transfer (automatic),Fiber optic,94.35,5703,No,Low/Medium,25+ months
5446-DKWYW,FEMALE,1,yes,Yes,61,One year,Electronic check,DSL,65.20,3965,No,Low/Medium,25+ months
5469-CTCWN,MALE,0,yes,Yes,61,One year,Electronic check,Fiber optic,106.00,6547,Yes,Low/Medium,25+ months
4891-NLUBA,FEMALE,0,yes,Yes,61,Two year,Bank transfer (automatic),DSL,61.45,3751,No,Low/Medium,25+ months
4937-QPZPO,MALE,0,yes,Yes,61,One year,Electronic check,Fiber optic,99.90,6241,No,Low/Medium,25+ months
4488-KQFDT,FEMALE,0,No,No,61,One year,Electronic check,Fiber optic,103.95,6423,No,Low/Medium,25+ months
4446-BZKHU,MALE,0,yes,No,61,Month-to-month,Electronic check,Fiber optic,105.55,6281,Yes,Low/Medium,25+ months
4455-BFSPD,FEMALE,0,yes,No,61,One year,Bank transfer (automatic),Fiber optic,101.15,6383,No,Low/Medium,25+ months
4220-TINQT,FEMALE,0,yes,No,61,Month-to-month,Electronic check,Fiber optic,106.35,6751,No,Low/Medium,25+ months
4238-HFHSN,MALE,1,yes,No,61,Month-to-month,Electronic check,Fiber optic,82.15,4904,No,Low/Medium,25+ months
4825-XJGDM,FEMALE,0,No,No,61,One year,Credit card (automatic),DSL,43.70,2696,No,Low/Medium,25+ months
4785-FCIFB,FEMALE,0,yes,No,61,Two year,Mailed check,No,24.40,1417,No,Low/Medium,25+ months
4018-PPNDW,FEMALE,0,yes,Yes,61,Two year,Mailed check,No,24.10,1551,No,Low/Medium,25+ months
3733-UOCWF,MALE,1,yes,No,61,One year,Bank transfer (automatic),Fiber optic,85.55,5251,No,Low/Medium,25+ months
3712-PKXZA,MALE,0,yes,No,61,One year,Credit card (automatic),No,20.55,1252,No,Low/Medium,25+ months
3642-GKTCT,FEMALE,0,No,No,61,One year,Mailed check,Fiber optic,115.10,6993,No,Low/Medium,25+ months
3654-ARMGP,FEMALE,0,No,No,61,Two year,Credit card (automatic),DSL,88.65,5321,No,Low/Medium,25+ months
3580-GICBM,FEMALE,0,yes,Yes,61,Two year,Mailed check,No,24.20,1445,No,Low/Medium,25+ months
9500-IWPXQ,FEMALE,0,yes,Yes,61,One year,Electronic check,DSL,79.40,4820,No,Low/Medium,25+ months
9548-LIGTA,MALE,0,yes,No,61,Two year,Mailed check,DSL,81.05,4747,No,Low/Medium,25+ months
9705-IOVQQ,MALE,1,yes,Yes,61,One year,Electronic check,Fiber optic,99.00,5969,No,Low/Medium,25+ months
9068-VPWQQ,MALE,0,yes,No,61,Two year,Credit card (automatic),DSL,75.35,4729,No,Low/Medium,25+ months
9107-UKCKY,MALE,0,yes,No,61,One year,Electronic check,DSL,79.80,4914,No,Low/Medium,25+ months
9063-ZGTUY,FEMALE,0,yes,Yes,61,Month-to-month,Mailed check,No,19.40,1182,Yes,Low/Medium,25+ months
8715-KKTFG,FEMALE,0,yes,No,61,One year,Bank transfer (automatic),Fiber optic,103.30,6518,No,Low/Medium,25+ months
8535-SFUTN,MALE,0,No,No,61,Month-to-month,Electronic check,Fiber optic,106.45,6300,No,Low/Medium,25+ months
8241-JUIQO,FEMALE,0,No,No,61,One year,Bank transfer (automatic),No,19.45,1336,No,Low/Medium,25+ months
8434-VGEQQ,MALE,0,yes,Yes,61,Two year,Credit card (automatic),No,20.55,1305,No,Low/Medium,25+ months
7839-NUIAA,FEMALE,0,yes,Yes,61,Month-to-month,Electronic check,DSL,59.80,3641,No,Low/Medium,25+ months
7789-CRUVC,FEMALE,1,yes,No,61,Month-to-month,Credit card (automatic),Fiber optic,94.20,5895,No,Low/Medium,25+ months
7711-YIJWC,MALE,0,yes,Yes,61,One year,Bank transfer (automatic),DSL,84.90,5264,No,Low/Medium,25+ months
7251-XFOIL,FEMALE,0,No,No,61,Month-to-month,Mailed check,Fiber optic,89.20,5500,No,Low/Medium,25+ months
7501-IWUNG,FEMALE,0,yes,Yes,61,Two year,Bank transfer (automatic),DSL,73.80,4616,No,Low/Medium,25+ months
6804-GDMOI,FEMALE,0,No,No,61,Two year,Electronic check,Fiber optic,106.60,6428,Yes,Low/Medium,25+ months
6710-HSJRD,MALE,0,yes,No,61,Month-to-month,Electronic check,Fiber optic,114.10,7132,No,Low/Medium,25+ months
6701-DHKWQ,FEMALE,0,yes,Yes,61,Two year,Credit card (automatic),DSL,51.35,3244,No,Low/Medium,25+ months
6754-LZUKA,MALE,0,yes,No,61,Two year,Bank transfer (automatic),DSL,80.90,4932,No,Low/Medium,25+ months
6614-YWYSC,MALE,1,yes,No,61,Two year,Bank transfer (automatic),No,25.00,1501,No,Low/Medium,25+ months
7124-UGSUR,FEMALE,1,yes,No,61,One year,Credit card (automatic),Fiber optic,104.40,6405,Yes,Low/Medium,25+ months
7157-SMCFK,MALE,0,No,Yes,61,Two year,Mailed check,No,19.75,1124,No,Low/Medium,25+ months
6897-RWMUB,MALE,0,yes,Yes,61,Two year,Bank transfer (automatic),DSL,68.05,4158,No,Low/Medium,25+ months
7017-VFHAY,FEMALE,0,yes,Yes,61,Two year,Credit card (automatic),Fiber optic,115.10,7008,No,Low/Medium,25+ months
0512-FLFDW,FEMALE,1,yes,No,60,One year,Credit card (automatic),Fiber optic,100.50,6029,No,Low/Medium,25+ months
0575-CUQOV,MALE,1,yes,No,60,One year,Electronic check,Fiber optic,97.95,5867,No,Low/Medium,25+ months
0233-FTHAV,FEMALE,0,No,No,60,One year,Bank transfer (automatic),Fiber optic,79.20,4765,No,Low/Medium,25+ months
0330-BGYZE,MALE,0,yes,No,60,One year,Bank transfer (automatic),Fiber optic,102.50,6157,No,Low/Medium,25+ months
0343-QLUZP,MALE,0,No,No,60,Two year,Bank transfer (automatic),DSL,39.60,2424,No,Low/Medium,25+ months
0407-BDJKB,MALE,0,yes,No,60,Month-to-month,Electronic check,Fiber optic,95.75,5742,Yes,Low/Medium,25+ months
1150-FTQGN,FEMALE,0,yes,Yes,60,One year,Bank transfer (automatic),Fiber optic,94.15,5811,No,Low/Medium,25+ months
1215-FIGMP,MALE,0,No,No,60,Month-to-month,Bank transfer (automatic),Fiber optic,89.90,5450,No,Low/Medium,25+ months
0924-BJCRC,FEMALE,1,yes,No,60,Month-to-month,Electronic check,Fiber optic,89.45,5294,No,Low/Medium,25+ months
1036-GUDCL,MALE,0,yes,Yes,60,Month-to-month,Credit card (automatic),DSL,79.05,4663,No,Low/Medium,25+ months
1460-UZPRJ,MALE,0,yes,No,60,Two year,Mailed check,No,19.95,1258,No,Low/Medium,25+ months
1599-EAHXY,MALE,0,yes,Yes,60,One year,Credit card (automatic),No,23.95,1506,No,Low/Medium,25+ months
1699-UOTXU,MALE,0,No,No,60,Two year,Electronic check,DSL,61.40,3638,No,Low/Medium,25+ months
1752-OZXFY,MALE,0,yes,No,60,One year,Mailed check,DSL,59.80,3561,No,Low/Medium,25+ months
2001-EWBQU,FEMALE,0,No,No,60,Two year,Electronic check,Fiber optic,104.70,6333,No,Low/Medium,25+ months
2054-PJOCK,FEMALE,0,No,No,60,One year,Credit card (automatic),DSL,80.55,4847,No,Low/Medium,25+ months
2277-DJJDL,MALE,1,yes,No,60,Month-to-month,Electronic check,Fiber optic,99.00,6017,No,Low/Medium,25+ months
2522-AHJXR,MALE,0,yes,No,60,Month-to-month,Bank transfer (automatic),Fiber optic,109.45,6572,No,Low/Medium,25+ months
2525-GVKQU,FEMALE,0,No,No,60,Two year,Mailed check,No,20.60,1093,No,Low/Medium,25+ months
2519-LBNQL,MALE,1,yes,No,60,One year,Electronic check,Fiber optic,104.35,6339,No,Low/Medium,25+ months
2661-GKBTK,MALE,0,yes,Yes,60,Two year,Bank transfer (automatic),DSL,76.95,4543,No,Low/Medium,25+ months
3104-OWCGK,MALE,0,yes,Yes,60,One year,Electronic check,Fiber optic,90.95,5453,Yes,Low/Medium,25+ months
3154-HMWUU,MALE,0,yes,No,60,Two year,Bank transfer (automatic),No,20.50,1198,No,Low/Medium,25+ months
3161-ONRWK,MALE,0,yes,Yes,60,One year,Bank transfer (automatic),DSL,65.85,3928,No,Low/Medium,25+ months
3170-GWYKC,FEMALE,0,No,No,60,Month-to-month,Bank transfer (automatic),Fiber optic,104.95,6236,No,Low/Medium,25+ months
3070-BDOQC,FEMALE,0,No,No,60,Two year,Electronic check,Fiber optic,99.65,5941,No,Low/Medium,25+ months
3507-GASNP,MALE,0,No,Yes,60,Two year,Mailed check,No,19.95,1189,No,Low/Medium,25+ months
3680-CTHUH,MALE,0,No,No,60,One year,Credit card (automatic),Fiber optic,116.60,7049,No,Low/Medium,25+ months
3413-DHLPB,MALE,0,yes,Yes,60,Month-to-month,Bank transfer (automatic),Fiber optic,103.75,5969,No,Low/Medium,25+ months
3428-MMGUB,MALE,0,No,No,60,Two year,Electronic check,Fiber optic,89.55,5231,No,Low/Medium,25+ months
3716-LRGXK,MALE,0,yes,No,60,Two year,Credit card (automatic),Fiber optic,101.15,6067,No,Low/Medium,25+ months
4012-YCFAI,MALE,0,yes,No,60,Two year,Mailed check,DSL,61.35,3766,No,Low/Medium,25+ months
3999-WRNGR,FEMALE,0,yes,Yes,60,Month-to-month,Electronic check,DSL,49.75,3069,No,Low/Medium,25+ months
3915-ODIYG,MALE,1,No,No,60,One year,Electronic check,DSL,71.75,4374,No,Low/Medium,25+ months
3882-IYOIJ,FEMALE,0,yes,Yes,60,Two year,Credit card (automatic),Fiber optic,115.25,6758,No,Low/Medium,25+ months
4742-DRORA,MALE,0,yes,Yes,60,One year,Bank transfer (automatic),Fiber optic,95.40,5812,No,Low/Medium,25+ months
4611-ANLQC,FEMALE,0,yes,No,60,One year,Electronic check,DSL,50.05,2911,No,Low/Medium,25+ months
4667-QONEA,FEMALE,1,yes,Yes,60,One year,Credit card (automatic),DSL,74.85,4456,No,Low/Medium,25+ months
4250-WAROZ,MALE,1,yes,Yes,60,Month-to-month,Electronic check,Fiber optic,93.25,5774,No,Low/Medium,25+ months
4450-MDZFX,MALE,0,yes,Yes,60,Month-to-month,Bank transfer (automatic),Fiber optic,74.35,4453,No,Low/Medium,25+ months
4940-KHCWD,FEMALE,0,yes,No,60,Two year,Bank transfer (automatic),DSL,37.70,2288,No,Low/Medium,25+ months
5110-CHOPY,FEMALE,0,No,No,60,Two year,Electronic check,DSL,53.60,3237,No,Low/Medium,25+ months
5073-WXOYN,FEMALE,0,No,No,60,Month-to-month,Electronic check,DSL,50.80,3027,Yes,Low/Medium,25+ months
5334-JLAXU,FEMALE,0,yes,No,60,Month-to-month,Credit card (automatic),Fiber optic,94.10,5475,No,Low/Medium,25+ months
5394-MEITZ,FEMALE,0,yes,Yes,60,Two year,Bank transfer (automatic),DSL,80.60,4946,No,Low/Medium,25+ months
5298-GSTLM,FEMALE,1,No,No,60,One year,Bank transfer (automatic),Fiber optic,101.40,6176,No,Low/Medium,25+ months
5872-OEQNH,FEMALE,0,No,No,60,One year,Electronic check,DSL,44.45,2773,No,Low/Medium,25+ months
5647-FXOTP,FEMALE,1,yes,No,60,Month-to-month,Electronic check,Fiber optic,105.90,6401,No,Low/Medium,25+ months
6377-WHAOX,FEMALE,0,yes,No,60,Month-to-month,Electronic check,Fiber optic,106.15,6411,No,Low/Medium,25+ months
6270-OMFIW,MALE,0,yes,No,60,One year,Electronic check,Fiber optic,94.40,5610,Yes,Low/Medium,25+ months
6993-YCOBK,MALE,0,yes,Yes,60,Two year,Electronic check,Fiber optic,110.60,6586,No,Low/Medium,25+ months
6901-GOGZG,MALE,0,No,Yes,60,Two year,Electronic check,DSL,84.95,4984,No,Low/Medium,25+ months
7114-AEOZE,FEMALE,0,No,No,60,Two year,Bank transfer (automatic),No,19.85,1128,No,Low/Medium,25+ months
7131-ZQZNK,FEMALE,0,yes,Yes,60,Two year,Credit card (automatic),DSL,59.85,3590,No,Low/Medium,25+ months
7139-JZFVG,MALE,0,yes,Yes,60,Two year,Bank transfer (automatic),DSL,60.50,3694,No,Low/Medium,25+ months
6549-BTYPG,FEMALE,0,yes,No,60,Two year,Credit card (automatic),DSL,60.80,3603,No,Low/Medium,25+ months
6685-XSHHU,MALE,0,yes,Yes,60,Two year,Bank transfer (automatic),No,20.95,1270,No,Low/Medium,25+ months
7581-EBBOU,FEMALE,0,No,No,60,One year,Credit card (automatic),DSL,70.15,4224,No,Low/Medium,25+ months
7293-LSCDV,FEMALE,0,yes,Yes,60,Two year,Credit card (automatic),No,19.25,1103,No,Low/Medium,25+ months
7426-WEIJX,MALE,1,yes,Yes,60,Month-to-month,Electronic check,Fiber optic,80.95,4859,No,Low/Medium,25+ months
7471-WNSUF,MALE,0,yes,No,60,One year,Bank transfer (automatic),No,24.15,1505,No,Low/Medium,25+ months
7717-BICXI,MALE,0,yes,Yes,60,Two year,Mailed check,No,20.55,1205,No,Low/Medium,25+ months
7752-XUSCI,FEMALE,0,No,No,60,Month-to-month,Electronic check,Fiber optic,105.90,6396,Yes,Low/Medium,25+ months
7868-TMWMZ,FEMALE,1,yes,No,60,Two year,Bank transfer (automatic),Fiber optic,110.00,6668,No,Low/Medium,25+ months
7945-HLKEA,FEMALE,0,No,No,60,One year,Electronic check,DSL,64.75,4039,No,Low/Medium,25+ months
8261-GWDBQ,FEMALE,1,yes,No,60,Two year,Bank transfer (automatic),Fiber optic,116.05,6925,No,Low/Medium,25+ months
8651-ENBZX,FEMALE,1,No,No,60,One year,Electronic check,Fiber optic,106.00,6441,Yes,Low/Medium,25+ months
8782-NUUOL,MALE,0,No,No,60,One year,Mailed check,DSL,79.00,4801,No,Low/Medium,25+ months
8785-CJSHH,FEMALE,0,yes,No,60,Month-to-month,Electronic check,Fiber optic,99.80,5985,No,Low/Medium,25+ months
8847-GEOOQ,MALE,0,yes,No,60,Month-to-month,Bank transfer (automatic),DSL,60.20,3582,No,Low/Medium,25+ months
9087-EYCPR,FEMALE,0,No,No,60,Two year,Mailed check,No,25.00,1505,No,Low/Medium,25+ months
8917-SZTTJ,MALE,0,yes,Yes,60,Two year,Credit card (automatic),No,19.65,1161,No,Low/Medium,25+ months
9000-PLFUZ,FEMALE,1,yes,No,60,Two year,Credit card (automatic),DSL,49.45,2907,No,Low/Medium,25+ months
9330-VOFSZ,FEMALE,0,yes,No,60,Two year,Credit card (automatic),Fiber optic,110.80,6640,No,Low/Medium,25+ months
9372-TXXPS,FEMALE,0,yes,No,60,Two year,Bank transfer (automatic),DSL,59.85,3483,No,Low/Medium,25+ months
9933-QRGTX,FEMALE,0,yes,No,60,Two year,Electronic check,Fiber optic,97.20,5611,No,Low/Medium,25+ months
2931-VUVJN,FEMALE,1,yes,No,59,One year,Electronic check,Fiber optic,94.05,5483,No,Low/Medium,25+ months
3115-JPJDD,FEMALE,0,yes,No,59,One year,Credit card (automatic),Fiber optic,81.25,4639,No,Low/Medium,25+ months
2581-VKIRT,FEMALE,0,yes,Yes,59,One year,Mailed check,DSL,65.50,3801,No,Low/Medium,25+ months
2890-WFBHU,FEMALE,0,No,No,59,One year,Credit card (automatic),DSL,79.85,4786,No,Low/Medium,25+ months
2123-VSCOT,FEMALE,0,yes,Yes,59,Two year,Bank transfer (automatic),DSL,72.10,4194,No,Low/Medium,25+ months
2146-EGVDT,MALE,0,yes,Yes,59,Two year,Credit card (automatic),No,19.30,1192,No,Low/Medium,25+ months
2478-EEWWM,MALE,0,yes,No,59,Month-to-month,Electronic check,DSL,44.30,2666,No,Low/Medium,25+ months
2408-TZMJL,MALE,0,yes,No,59,One year,Electronic check,Fiber optic,110.15,6448,Yes,Low/Medium,25+ months
1955-IBMMB,MALE,0,No,No,59,Two year,Bank transfer (automatic),No,20.20,1192,No,Low/Medium,25+ months
1658-XUHBX,FEMALE,1,yes,Yes,59,Month-to-month,Credit card (automatic),Fiber optic,88.75,5348,No,Low/Medium,25+ months
1498-NHTLT,MALE,0,yes,Yes,59,Two year,Electronic check,DSL,86.75,5186,No,Low/Medium,25+ months
1265-HVPZB,MALE,0,yes,No,59,One year,Credit card (automatic),DSL,66.40,3958,No,Low/Medium,25+ months
0872-CASZJ,MALE,0,yes,No,59,One year,Mailed check,DSL,69.10,4096,No,Low/Medium,25+ months
1074-WVEVG,FEMALE,0,yes,No,59,One year,Mailed check,No,20.35,1267,No,Low/Medium,25+ months
0397-GZBBC,MALE,1,yes,No,59,Month-to-month,Bank transfer (automatic),Fiber optic,93.85,5574,Yes,Low/Medium,25+ months
0060-FUALY,FEMALE,0,yes,No,59,Month-to-month,Electronic check,Fiber optic,94.75,5597,No,Low/Medium,25+ months
0603-TPMIB,FEMALE,0,yes,Yes,59,Two year,Mailed check,No,25.45,1534,No,Low/Medium,25+ months
0604-THJFP,FEMALE,0,yes,Yes,59,Two year,Credit card (automatic),DSL,75.95,4542,No,Low/Medium,25+ months
6323-AYBRX,MALE,0,No,No,59,Two year,Mailed check,No,19.35,1099,Yes,Low/Medium,25+ months
6300-BWMJX,FEMALE,0,yes,No,59,Month-to-month,Electronic check,Fiber optic,93.35,5386,No,Low/Medium,25+ months
6103-LIANB,MALE,0,yes,Yes,59,Two year,Credit card (automatic),Fiber optic,99.50,5861,No,Low/Medium,25+ months
6168-YBYNP,MALE,0,No,No,59,Month-to-month,Electronic check,Fiber optic,111.35,6519,No,Low/Medium,25+ months
5075-JSDKI,FEMALE,0,No,No,59,Two year,Electronic check,No,24.45,1493,No,Low/Medium,25+ months
5090-EMGTC,FEMALE,0,yes,No,59,Two year,Mailed check,Fiber optic,100.05,6034,No,Low/Medium,25+ months
5140-FOMCQ,FEMALE,0,yes,No,59,One year,Credit card (automatic),Fiber optic,109.15,6557,No,Low/Medium,25+ months
4458-KVRBJ,MALE,0,No,No,59,Two year,Mailed check,No,25.00,1510,No,Low/Medium,25+ months
4194-WHFCB,FEMALE,0,yes,Yes,59,Month-to-month,Bank transfer (automatic),Fiber optic,96.65,5580,No,Low/Medium,25+ months
4523-WXCEF,FEMALE,0,yes,No,59,Month-to-month,Electronic check,Fiber optic,101.10,6039,Yes,Low/Medium,25+ months
4560-WQAQW,FEMALE,0,No,No,59,One year,Bank transfer (automatic),DSL,68.70,4070,No,Low/Medium,25+ months
4759-PXTAN,FEMALE,0,yes,No,59,One year,Electronic check,DSL,80.10,4693,No,Low/Medium,25+ months
4791-QRGMF,MALE,0,yes,No,59,One year,Bank transfer (automatic),Fiber optic,99.50,5961,Yes,Low/Medium,25+ months
3758-CKOQL,FEMALE,0,yes,No,59,One year,Credit card (automatic),Fiber optic,107.00,6152,No,Low/Medium,25+ months
3863-QSTYI,MALE,0,No,No,59,Month-to-month,Electronic check,DSL,64.65,3735,No,Low/Medium,25+ months
3308-JSGML,MALE,1,yes,No,59,Two year,Credit card (automatic),DSL,64.05,3886,No,Low/Medium,25+ months
3313-QKNKB,MALE,0,yes,No,59,One year,Electronic check,Fiber optic,85.55,5084,Yes,Low/Medium,25+ months
3349-ANQNH,FEMALE,1,No,No,59,One year,Electronic check,Fiber optic,99.50,5890,No,Low/Medium,25+ months
9501-UKKNL,MALE,0,No,No,59,Month-to-month,Electronic check,DSL,51.70,3005,No,Low/Medium,25+ months
9693-XMUOB,MALE,1,yes,No,59,Month-to-month,Electronic check,DSL,50.25,2997,No,Low/Medium,25+ months
9572-MTILT,MALE,0,yes,No,59,Month-to-month,Electronic check,Fiber optic,106.75,6252,Yes,Low/Medium,25+ months
9581-GVBXT,MALE,0,yes,Yes,59,One year,Mailed check,DSL,34.80,1980,No,Low/Medium,25+ months
9348-ROUAI,FEMALE,0,yes,Yes,59,Two year,Credit card (automatic),DSL,90.30,5194,No,Low/Medium,25+ months
9128-CPXKI,FEMALE,0,No,No,59,Two year,Electronic check,Fiber optic,95.80,5655,No,Low/Medium,25+ months
9102-OXKFY,MALE,0,No,No,59,Two year,Credit card (automatic),DSL,54.15,3116,No,Low/Medium,25+ months
8788-DOXSU,MALE,0,No,No,59,One year,Bank transfer (automatic),DSL,61.35,3645,No,Low/Medium,25+ months
8711-LOBKY,MALE,0,yes,Yes,59,Two year,Mailed check,No,19.85,1188,No,Low/Medium,25+ months
8514-VZHEB,MALE,0,yes,Yes,59,Two year,Mailed check,No,19.50,1147,No,Low/Medium,25+ months
8591-TKMZH,MALE,0,yes,Yes,59,Two year,Mailed check,Fiber optic,111.10,6555,No,Low/Medium,25+ months
8295-KMENE,FEMALE,0,yes,Yes,59,Two year,Mailed check,DSL,76.45,4519,No,Low/Medium,25+ months
8406-LNMHF,MALE,1,yes,No,59,One year,Credit card (automatic),Fiber optic,82.95,4903,No,Low/Medium,25+ months
8164-OCKUJ,FEMALE,0,yes,Yes,59,Two year,Mailed check,No,20.60,1286,No,Low/Medium,25+ months
8097-OMULG,MALE,0,yes,Yes,59,One year,Credit card (automatic),DSL,76.75,4541,No,Low/Medium,25+ months
7721-JXEAW,MALE,0,yes,No,59,Month-to-month,Bank transfer (automatic),DSL,41.05,2452,Yes,Low/Medium,25+ months
7663-CUXZB,MALE,0,yes,No,59,Two year,Electronic check,Fiber optic,113.75,6561,No,Low/Medium,25+ months
7328-ZJAJO,FEMALE,0,yes,Yes,59,Two year,Credit card (automatic),No,19.50,1222,No,Low/Medium,25+ months
7346-MEDWM,FEMALE,0,No,No,59,Month-to-month,Electronic check,Fiber optic,83.25,4949,No,Low/Medium,25+ months
6627-CFOSN,FEMALE,0,No,No,59,Month-to-month,Bank transfer (automatic),Fiber optic,99.45,5623,No,Low/Medium,25+ months
6917-YACBP,FEMALE,1,No,No,59,Month-to-month,Electronic check,Fiber optic,89.75,5496,No,Low/Medium,25+ months
9764-REAFF,FEMALE,0,yes,No,59,Two year,Bank transfer (automatic),No,18.40,1057,No,Low/Medium,25+ months
9912-OMZDS,FEMALE,0,yes,Yes,59,One year,Electronic check,Fiber optic,106.15,6256,No,Low/Medium,25+ months
9845-PEEKO,FEMALE,1,No,No,59,Two year,Credit card (automatic),Fiber optic,79.20,4590,No,Low/Medium,25+ months
0556-FJEGU,MALE,0,No,No,58,Two year,Bank transfer (automatic),DSL,70.10,4048,No,Low/Medium,25+ months
0788-DXBFY,MALE,0,yes,Yes,58,One year,Electronic check,No,19.55,1108,No,Low/Medium,25+ months
0104-PPXDV,MALE,0,yes,No,58,One year,Credit card (automatic),DSL,50.30,2878,No,Low/Medium,25+ months
0193-ESZXP,FEMALE,1,yes,No,58,One year,Credit card (automatic),Fiber optic,105.50,6205,Yes,Low/Medium,25+ months
0409-WTMPL,FEMALE,0,yes,No,58,One year,Credit card (automatic),Fiber optic,110.65,6526,No,Low/Medium,25+ months
0378-XSZPU,MALE,0,yes,No,58,One year,Credit card (automatic),DSL,60.30,3563,Yes,Low/Medium,25+ months
0348-SDKOL,FEMALE,0,yes,No,58,Month-to-month,Credit card (automatic),Fiber optic,102.10,5885,Yes,Low/Medium,25+ months
1231-YNDEK,MALE,0,No,No,58,Two year,Bank transfer (automatic),No,19.15,1035,No,Low/Medium,25+ months
0946-CLJTI,MALE,1,yes,No,58,Month-to-month,Electronic check,Fiber optic,98.70,5812,Yes,Low/Medium,25+ months
1448-CYWKC,FEMALE,0,yes,Yes,58,One year,Credit card (automatic),Fiber optic,105.20,6225,No,Low/Medium,25+ months
1502-XFCVR,FEMALE,0,No,No,58,One year,Electronic check,Fiber optic,106.45,6145,Yes,Low/Medium,25+ months
1474-JUWSM,FEMALE,0,yes,No,58,One year,Electronic check,DSL,68.40,3972,No,Low/Medium,25+ months
1930-WNXSB,MALE,0,yes,Yes,58,Month-to-month,Electronic check,Fiber optic,92.85,5305,No,Low/Medium,25+ months
2000-MPKCA,FEMALE,0,No,No,58,One year,Electronic check,Fiber optic,107.75,6332,No,Low/Medium,25+ months
1697-BCSHV,FEMALE,0,yes,Yes,58,Month-to-month,Bank transfer (automatic),DSL,66.80,3970,No,Low/Medium,25+ months
1867-TJHTS,FEMALE,0,No,No,58,Month-to-month,Bank transfer (automatic),Fiber optic,79.80,4526,No,Low/Medium,25+ months
2480-EJWYP,FEMALE,1,yes,No,58,One year,Bank transfer (automatic),Fiber optic,97.80,5458,No,Low/Medium,25+ months
2386-OWURY,FEMALE,0,No,No,58,Month-to-month,Electronic check,Fiber optic,95.30,5817,No,Low/Medium,25+ months
2371-KFUOG,MALE,0,No,No,58,One year,Bank transfer (automatic),Fiber optic,99.15,5720,No,Low/Medium,25+ months
2346-LOCWC,FEMALE,0,yes,Yes,58,Two year,Credit card (automatic),No,20.50,1191,No,Low/Medium,25+ months
2205-LPVGL,MALE,1,yes,Yes,58,One year,Bank transfer (automatic),Fiber optic,89.85,5125,No,Low/Medium,25+ months
2239-JALAW,MALE,0,No,No,58,One year,Bank transfer (automatic),Fiber optic,103.25,6017,Yes,Low/Medium,25+ months
2675-DHUTR,MALE,1,yes,No,58,Month-to-month,Electronic check,Fiber optic,98.90,5780,No,Low/Medium,25+ months
3259-QMXUN,MALE,0,yes,No,58,Two year,Electronic check,DSL,86.10,4890,No,Low/Medium,25+ months
3359-DSRKA,FEMALE,0,yes,Yes,58,Two year,Mailed check,No,19.85,1158,No,Low/Medium,25+ months
3424-NMNBO,MALE,1,yes,No,58,One year,Electronic check,Fiber optic,108.85,6287,Yes,Low/Medium,25+ months
3457-PQBYH,FEMALE,0,yes,Yes,58,Two year,Credit card (automatic),No,20.30,1160,No,Low/Medium,25+ months
3445-HXXGF,MALE,1,yes,No,58,Month-to-month,Electronic check,DSL,45.30,2651,Yes,Low/Medium,25+ months
3638-WEABW,FEMALE,0,yes,No,58,Two year,Credit card (automatic),DSL,59.90,3505,No,Low/Medium,25+ months
3571-DPYUH,MALE,0,yes,Yes,58,One year,Credit card (automatic),Fiber optic,94.70,5430,No,Low/Medium,25+ months
3777-XROBG,FEMALE,0,yes,Yes,58,Two year,Credit card (automatic),No,19.55,1079,No,Low/Medium,25+ months
3685-YLCMQ,MALE,0,No,No,58,One year,Electronic check,Fiber optic,104.65,6219,Yes,Low/Medium,25+ months
3969-JQABI,FEMALE,0,yes,No,58,Month-to-month,Credit card (automatic),DSL,65.25,3791,No,Low/Medium,25+ months
4001-TSBTV,FEMALE,0,yes,Yes,58,Month-to-month,Electronic check,Fiber optic,91.55,5511,No,Low/Medium,25+ months
4057-FKCZK,MALE,0,yes,Yes,58,Two year,Bank transfer (automatic),Fiber optic,82.50,4828,No,Low/Medium,25+ months
4534-WGCIR,FEMALE,0,yes,Yes,58,Two year,Credit card (automatic),No,25.15,1509,No,Low/Medium,25+ months
4121-AGSIN,FEMALE,0,yes,Yes,58,One year,Credit card (automatic),No,24.50,1497,No,Low/Medium,25+ months
5089-IFSDP,FEMALE,0,yes,No,58,Two year,Bank transfer (automatic),Fiber optic,109.45,6144,Yes,Low/Medium,25+ months
4859-ZSRDZ,FEMALE,0,yes,Yes,58,Two year,Credit card (automatic),DSL,55.50,3166,No,Low/Medium,25+ months
5320-BRKGK,FEMALE,0,yes,Yes,58,Two year,Mailed check,DSL,75.80,4415,No,Low/Medium,25+ months
5356-KZCKT,MALE,0,No,No,58,Two year,Credit card (automatic),No,24.45,1513,No,Low/Medium,25+ months
5443-SCMKX,FEMALE,0,yes,No,58,One year,Electronic check,Fiber optic,94.30,5610,No,Low/Medium,25+ months
5578-NKCXI,FEMALE,0,yes,Yes,58,One year,Credit card (automatic),Fiber optic,99.25,5846,No,Low/Medium,25+ months
5614-DNZCE,FEMALE,0,No,No,58,Two year,Credit card (automatic),DSL,64.90,3795,No,Low/Medium,25+ months
5567-GZKQY,MALE,0,No,No,58,Two year,Credit card (automatic),No,20.30,1131,No,Low/Medium,25+ months
5641-DMBFJ,FEMALE,0,yes,No,58,Two year,Electronic check,DSL,84.30,4916,No,Low/Medium,25+ months
5708-EVONK,FEMALE,0,yes,Yes,58,Month-to-month,Bank transfer (automatic),Fiber optic,93.40,5435,Yes,Low/Medium,25+ months
5887-IKKYO,MALE,0,yes,Yes,58,Two year,Bank transfer (automatic),Fiber optic,94.35,5563,No,Low/Medium,25+ months
5995-LFTLE,MALE,0,No,No,58,Two year,Credit card (automatic),No,25.30,1474,No,Low/Medium,25+ months
6847-KJLTS,FEMALE,1,yes,No,58,Month-to-month,Bank transfer (automatic),Fiber optic,100.40,5749,No,Low/Medium,25+ months
6968-MHOMU,MALE,0,yes,No,58,One year,Credit card (automatic),DSL,45.00,2689,No,Low/Medium,25+ months
7162-WPHPM,MALE,0,yes,Yes,58,Two year,Credit card (automatic),DSL,71.60,4230,No,Low/Medium,25+ months
6625-FLENO,MALE,0,yes,No,58,Two year,Mailed check,No,20.75,1185,No,Low/Medium,25+ months
6762-QVYJO,FEMALE,0,yes,Yes,58,Two year,Mailed check,DSL,59.75,3624,No,Low/Medium,25+ months
6848-YLDFR,MALE,0,yes,Yes,58,One year,Credit card (automatic),DSL,75.20,4300,No,Low/Medium,25+ months
7544-ZVIKX,MALE,0,yes,Yes,58,One year,Bank transfer (automatic),Fiber optic,105.05,6004,No,Low/Medium,25+ months
7636-PEPNS,FEMALE,0,yes,Yes,58,One year,Mailed check,DSL,44.10,2413,No,Low/Medium,25+ months
7670-ZBPOQ,FEMALE,0,yes,No,58,One year,Bank transfer (automatic),DSL,61.05,3478,No,Low/Medium,25+ months
7824-PANSQ,MALE,0,No,No,58,Month-to-month,Bank transfer (automatic),Fiber optic,80.65,4807,No,Low/Medium,25+ months
8091-TTVAX,MALE,0,yes,No,58,One year,Credit card (automatic),Fiber optic,100.35,5681,No,Low/Medium,25+ months
8224-UAXBZ,FEMALE,0,yes,No,58,One year,Electronic check,DSL,45.35,2540,No,Low/Medium,25+ months
8361-LBRDI,FEMALE,0,No,No,58,Two year,Credit card (automatic),No,24.35,1423,No,Low/Medium,25+ months
8331-ZXFOE,FEMALE,0,No,No,58,One year,Credit card (automatic),DSL,71.10,4299,No,Low/Medium,25+ months
8819-ZBYNA,FEMALE,0,yes,No,58,Two year,Credit card (automatic),Fiber optic,109.10,6393,No,Low/Medium,25+ months
9084-OAYKL,MALE,0,No,No,58,Two year,Mailed check,No,20.80,1212,No,Low/Medium,25+ months
9661-JALZV,FEMALE,0,No,No,58,Two year,Credit card (automatic),No,24.70,1519,No,Low/Medium,25+ months
9830-ECLEN,MALE,0,yes,Yes,58,One year,Mailed check,DSL,50.00,2919,No,Low/Medium,25+ months
3259-KNMRR,MALE,1,No,No,57,Two year,Bank transfer (automatic),DSL,79.75,4438,No,Low/Medium,25+ months
3207-OYBWH,MALE,1,yes,No,57,Month-to-month,Bank transfer (automatic),Fiber optic,95.25,5427,Yes,Low/Medium,25+ months
3164-YAXFY,MALE,0,No,No,57,Month-to-month,Electronic check,DSL,53.75,3196,No,Low/Medium,25+ months
3132-TVFDZ,MALE,1,yes,No,57,Month-to-month,Electronic check,DSL,44.85,2572,Yes,Low/Medium,25+ months
2972-YDYUW,FEMALE,0,No,No,57,One year,Electronic check,Fiber optic,94.70,5468,No,Low/Medium,25+ months
2550-AEVRU,FEMALE,0,yes,Yes,57,One year,Electronic check,DSL,53.45,3053,No,Low/Medium,25+ months
2883-ILGWO,MALE,1,No,No,57,Month-to-month,Bank transfer (automatic),Fiber optic,104.90,5913,No,Low/Medium,25+ months
2267-WTPYD,FEMALE,1,yes,No,57,Month-to-month,Credit card (automatic),Fiber optic,94.00,5438,No,Low/Medium,25+ months
2293-IJWPS,FEMALE,0,yes,No,57,One year,Credit card (automatic),Fiber optic,100.75,5985,No,Low/Medium,25+ months
2325-ZUSFD,FEMALE,0,yes,Yes,57,One year,Bank transfer (automatic),DSL,70.10,3913,Yes,Low/Medium,25+ months
1573-LGXBA,MALE,0,yes,Yes,57,One year,Credit card (automatic),Fiber optic,97.55,5598,No,Low/Medium,25+ months
1447-PJGGA,FEMALE,0,No,No,57,Two year,Electronic check,Fiber optic,95.25,5464,Yes,Low/Medium,25+ months
1399-OUPJN,FEMALE,0,yes,Yes,57,Two year,Bank transfer (automatic),No,19.75,1272,No,Low/Medium,25+ months
1400-WIVLL,MALE,0,yes,No,57,Two year,Electronic check,Fiber optic,107.95,5969,No,Low/Medium,25+ months
1023-BQXZE,MALE,0,No,No,57,Two year,Bank transfer (automatic),DSL,74.35,4317,No,Low/Medium,25+ months
1139-WUOAH,MALE,0,No,No,57,Two year,Credit card (automatic),DSL,53.35,3090,No,Low/Medium,25+ months
0103-CSITQ,FEMALE,0,yes,No,57,One year,Bank transfer (automatic),Fiber optic,109.40,6252,No,Low/Medium,25+ months
0780-XNZFN,MALE,0,No,No,57,Two year,Bank transfer (automatic),No,20.65,1125,No,Low/Medium,25+ months
0716-BQNDX,MALE,1,No,No,57,Two year,Electronic check,Fiber optic,93.75,5625,No,Low/Medium,25+ months
0699-NDKJM,FEMALE,0,yes,No,57,Month-to-month,Bank transfer (automatic),DSL,58.75,3437,No,Low/Medium,25+ months
0533-UCAAU,MALE,1,yes,No,57,One year,Credit card (automatic),DSL,71.10,4140,No,Low/Medium,25+ months
0602-DDUML,FEMALE,0,No,No,57,Two year,Mailed check,DSL,69.75,3894,No,Low/Medium,25+ months
0508-SQWPL,FEMALE,0,yes,Yes,57,Two year,Bank transfer (automatic),No,20.10,1087,No,Low/Medium,25+ months
5821-MMEIL,FEMALE,0,yes,No,57,Two year,Bank transfer (automatic),No,19.90,1115,No,Low/Medium,25+ months
6169-PGNCD,FEMALE,0,No,No,57,Two year,Credit card (automatic),DSL,74.30,4166,No,Low/Medium,25+ months
6217-KDYWC,MALE,0,No,Yes,57,Two year,Mailed check,No,19.60,1170,No,Low/Medium,25+ months
6195-MELTI,MALE,0,No,No,57,One year,Mailed check,DSL,54.65,3134,No,Low/Medium,25+ months
5414-OFQCB,MALE,0,No,No,57,Two year,Credit card (automatic),Fiber optic,90.45,5229,No,Low/Medium,25+ months
5240-CAOYT,FEMALE,0,No,No,57,Month-to-month,Bank transfer (automatic),Fiber optic,87.55,4884,No,Low/Medium,25+ months
5236-PERKL,FEMALE,0,No,No,57,Two year,Bank transfer (automatic),Fiber optic,112.95,6465,Yes,Low/Medium,25+ months
4884-TVUQF,FEMALE,1,No,No,57,Two year,Credit card (automatic),Fiber optic,101.30,5779,No,Low/Medium,25+ months
5016-LIPDW,MALE,0,yes,Yes,57,One year,Mailed check,No,19.40,1061,No,Low/Medium,25+ months
4990-ALDGW,MALE,0,No,No,57,Two year,Mailed check,No,20.75,1118,No,Low/Medium,25+ months
4981-FLTMF,FEMALE,0,yes,Yes,57,Month-to-month,Bank transfer (automatic),DSL,65.20,3687,No,Low/Medium,25+ months
5198-EFNBM,MALE,1,yes,No,57,One year,Electronic check,Fiber optic,90.65,5199,No,Low/Medium,25+ months
4188-FRABG,MALE,0,yes,No,57,Month-to-month,Electronic check,Fiber optic,103.05,5925,No,Low/Medium,25+ months
4188-PCPIG,FEMALE,0,yes,No,57,Two year,Credit card (automatic),DSL,70.35,4124,No,Low/Medium,25+ months
4685-ERGHK,MALE,0,No,No,57,One year,Electronic check,Fiber optic,86.90,4939,No,Low/Medium,25+ months
4628-CTTLA,MALE,0,No,No,57,Month-to-month,Electronic check,DSL,39.30,2111,Yes,Low/Medium,25+ months
3950-VPYJB,MALE,0,yes,Yes,57,One year,Mailed check,DSL,59.60,3509,No,Low/Medium,25+ months
3768-NLUBH,MALE,1,yes,No,57,Month-to-month,Electronic check,Fiber optic,100.60,5746,Yes,Low/Medium,25+ months
3621-CHYVB,FEMALE,0,yes,No,57,Month-to-month,Bank transfer (automatic),DSL,49.90,2782,No,Low/Medium,25+ months
3585-YNADK,FEMALE,0,yes,No,57,One year,Bank transfer (automatic),DSL,74.60,4368,No,Low/Medium,25+ months
3474-BAFSJ,MALE,0,yes,No,57,Two year,Bank transfer (automatic),DSL,57.50,3265,No,Low/Medium,25+ months
6463-MVYRY,FEMALE,1,No,No,57,Two year,Bank transfer (automatic),DSL,69.85,4003,No,Low/Medium,25+ months
8996-ZROXE,MALE,1,No,No,57,One year,Electronic check,DSL,53.50,3035,No,Low/Medium,25+ months
8961-QDZZJ,FEMALE,0,yes,Yes,57,One year,Electronic check,Fiber optic,95.00,5535,No,Low/Medium,25+ months
9297-FVVDH,FEMALE,0,yes,Yes,57,Two year,Electronic check,DSL,84.50,4845,No,Low/Medium,25+ months
8727-JQFHV,MALE,0,yes,Yes,57,Two year,Mailed check,No,20.75,1123,No,Low/Medium,25+ months
8745-PVESG,FEMALE,0,No,No,57,One year,Credit card (automatic),DSL,41.10,2258,No,Low/Medium,25+ months
8755-OGKNA,FEMALE,0,yes,Yes,57,Two year,Bank transfer (automatic),No,19.50,1167,No,Low/Medium,25+ months
8647-SDTWQ,MALE,0,yes,Yes,57,Month-to-month,Electronic check,Fiber optic,74.30,4018,No,Low/Medium,25+ months
8384-FZBJK,FEMALE,0,yes,Yes,57,Month-to-month,Electronic check,Fiber optic,100.60,5611,No,Low/Medium,25+ months
8421-WZOOW,FEMALE,1,yes,Yes,57,Month-to-month,Credit card (automatic),Fiber optic,95.30,5567,No,Low/Medium,25+ months
8468-EHYJA,FEMALE,0,yes,No,57,Month-to-month,Electronic check,Fiber optic,99.65,5497,No,Low/Medium,25+ months
8464-EETCQ,MALE,0,No,No,57,Two year,Credit card (automatic),No,18.80,1094,No,Low/Medium,25+ months
7672-VFMXZ,MALE,0,yes,No,57,Month-to-month,Electronic check,DSL,55.70,3171,No,Low/Medium,25+ months
7733-UDMTP,FEMALE,1,No,No,57,Month-to-month,Electronic check,DSL,55.00,3094,No,Low/Medium,25+ months
7633-MVPUY,MALE,0,yes,No,57,Two year,Electronic check,DSL,59.75,3450,No,Low/Medium,25+ months
7493-GVFIO,MALE,0,No,No,57,Two year,Credit card (automatic),No,20.55,1252,No,Low/Medium,25+ months
7529-ZDFXI,MALE,1,yes,No,57,Month-to-month,Electronic check,Fiber optic,89.85,4925,No,Low/Medium,25+ months
7416-CKTEP,FEMALE,0,yes,No,57,Two year,Bank transfer (automatic),No,19.60,1134,No,Low/Medium,25+ months
6771-XWBDM,FEMALE,0,yes,No,57,Month-to-month,Credit card (automatic),Fiber optic,104.50,5921,Yes,Low/Medium,25+ months
7164-BPTUT,MALE,0,No,Yes,57,Two year,Mailed check,DSL,89.55,5012,No,Low/Medium,25+ months
7153-CHRBV,FEMALE,0,yes,Yes,57,One year,Mailed check,DSL,59.30,3274,No,Low/Medium,25+ months
0621-TSSMU,MALE,0,yes,No,56,One year,Credit card (automatic),No,19.95,1126,No,Low/Medium,25+ months
0019-GFNTW,FEMALE,0,No,No,56,Two year,Bank transfer (automatic),DSL,45.05,2560,No,Low/Medium,25+ months
0356-OBMAC,FEMALE,1,No,No,56,Two year,Bank transfer (automatic),Fiber optic,99.90,5706,No,Low/Medium,25+ months
1206-EHBDD,FEMALE,0,yes,No,56,Two year,Bank transfer (automatic),Fiber optic,80.30,4513,No,Low/Medium,25+ months
1061-PNTHC,FEMALE,0,yes,Yes,56,Month-to-month,Mailed check,Fiber optic,109.60,5953,No,Low/Medium,25+ months
1088-AUUZZ,MALE,0,yes,Yes,56,Two year,Credit card (automatic),DSL,75.85,4261,No,Low/Medium,25+ months
1091-SOZGA,FEMALE,0,yes,Yes,56,One year,Credit card (automatic),Fiber optic,99.80,5515,No,Low/Medium,25+ months
1020-JPQOW,FEMALE,0,yes,No,56,Month-to-month,Electronic check,Fiber optic,90.55,5116,No,Low/Medium,25+ months
1004-NOZNR,MALE,1,No,Yes,56,One year,Credit card (automatic),Fiber optic,94.80,5264,No,Low/Medium,25+ months
1043-YCUTE,MALE,0,yes,No,56,Two year,Credit card (automatic),No,25.15,1327,Yes,Low/Medium,25+ months
0880-FVFWF,MALE,0,No,No,56,Month-to-month,Electronic check,Fiber optic,86.40,4922,No,Low/Medium,25+ months
0899-WZRSD,MALE,0,No,No,56,Month-to-month,Mailed check,Fiber optic,105.35,5794,No,Low/Medium,25+ months
1427-VERSM,FEMALE,0,yes,No,56,Month-to-month,Electronic check,Fiber optic,98.70,5669,No,Low/Medium,25+ months
1450-SKCVI,FEMALE,0,No,No,56,Month-to-month,Electronic check,Fiber optic,73.85,4092,Yes,Low/Medium,25+ months
2418-TPEUN,FEMALE,0,yes,Yes,56,Two year,Credit card (automatic),No,19.80,1119,No,Low/Medium,25+ months
2208-UGTGR,MALE,0,No,No,56,Month-to-month,Electronic check,Fiber optic,98.60,5581,No,Low/Medium,25+ months
1741-WTPON,MALE,0,yes,Yes,56,Two year,Mailed check,Fiber optic,115.85,6567,No,Low/Medium,25+ months
1935-IMVBB,MALE,0,yes,No,56,Month-to-month,Mailed check,Fiber optic,89.70,4952,No,Low/Medium,25+ months
2805-EDJPQ,FEMALE,0,yes,Yes,56,One year,Credit card (automatic),Fiber optic,99.75,5608,No,Low/Medium,25+ months
2530-FMFXO,MALE,0,yes,Yes,56,Two year,Electronic check,Fiber optic,103.20,5873,No,Low/Medium,25+ months
2673-CXQEU,FEMALE,1,No,No,56,One year,Electronic check,Fiber optic,110.50,6139,No,Low/Medium,25+ months
2929-QNSRW,FEMALE,0,yes,No,56,One year,Electronic check,Fiber optic,98.25,5508,Yes,Low/Medium,25+ months
2924-KHUVI,MALE,0,yes,No,56,One year,Electronic check,Fiber optic,100.55,5514,No,Low/Medium,25+ months
2908-WGAXL,FEMALE,0,yes,Yes,56,Two year,Credit card (automatic),No,24.95,1468,No,Low/Medium,25+ months
3050-RLLXC,FEMALE,0,yes,Yes,56,Two year,Credit card (automatic),DSL,81.25,4620,No,Low/Medium,25+ months
3143-ILDAL,MALE,0,No,No,56,Month-to-month,Electronic check,Fiber optic,94.45,5124,Yes,Low/Medium,25+ months
6481-LXPWL,MALE,0,yes,Yes,56,One year,Credit card (automatic),DSL,36.10,1971,No,Low/Medium,25+ months
3489-VSFRD,FEMALE,0,No,No,56,One year,Credit card (automatic),DSL,60.25,3282,No,Low/Medium,25+ months
3646-ITDGM,FEMALE,0,No,No,56,Two year,Bank transfer (automatic),No,19.70,1051,No,Low/Medium,25+ months
3791-LGQCY,FEMALE,1,yes,No,56,Month-to-month,Bank transfer (automatic),Fiber optic,100.65,5688,Yes,Low/Medium,25+ months
4007-NHVHI,FEMALE,1,No,No,56,Month-to-month,Electronic check,Fiber optic,96.85,5219,No,Low/Medium,25+ months
4010-YLMVT,FEMALE,0,No,No,56,Month-to-month,Credit card (automatic),Fiber optic,106.60,5893,No,Low/Medium,25+ months
4612-THJBS,FEMALE,1,No,No,56,One year,Bank transfer (automatic),Fiber optic,104.75,5510,Yes,Low/Medium,25+ months
4521-WFJAI,MALE,0,No,No,56,Two year,Bank transfer (automatic),No,25.95,1444,No,Low/Medium,25+ months
4597-ELFTS,MALE,0,No,No,56,One year,Electronic check,No,24.90,1334,Yes,Low/Medium,25+ months
4840-ORQXB,FEMALE,1,No,No,56,Month-to-month,Electronic check,Fiber optic,104.75,5841,No,Low/Medium,25+ months
4710-FDUIZ,MALE,0,yes,No,56,One year,Credit card (automatic),Fiber optic,100.30,5614,Yes,Low/Medium,25+ months
4114-QMKVN,FEMALE,0,yes,Yes,56,One year,Bank transfer (automatic),DSL,68.75,3815,No,Low/Medium,25+ months
4295-YURET,FEMALE,1,yes,Yes,56,Two year,Credit card (automatic),DSL,72.60,4084,No,Low/Medium,25+ months
4299-OPXEJ,FEMALE,0,No,No,56,Two year,Bank transfer (automatic),No,19.55,1080,No,Low/Medium,25+ months
4355-CVPVS,FEMALE,0,yes,Yes,56,One year,Bank transfer (automatic),Fiber optic,88.90,4968,No,Low/Medium,25+ months
4369-NYSCF,MALE,0,No,No,56,One year,Bank transfer (automatic),DSL,75.75,4284,No,Low/Medium,25+ months
5181-OABFK,FEMALE,0,yes,Yes,56,Two year,Credit card (automatic),DSL,61.30,3346,No,Low/Medium,25+ months
5127-BZENZ,FEMALE,0,yes,Yes,56,One year,Bank transfer (automatic),DSL,65.20,3512,No,Low/Medium,25+ months
4979-HPRFL,MALE,0,yes,Yes,56,Two year,Bank transfer (automatic),No,24.15,1402,No,Low/Medium,25+ months
5018-GWURO,FEMALE,0,yes,No,56,Month-to-month,Bank transfer (automatic),Fiber optic,85.60,4902,No,Low/Medium,25+ months
5035-PGZXH,FEMALE,0,No,No,56,One year,Electronic check,Fiber optic,106.80,5914,No,Low/Medium,25+ months
4869-EPIUS,MALE,0,yes,No,56,One year,Electronic check,Fiber optic,80.90,4557,No,Low/Medium,25+ months
4849-PYRLQ,FEMALE,1,No,No,56,Two year,Bank transfer (automatic),DSL,73.25,4054,No,Low/Medium,25+ months
4872-VXRIL,MALE,0,No,No,56,One year,Bank transfer (automatic),DSL,64.65,3665,No,Low/Medium,25+ months
4913-EHYUI,MALE,1,yes,Yes,56,One year,Bank transfer (automatic),Fiber optic,104.55,5794,Yes,Low/Medium,25+ months
5285-MVEHD,FEMALE,0,yes,No,56,One year,Credit card (automatic),Fiber optic,105.60,6068,No,Low/Medium,25+ months
5451-MHQOF,MALE,0,yes,Yes,56,One year,Mailed check,No,24.45,1431,No,Low/Medium,25+ months
6198-PNNSZ,FEMALE,0,yes,No,56,One year,Bank transfer (automatic),Fiber optic,109.80,6109,No,Low/Medium,25+ months
6128-DAFVY,FEMALE,0,No,No,56,Month-to-month,Credit card (automatic),DSL,44.85,2564,No,Low/Medium,25+ months
6284-KMNUF,FEMALE,0,yes,No,56,One year,Electronic check,Fiber optic,98.00,5270,No,Low/Medium,25+ months
6229-UOLQL,MALE,0,yes,Yes,56,One year,Mailed check,DSL,52.00,2884,No,Low/Medium,25+ months
5820-PTRYM,FEMALE,1,yes,No,56,One year,Credit card (automatic),DSL,68.45,4014,No,Low/Medium,25+ months
5827-MWCZK,MALE,0,yes,Yes,56,Month-to-month,Credit card (automatic),Fiber optic,96.95,5432,No,Low/Medium,25+ months
5791-KAJFD,FEMALE,0,yes,Yes,56,One year,Bank transfer (automatic),DSL,68.75,3808,No,Low/Medium,25+ months
5893-PYOLZ,MALE,0,No,No,56,Two year,Credit card (automatic),DSL,81.80,4534,No,Low/Medium,25+ months
7018-FPXHH,MALE,0,yes,Yes,56,Two year,Bank transfer (automatic),DSL,59.80,3457,No,Low/Medium,25+ months
6922-NCEDI,MALE,0,No,Yes,56,One year,Mailed check,No,21.20,1238,No,Low/Medium,25+ months
6766-HFKLA,FEMALE,0,yes,No,56,Two year,Bank transfer (automatic),Fiber optic,103.20,5744,No,Low/Medium,25+ months
6815-ABQFQ,MALE,0,yes,No,56,One year,Electronic check,Fiber optic,107.25,6033,No,Low/Medium,25+ months
6681-ZSEXG,MALE,0,yes,No,56,Two year,Credit card (automatic),DSL,59.50,3389,No,Low/Medium,25+ months
6664-FPDAC,FEMALE,1,No,No,56,One year,Electronic check,Fiber optic,111.95,6418,Yes,Low/Medium,25+ months
7629-WFGLW,FEMALE,1,yes,No,56,One year,Electronic check,Fiber optic,95.65,5471,No,Low/Medium,25+ months
7622-FWGEW,MALE,1,yes,No,56,Two year,Bank transfer (automatic),DSL,85.65,4824,No,Low/Medium,25+ months
7901-TBKJX,MALE,1,No,No,56,Month-to-month,Electronic check,Fiber optic,101.05,5594,No,Low/Medium,25+ months
8023-QHAIO,FEMALE,1,yes,No,56,Month-to-month,Bank transfer (automatic),Fiber optic,76.85,4275,No,Low/Medium,25+ months
8268-YDIXR,MALE,0,yes,No,56,One year,Electronic check,Fiber optic,93.15,5253,No,Low/Medium,25+ months
8129-GMVGI,FEMALE,0,yes,Yes,56,Two year,Mailed check,No,20.05,1090,No,Low/Medium,25+ months
8626-XHBIE,MALE,0,No,Yes,56,Two year,Mailed check,No,24.80,1424,No,Low/Medium,25+ months
8677-HDZEE,FEMALE,0,No,No,56,Month-to-month,Bank transfer (automatic),Fiber optic,105.45,5916,No,Low/Medium,25+ months
9150-HEPMB,MALE,0,No,No,56,One year,Mailed check,DSL,52.70,3019,No,Low/Medium,25+ months
9200-NLNPD,MALE,0,yes,No,56,One year,Bank transfer (automatic),DSL,54.05,2959,No,Low/Medium,25+ months
8958-JPTRR,FEMALE,0,yes,No,56,One year,Electronic check,No,24.30,1261,No,Low/Medium,25+ months
9711-FJTBX,MALE,0,yes,Yes,56,One year,Mailed check,Fiber optic,85.85,4793,No,Low/Medium,25+ months
9593-CVZKR,FEMALE,0,yes,Yes,56,Two year,Mailed check,No,24.45,1385,No,Low/Medium,25+ months
3162-KKZXO,FEMALE,1,No,No,55,One year,Electronic check,Fiber optic,100.15,5409,No,Low/Medium,25+ months
3005-NFMTA,MALE,1,No,No,55,Month-to-month,Electronic check,Fiber optic,98.80,5617,Yes,Low/Medium,25+ months
3005-TYFRD,FEMALE,0,yes,No,55,Month-to-month,Credit card (automatic),Fiber optic,103.65,5676,No,Low/Medium,25+ months
2696-ECXKC,FEMALE,0,yes,Yes,55,One year,Mailed check,Fiber optic,100.90,5448,No,Low/Medium,25+ months
1925-LFCZZ,MALE,1,No,No,55,One year,Bank transfer (automatic),DSL,50.05,2743,No,Low/Medium,25+ months
2055-SIFSS,FEMALE,1,yes,No,55,Month-to-month,Bank transfer (automatic),DSL,51.65,2838,No,Low/Medium,25+ months
2075-PUEPR,MALE,0,yes,Yes,55,Two year,Bank transfer (automatic),No,19.35,1153,No,Low/Medium,25+ months
2101-RANCD,FEMALE,0,No,No,55,Month-to-month,Electronic check,Fiber optic,73.10,4144,No,Low/Medium,25+ months
2404-JIBFC,FEMALE,0,yes,Yes,55,Two year,Bank transfer (automatic),DSL,85.10,4657,No,Low/Medium,25+ months
2400-FEQME,MALE,0,yes,Yes,55,Two year,Mailed check,No,20.50,1177,No,Low/Medium,25+ months
2338-BQEZT,FEMALE,0,No,No,55,Month-to-month,Credit card (automatic),DSL,50.55,2832,No,Low/Medium,25+ months
1552-CZCLL,FEMALE,0,yes,Yes,55,Month-to-month,Credit card (automatic),No,20.00,1087,No,Low/Medium,25+ months
1264-BYWMS,MALE,0,No,No,55,Month-to-month,Electronic check,Fiber optic,96.80,5283,Yes,Low/Medium,25+ months
1335-MXCSE,MALE,0,yes,Yes,55,Two year,Credit card (automatic),DSL,55.25,3119,No,Low/Medium,25+ months
1303-SRDOK,FEMALE,0,yes,Yes,55,Two year,Credit card (automatic),Fiber optic,69.05,3842,No,Low/Medium,25+ months
0913-XWSCN,MALE,0,yes,Yes,55,Month-to-month,Bank transfer (automatic),Fiber optic,85.50,4713,No,Low/Medium,25+ months
1073-XXCZD,MALE,0,yes,No,55,Two year,Bank transfer (automatic),No,25.70,1443,No,Low/Medium,25+ months
1098-KFQEC,FEMALE,0,yes,Yes,55,Two year,Credit card (automatic),No,19.40,1083,No,Low/Medium,25+ months
0334-ZFJSR,FEMALE,0,yes,No,55,One year,Credit card (automatic),DSL,66.05,3462,No,Low/Medium,25+ months
0412-UCCNP,MALE,0,No,No,55,Two year,Electronic check,DSL,59.20,3175,No,Low/Medium,25+ months
0036-IHMOT,FEMALE,0,yes,Yes,55,One year,Bank transfer (automatic),Fiber optic,103.70,5656,No,Low/Medium,25+ months
0058-EVZWM,FEMALE,0,yes,No,55,Month-to-month,Bank transfer (automatic),Fiber optic,89.80,4959,No,Low/Medium,25+ months
0531-ZZJWQ,MALE,1,yes,No,55,Month-to-month,Electronic check,Fiber optic,74.00,4052,No,Low/Medium,25+ months
0533-BNWKF,FEMALE,1,yes,No,55,Month-to-month,Electronic check,Fiber optic,85.45,4874,Yes,Low/Medium,25+ months
0486-HECZI,MALE,0,yes,No,55,Month-to-month,Electronic check,Fiber optic,96.75,5238,Yes,Low/Medium,25+ months
0813-TAXXS,MALE,0,No,No,55,Two year,Bank transfer (automatic),DSL,77.80,4323,No,Low/Medium,25+ months
0727-BMPLR,FEMALE,1,No,No,55,One year,Electronic check,Fiber optic,100.00,5509,Yes,Low/Medium,25+ months
5906-DVAPM,FEMALE,0,yes,Yes,55,One year,Credit card (automatic),DSL,75.00,4213,No,Low/Medium,25+ months
5793-YOLJN,FEMALE,0,yes,Yes,55,Two year,Mailed check,No,21.00,1210,No,Low/Medium,25+ months
6051-PTVNS,FEMALE,0,yes,Yes,55,One year,Credit card (automatic),No,19.15,998,No,Low/Medium,25+ months
5536-SLHPM,FEMALE,0,yes,No,55,Month-to-month,Electronic check,Fiber optic,77.75,4458,Yes,Low/Medium,25+ months
4918-FYJNT,FEMALE,1,yes,No,55,Month-to-month,Electronic check,Fiber optic,90.45,5044,No,Low/Medium,25+ months
4877-TSOFF,FEMALE,0,yes,Yes,55,One year,Bank transfer (automatic),DSL,75.75,4264,No,Low/Medium,25+ months
5095-ETBRJ,FEMALE,0,yes,No,55,Two year,Mailed check,DSL,56.80,3112,No,Low/Medium,25+ months
4135-FRWKJ,FEMALE,1,yes,Yes,55,One year,Electronic check,DSL,76.25,4154,No,Low/Medium,25+ months
4088-YLDSU,MALE,0,yes,No,55,One year,Electronic check,Fiber optic,104.15,5743,Yes,Low/Medium,25+ months
4701-AHWMW,MALE,0,yes,No,55,Month-to-month,Bank transfer (automatic),DSL,54.55,2978,Yes,Low/Medium,25+ months
4547-FZJWE,MALE,0,yes,Yes,55,One year,Credit card (automatic),DSL,59.45,3157,No,Low/Medium,25+ months
4644-OBGFZ,MALE,0,yes,Yes,55,One year,Mailed check,No,19.50,1026,No,Low/Medium,25+ months
3807-BPOMJ,FEMALE,0,yes,No,55,One year,Electronic check,Fiber optic,94.75,5276,No,Low/Medium,25+ months
3605-JISKB,MALE,1,yes,No,55,One year,Credit card (automatic),DSL,60.00,3316,No,Low/Medium,25+ months
3541-ZNUHK,FEMALE,0,yes,Yes,55,Month-to-month,Electronic check,Fiber optic,85.10,4600,No,Low/Medium,25+ months
3537-HPKQT,FEMALE,0,yes,No,55,Month-to-month,Credit card (automatic),Fiber optic,77.75,4266,No,Low/Medium,25+ months
3400-ESFUW,MALE,0,yes,Yes,55,Two year,Bank transfer (automatic),DSL,57.55,3046,Yes,Low/Medium,25+ months
9591-YVTEB,MALE,1,No,No,55,Month-to-month,Electronic check,DSL,44.85,2479,No,Low/Medium,25+ months
9691-HKOVS,FEMALE,0,yes,No,55,One year,Electronic check,DSL,90.15,4916,No,Low/Medium,25+ months
9018-PCIOK,FEMALE,0,No,No,55,Two year,Mailed check,DSL,64.75,3617,No,Low/Medium,25+ months
9220-ZNKJI,FEMALE,1,yes,No,55,Two year,Credit card (automatic),Fiber optic,88.80,4805,No,Low/Medium,25+ months
8807-OPMBM,FEMALE,0,yes,Yes,55,Two year,Credit card (automatic),No,25.65,1388,No,Low/Medium,25+ months
8380-MQINP,FEMALE,0,yes,Yes,55,Two year,Mailed check,No,20.30,1079,No,Low/Medium,25+ months
8400-WZICQ,FEMALE,0,yes,Yes,55,Month-to-month,Electronic check,DSL,55.70,3131,No,Low/Medium,25+ months
8034-RYTVV,FEMALE,0,No,No,55,One year,Credit card (automatic),Fiber optic,84.25,4589,No,Low/Medium,25+ months
8016-NCFVO,MALE,1,No,No,55,Month-to-month,Electronic check,Fiber optic,116.50,6382,No,Low/Medium,25+ months
7879-CGSFV,MALE,0,No,No,55,One year,Mailed check,Fiber optic,100.90,5552,No,Low/Medium,25+ months
7740-BTPUX,MALE,1,yes,No,55,Two year,Electronic check,Fiber optic,113.60,6292,No,Low/Medium,25+ months
7753-USQYQ,MALE,0,No,No,55,One year,Electronic check,DSL,64.20,3627,No,Low/Medium,25+ months
7449-HVPIV,MALE,0,yes,Yes,55,Month-to-month,Credit card (automatic),Fiber optic,90.40,5099,No,Low/Medium,25+ months
7269-JISCY,FEMALE,0,No,No,55,One year,Bank transfer (automatic),DSL,45.05,2462,No,Low/Medium,25+ months
7271-AJDTL,FEMALE,0,yes,No,55,Month-to-month,Credit card (automatic),Fiber optic,94.45,5073,No,Low/Medium,25+ months
6504-VBLFL,MALE,0,yes,No,55,Two year,Electronic check,DSL,58.60,3068,No,Low/Medium,25+ months
6968-GMKPR,FEMALE,0,No,No,55,Month-to-month,Electronic check,Fiber optic,81.55,4509,No,Low/Medium,25+ months
6974-DAFLI,FEMALE,0,yes,No,55,One year,Electronic check,No,19.70,1140,No,Low/Medium,25+ months
7009-PCARS,MALE,0,No,Yes,55,One year,Bank transfer (automatic),No,19.10,1001,No,Low/Medium,25+ months
7148-XZPHA,MALE,0,yes,Yes,55,Month-to-month,Electronic check,Fiber optic,79.40,4238,No,Low/Medium,25+ months
0757-WCUUZ,MALE,0,yes,Yes,54,Two year,Credit card (automatic),DSL,63.35,3409,No,Low/Medium,25+ months
0442-ZXKVS,FEMALE,1,yes,No,54,One year,Bank transfer (automatic),Fiber optic,115.60,6431,No,Low/Medium,25+ months
0536-ESJEP,MALE,0,yes,No,54,Two year,Bank transfer (automatic),DSL,74.55,4191,No,Low/Medium,25+ months
0040-HALCW,MALE,0,yes,Yes,54,Two year,Credit card (automatic),No,20.40,1090,No,Low/Medium,25+ months
0017-DINOC,MALE,0,No,No,54,Two year,Credit card (automatic),DSL,45.20,2460,No,Low/Medium,25+ months
0206-TBWLC,FEMALE,0,yes,No,54,One year,Mailed check,Fiber optic,114.65,6049,No,Low/Medium,25+ months
0406-BPDVR,FEMALE,1,yes,No,54,One year,Credit card (automatic),Fiber optic,101.50,5373,Yes,Low/Medium,25+ months
0292-WEGCH,FEMALE,0,yes,Yes,54,Month-to-month,Electronic check,DSL,86.20,4524,No,Low/Medium,25+ months
1114-CENIM,MALE,0,No,Yes,54,Month-to-month,Credit card (automatic),DSL,55.00,3092,Yes,Low/Medium,25+ months
0877-SDMBN,FEMALE,0,No,No,54,One year,Bank transfer (automatic),Fiber optic,103.95,5639,Yes,Low/Medium,25+ months
0895-DQHEW,MALE,0,yes,No,54,Month-to-month,Electronic check,Fiber optic,104.30,5278,Yes,Low/Medium,25+ months
0931-MHTEM,FEMALE,0,No,No,54,One year,Credit card (automatic),Fiber optic,100.05,5299,No,Low/Medium,25+ months
0956-ACVZC,FEMALE,0,No,No,54,One year,Credit card (automatic),Fiber optic,94.10,5060,No,Low/Medium,25+ months
1333-PBMXB,FEMALE,0,yes,Yes,54,One year,Bank transfer (automatic),No,24.75,1342,No,Low/Medium,25+ months
1409-PHXTF,MALE,1,yes,No,54,Two year,Electronic check,Fiber optic,110.45,6077,No,Low/Medium,25+ months
1360-JYXKQ,FEMALE,1,yes,No,54,One year,Electronic check,Fiber optic,99.10,5437,No,Low/Medium,25+ months
2453-SAFNS,FEMALE,1,No,No,54,One year,Mailed check,DSL,72.10,3886,No,Low/Medium,25+ months
2160-GPFXD,MALE,0,yes,Yes,54,Two year,Credit card (automatic),DSL,65.65,3566,No,Low/Medium,25+ months
2228-BZDEE,FEMALE,0,No,No,54,Two year,Mailed check,No,20.10,1079,No,Low/Medium,25+ months
1732-FEKLD,FEMALE,0,No,No,54,One year,Bank transfer (automatic),Fiber optic,94.75,5121,No,Low/Medium,25+ months
1725-IQNIY,MALE,0,yes,No,54,Two year,Bank transfer (automatic),Fiber optic,109.75,6110,Yes,Low/Medium,25+ months
2651-ZCBXV,MALE,0,No,No,54,Two year,Credit card (automatic),Fiber optic,108.00,5760,No,Low/Medium,25+ months
2586-CWXVV,MALE,0,yes,No,54,Month-to-month,Electronic check,DSL,30.40,1621,No,Low/Medium,25+ months
3120-FAZKD,MALE,0,yes,Yes,54,Two year,Bank transfer (automatic),No,24.05,1230,No,Low/Medium,25+ months
3662-FXJFO,FEMALE,0,No,No,54,Two year,Mailed check,No,20.50,1035,No,Low/Medium,25+ months
3870-MQAMG,FEMALE,0,yes,No,54,One year,Electronic check,Fiber optic,110.35,5893,Yes,Low/Medium,25+ months
3719-TDVQB,FEMALE,1,yes,No,54,Two year,Mailed check,No,18.95,1031,No,Low/Medium,25+ months
4636-OLWOE,MALE,0,No,Yes,54,One year,Electronic check,DSL,61.00,3283,No,Low/Medium,25+ months
4676-WLUHT,MALE,0,No,No,54,Two year,Bank transfer (automatic),DSL,46.20,2431,No,Low/Medium,25+ months
4525-VZCZG,MALE,0,No,Yes,54,One year,Electronic check,Fiber optic,105.85,5826,No,Low/Medium,25+ months
4176-FXYBO,MALE,0,yes,No,54,Month-to-month,Electronic check,Fiber optic,109.55,6118,No,Low/Medium,25+ months
4194-FJARJ,FEMALE,0,yes,Yes,54,Two year,Bank transfer (automatic),DSL,60.00,3273,No,Low/Medium,25+ months
4402-FTBXC,MALE,0,No,No,54,Month-to-month,Mailed check,Fiber optic,89.80,4667,No,Low/Medium,25+ months
5126-RCXYW,MALE,0,yes,Yes,54,Two year,Credit card (automatic),DSL,46.00,2424,No,Low/Medium,25+ months
5136-GFPMB,MALE,0,No,No,54,Month-to-month,Credit card (automatic),Fiber optic,89.40,4869,No,Low/Medium,25+ months
5188-HGMLP,MALE,1,yes,No,54,Month-to-month,Bank transfer (automatic),Fiber optic,74.00,3919,No,Low/Medium,25+ months
4906-ZHGPK,MALE,0,yes,Yes,54,One year,Electronic check,DSL,70.70,3770,No,Low/Medium,25+ months
5020-ZSTTY,FEMALE,1,No,No,54,One year,Bank transfer (automatic),DSL,82.45,4350,Yes,Low/Medium,25+ months
5515-AKOAJ,FEMALE,0,No,No,54,Month-to-month,Electronic check,Fiber optic,100.10,5440,Yes,Low/Medium,25+ months
5243-SAOTC,MALE,0,No,No,54,Month-to-month,Bank transfer (automatic),Fiber optic,79.85,4308,No,Low/Medium,25+ months
5331-RGMTT,MALE,1,yes,No,54,Month-to-month,Credit card (automatic),Fiber optic,99.05,5295,No,Low/Medium,25+ months
6035-RIIOM,FEMALE,0,No,No,54,Two year,Bank transfer (automatic),Fiber optic,97.20,5129,No,Low/Medium,25+ months
6250-CGGUN,MALE,0,No,No,54,One year,Electronic check,Fiber optic,84.40,4484,No,Low/Medium,25+ months
6288-CHQJB,FEMALE,0,yes,Yes,54,Two year,Bank transfer (automatic),DSL,69.95,3871,No,Low/Medium,25+ months
6353-BRMMA,FEMALE,0,yes,Yes,54,Month-to-month,Bank transfer (automatic),Fiber optic,104.10,5645,No,Low/Medium,25+ months
6008-NAIXK,MALE,1,No,No,54,One year,Electronic check,DSL,55.45,2966,No,Low/Medium,25+ months
7055-VKGDA,MALE,0,No,No,54,One year,Credit card (automatic),Fiber optic,105.40,5643,Yes,Low/Medium,25+ months
6987-XQSJT,FEMALE,1,No,No,54,Month-to-month,Electronic check,Fiber optic,79.50,4370,Yes,Low/Medium,25+ months
7029-IJEJK,FEMALE,0,No,No,54,One year,Bank transfer (automatic),DSL,44.10,2369,No,Low/Medium,25+ months
7054-DMVAS,MALE,0,No,No,54,Two year,Bank transfer (automatic),DSL,65.30,3512,No,Low/Medium,25+ months
6950-TWMYB,MALE,0,yes,Yes,54,Two year,Bank transfer (automatic),Fiber optic,79.95,4362,No,Low/Medium,25+ months
6838-YAUVY,FEMALE,0,No,No,54,Two year,Bank transfer (automatic),Fiber optic,95.10,5064,No,Low/Medium,25+ months
7427-AUFPY,MALE,0,No,No,54,Two year,Credit card (automatic),No,19.65,1008,No,Low/Medium,25+ months
7401-JIXNM,FEMALE,0,yes,Yes,54,Two year,Credit card (automatic),DSL,91.30,4965,No,Low/Medium,25+ months
7647-GYYKX,FEMALE,0,yes,Yes,54,Two year,Bank transfer (automatic),No,20.35,1092,No,Low/Medium,25+ months
7609-YBPXG,MALE,0,No,No,54,Two year,Bank transfer (automatic),DSL,87.10,4735,No,Low/Medium,25+ months
7722-CVFXN,MALE,0,yes,Yes,54,One year,Electronic check,Fiber optic,105.20,5637,No,Low/Medium,25+ months
7994-XIRTR,MALE,1,No,No,54,One year,Bank transfer (automatic),DSL,65.25,3529,No,Low/Medium,25+ months
8058-DMYRU,MALE,1,No,No,54,Month-to-month,Electronic check,Fiber optic,90.05,4931,No,Low/Medium,25+ months
8144-DGHXP,FEMALE,0,No,No,54,Two year,Electronic check,DSL,80.60,4299,No,Low/Medium,25+ months
8097-VBQTZ,MALE,0,No,No,54,Month-to-month,Mailed check,DSL,69.90,3883,No,Low/Medium,25+ months
8849-GYOKR,FEMALE,0,yes,No,54,One year,Bank transfer (automatic),Fiber optic,106.55,5763,Yes,Low/Medium,25+ months
8904-OPDCK,MALE,1,yes,No,54,Month-to-month,Bank transfer (automatic),DSL,24.95,1364,No,Low/Medium,25+ months
8510-TMWYB,FEMALE,0,yes,Yes,54,Two year,Bank transfer (automatic),DSL,59.80,3246,No,Low/Medium,25+ months
8540-ZQGEA,FEMALE,0,yes,No,54,Two year,Credit card (automatic),No,20.05,1102,No,Low/Medium,25+ months
9079-YEXQJ,FEMALE,0,No,No,54,Month-to-month,Electronic check,Fiber optic,111.10,6014,Yes,Low/Medium,25+ months
9507-HSMMZ,MALE,0,No,No,54,Two year,Mailed check,No,20.00,1149,No,Low/Medium,25+ months
9378-FXTIZ,FEMALE,0,yes,No,54,One year,Credit card (automatic),DSL,70.15,3715,Yes,Low/Medium,25+ months
3088-FVYWK,MALE,0,yes,Yes,53,Two year,Credit card (automatic),No,25.55,1336,No,Low/Medium,25+ months
3162-ZJZFU,MALE,0,yes,Yes,53,Month-to-month,Electronic check,Fiber optic,92.55,4779,No,Low/Medium,25+ months
3160-TYXLT,MALE,0,No,No,53,Month-to-month,Bank transfer (automatic),DSL,46.30,2546,No,Low/Medium,25+ months
3251-YMVWZ,MALE,0,No,No,53,One year,Bank transfer (automatic),No,24.05,1301,No,Low/Medium,25+ months
3055-OYMSE,FEMALE,1,No,No,53,Month-to-month,Credit card (automatic),Fiber optic,73.80,4003,No,Low/Medium,25+ months
2927-CVULT,FEMALE,0,yes,Yes,53,Two year,Bank transfer (automatic),Fiber optic,104.05,5566,No,Low/Medium,25+ months
2634-HCZGT,MALE,1,yes,No,53,One year,Electronic check,DSL,60.05,3229,Yes,Low/Medium,25+ months
2675-IJRGJ,MALE,0,No,No,53,Two year,Bank transfer (automatic),No,19.65,978,No,Low/Medium,25+ months
2794-XIMMO,MALE,0,yes,No,53,One year,Electronic check,DSL,60.45,3184,Yes,Low/Medium,25+ months
2858-EIMXH,FEMALE,1,yes,No,53,One year,Credit card (automatic),Fiber optic,95.85,5016,No,Low/Medium,25+ months
1722-LDZJS,MALE,0,yes,Yes,53,One year,Credit card (automatic),No,20.20,1068,No,Low/Medium,25+ months
1323-OOEPC,FEMALE,0,yes,No,53,Month-to-month,Credit card (automatic),Fiber optic,98.40,5149,Yes,Low/Medium,25+ months
1492-QGCLU,MALE,0,yes,Yes,53,Month-to-month,Electronic check,DSL,85.70,4616,No,Low/Medium,25+ months
1657-DYMBM,MALE,0,yes,No,53,Two year,Credit card (automatic),No,19.90,1110,No,Low/Medium,25+ months
0887-WBJVH,FEMALE,0,yes,No,53,One year,Electronic check,Fiber optic,93.45,4872,No,Low/Medium,25+ months
0843-WTBXE,MALE,0,No,No,53,Month-to-month,Bank transfer (automatic),Fiber optic,85.45,4517,Yes,Low/Medium,25+ months
1074-AMIOH,FEMALE,0,yes,Yes,53,Month-to-month,Bank transfer (automatic),Fiber optic,108.25,5935,No,Low/Medium,25+ months
1172-VIYBP,MALE,0,yes,Yes,53,Two year,Bank transfer (automatic),DSL,69.70,3686,No,Low/Medium,25+ months
1177-XZBJL,MALE,0,yes,Yes,53,One year,Bank transfer (automatic),DSL,64.15,3491,No,Low/Medium,25+ months
0320-DWVTU,FEMALE,0,No,No,53,Two year,Mailed check,Fiber optic,99.50,5424,No,Low/Medium,25+ months
0621-CXBKL,FEMALE,0,No,No,53,Two year,Mailed check,No,18.70,1005,No,Low/Medium,25+ months
0607-DAAHE,MALE,0,No,Yes,53,Two year,Bank transfer (automatic),No,19.75,1052,Yes,Low/Medium,25+ months
0440-UEDAI,FEMALE,0,No,No,53,One year,Credit card (automatic),Fiber optic,94.45,5042,No,Low/Medium,25+ months
0678-RLHVP,FEMALE,0,No,No,53,Two year,Electronic check,Fiber optic,105.55,5682,No,Low/Medium,25+ months
0691-JVSYA,FEMALE,0,yes,No,53,One year,Bank transfer (automatic),Fiber optic,94.85,5000,Yes,Low/Medium,25+ months
0661-KBKPA,MALE,0,yes,Yes,53,One year,Mailed check,DSL,78.75,3942,No,Low/Medium,25+ months
5944-UGLLK,MALE,0,No,No,53,One year,Credit card (automatic),DSL,54.90,3045,No,Low/Medium,25+ months
5707-ZMDJP,MALE,0,yes,Yes,53,Two year,Mailed check,DSL,69.70,3729,No,Low/Medium,25+ months
5642-MHDQT,FEMALE,0,yes,Yes,53,One year,Bank transfer (automatic),No,19.85,1039,No,Low/Medium,25+ months
6349-JDHQP,FEMALE,0,No,No,53,Two year,Credit card (automatic),No,19.85,1049,No,Low/Medium,25+ months
6313-GIDIT,MALE,1,No,No,53,Month-to-month,Electronic check,DSL,54.45,2854,Yes,Low/Medium,25+ months
5294-IMHHT,MALE,0,yes,No,53,One year,Bank transfer (automatic),Fiber optic,97.75,5043,No,Low/Medium,25+ months
5307-UVGNB,FEMALE,0,yes,Yes,53,Month-to-month,Bank transfer (automatic),DSL,48.70,2495,No,Low/Medium,25+ months
5447-WZAFP,FEMALE,0,No,No,53,One year,Mailed check,Fiber optic,100.30,5200,No,Low/Medium,25+ months
5195-KPUNQ,FEMALE,1,No,No,53,One year,Mailed check,Fiber optic,96.75,5206,No,Low/Medium,25+ months
5206-XZZQI,MALE,0,No,No,53,Month-to-month,Mailed check,Fiber optic,80.60,4348,No,Low/Medium,25+ months
4350-ZTLPI,FEMALE,0,yes,No,53,One year,Bank transfer (automatic),Fiber optic,108.95,5718,No,Low/Medium,25+ months
4307-KTUMW,MALE,0,yes,No,53,Month-to-month,Electronic check,Fiber optic,93.90,5029,Yes,Low/Medium,25+ months
4598-ZADCK,FEMALE,0,No,No,53,One year,Electronic check,DSL,53.60,2879,No,Low/Medium,25+ months
4648-YPBTM,MALE,0,No,No,53,Two year,Bank transfer (automatic),DSL,73.90,3958,No,Low/Medium,25+ months
4632-XJMEX,MALE,0,No,Yes,53,One year,Credit card (automatic),DSL,62.85,3419,No,Low/Medium,25+ months
3785-KTYSH,MALE,0,No,No,53,Two year,Mailed check,No,24.60,1279,No,Low/Medium,25+ months
3927-NLNRY,MALE,0,yes,No,53,One year,Bank transfer (automatic),Fiber optic,94.25,4867,Yes,Low/Medium,25+ months
3567-PQTSO,MALE,0,yes,Yes,53,One year,Electronic check,Fiber optic,105.25,5576,No,Low/Medium,25+ months
9391-LMANN,MALE,0,No,Yes,53,One year,Electronic check,Fiber optic,95.95,5036,No,Low/Medium,25+ months
9451-WLYRI,FEMALE,0,yes,No,53,One year,Credit card (automatic),No,19.05,990,No,Low/Medium,25+ months
9504-YAZWB,FEMALE,0,No,No,53,Two year,Mailed check,No,20.25,1048,No,Low/Medium,25+ months
9677-AVKED,FEMALE,0,No,Yes,53,One year,Electronic check,DSL,84.60,4449,No,Low/Medium,25+ months
9651-GTSAQ,FEMALE,0,yes,No,53,One year,Bank transfer (automatic),Fiber optic,106.10,5769,Yes,Low/Medium,25+ months
9640-ZSLDC,FEMALE,0,yes,Yes,53,One year,Credit card (automatic),DSL,60.60,3297,No,Low/Medium,25+ months
9173-IVZVP,FEMALE,0,yes,Yes,53,Two year,Mailed check,No,20.90,1146,No,Low/Medium,25+ months
8189-HBVRW,FEMALE,0,No,No,53,Month-to-month,Electronic check,Fiber optic,90.80,4921,No,Low/Medium,25+ months
8008-ESFLK,FEMALE,0,yes,No,53,One year,Electronic check,Fiber optic,110.50,5835,No,Low/Medium,25+ months
7872-BAAZR,FEMALE,0,yes,Yes,53,One year,Bank transfer (automatic),No,19.55,1007,No,Low/Medium,25+ months
7691-KGKGP,MALE,0,yes,Yes,53,Month-to-month,Credit card (automatic),DSL,65.00,3363,No,Low/Medium,25+ months
7619-PLRLP,FEMALE,0,yes,No,53,One year,Bank transfer (automatic),DSL,74.10,3833,No,Low/Medium,25+ months
7409-JURKQ,FEMALE,0,yes,No,53,One year,Bank transfer (automatic),Fiber optic,111.80,5809,No,Low/Medium,25+ months
7402-PWYJJ,FEMALE,0,yes,No,53,One year,Electronic check,Fiber optic,91.15,4862,No,Low/Medium,25+ months
7470-DYNOE,MALE,0,No,No,53,One year,Electronic check,DSL,61.10,3357,No,Low/Medium,25+ months
6777-TGHTM,FEMALE,0,No,No,53,One year,Credit card (automatic),Fiber optic,106.95,5785,Yes,Low/Medium,25+ months
6532-YLWSI,FEMALE,0,yes,No,53,One year,Bank transfer (automatic),No,20.80,1021,Yes,Low/Medium,25+ months
6518-PPLMZ,MALE,0,yes,Yes,53,Two year,Mailed check,No,19.40,1110,No,Low/Medium,25+ months
6646-VRFOL,MALE,1,yes,No,53,Month-to-month,Electronic check,Fiber optic,103.85,5485,Yes,Low/Medium,25+ months
6925-BAYGL,FEMALE,1,yes,No,53,Two year,Credit card (automatic),No,25.10,1275,No,Low/Medium,25+ months
7056-IMHCC,MALE,1,yes,No,53,Month-to-month,Electronic check,Fiber optic,101.90,5549,Yes,Low/Medium,25+ months
7247-XOZPB,MALE,0,yes,No,53,One year,Bank transfer (automatic),DSL,77.40,4155,No,Low/Medium,25+ months
9770-KXGQU,FEMALE,0,No,No,53,One year,Mailed check,Fiber optic,98.60,5311,No,Low/Medium,25+ months
9822-BIIGN,MALE,0,yes,Yes,53,Month-to-month,Electronic check,DSL,71.85,3827,No,Low/Medium,25+ months
9814-AOUDH,MALE,0,No,No,53,Two year,Credit card (automatic),No,19.50,1050,No,Low/Medium,25+ months
9972-VAFJJ,FEMALE,1,yes,No,53,One year,Electronic check,Fiber optic,94.00,4871,No,Low/Medium,25+ months
0689-DSXGL,FEMALE,0,yes,Yes,52,Month-to-month,Bank transfer (automatic),Fiber optic,85.80,4433,No,Low/Medium,25+ months
0750-EBAIU,MALE,0,No,No,52,One year,Electronic check,Fiber optic,91.25,4738,No,Low/Medium,25+ months
0731-EBJQB,FEMALE,0,yes,Yes,52,One year,Electronic check,No,20.40,1090,No,Low/Medium,25+ months
0732-OCQOC,FEMALE,0,yes,Yes,52,Two year,Bank transfer (automatic),No,25.05,1270,No,Low/Medium,25+ months
0810-DHDBD,FEMALE,0,No,No,52,One year,Credit card (automatic),DSL,74.00,3877,No,Low/Medium,25+ months
0823-HSCDJ,MALE,1,No,No,52,Month-to-month,Electronic check,DSL,49.15,2550,Yes,Low/Medium,25+ months
0463-TXOAK,MALE,0,No,Yes,52,Two year,Credit card (automatic),No,25.60,1334,No,Low/Medium,25+ months
0523-VNGTF,FEMALE,1,No,No,52,Month-to-month,Electronic check,DSL,50.50,2566,No,Low/Medium,25+ months
0298-XACET,MALE,0,yes,Yes,52,Two year,Mailed check,DSL,50.20,2554,No,Low/Medium,25+ months
0254-KCJGT,MALE,0,yes,No,52,One year,Credit card (automatic),DSL,81.40,4354,No,Low/Medium,25+ months
0222-CNVPT,MALE,1,No,No,52,Month-to-month,Credit card (automatic),DSL,48.80,2555,No,Low/Medium,25+ months
1207-BLKSA,FEMALE,0,yes,Yes,52,Two year,Mailed check,No,23.05,1255,No,Low/Medium,25+ months
0946-FKYTX,MALE,0,No,No,52,One year,Mailed check,DSL,30.10,1623,No,Low/Medium,25+ months
1485-YDHMM,MALE,0,yes,Yes,52,Month-to-month,Bank transfer (automatic),Fiber optic,93.25,4631,No,Low/Medium,25+ months
1455-HFBXA,MALE,0,yes,No,52,Two year,Credit card (automatic),Fiber optic,91.60,4627,No,Low/Medium,25+ months
1527-SXDPN,MALE,0,yes,Yes,52,Two year,Bank transfer (automatic),Fiber optic,96.25,4990,Yes,Low/Medium,25+ months
1320-REHCS,MALE,1,No,No,52,Month-to-month,Electronic check,Fiber optic,110.75,5832,No,Low/Medium,25+ months
1309-XGFSN,MALE,1,yes,Yes,52,One year,Electronic check,DSL,80.85,4079,No,Low/Medium,25+ months
1241-FPMOF,MALE,0,No,No,52,Two year,Mailed check,No,19.65,1025,No,Low/Medium,25+ months
1248-DYXUB,MALE,0,yes,Yes,52,Two year,Mailed check,No,24.80,1229,No,Low/Medium,25+ months
1428-IEDPR,MALE,0,No,No,52,Two year,Electronic check,Fiber optic,109.30,5731,No,Low/Medium,25+ months
1702-CCFNJ,MALE,0,yes,No,52,Month-to-month,Bank transfer (automatic),DSL,61.35,3169,No,Low/Medium,25+ months
1834-ABKHQ,FEMALE,0,yes,Yes,52,One year,Bank transfer (automatic),DSL,50.95,2610,No,Low/Medium,25+ months
1960-UOTYM,MALE,0,yes,Yes,52,Two year,Electronic check,DSL,79.20,4016,No,Low/Medium,25+ months
2279-AXJJK,MALE,0,yes,No,52,Month-to-month,Credit card (automatic),Fiber optic,95.65,5088,No,Low/Medium,25+ months
2252-NKNSI,MALE,0,No,Yes,52,Two year,Mailed check,DSL,85.15,4461,No,Low/Medium,25+ months
2207-RYYRL,MALE,0,yes,Yes,52,Two year,Mailed check,No,24.55,1331,No,Low/Medium,25+ months
2834-SPCJV,MALE,0,yes,No,52,Month-to-month,Electronic check,Fiber optic,84.10,4348,Yes,Low/Medium,25+ months
2806-MLNTI,MALE,1,yes,No,52,One year,Bank transfer (automatic),Fiber optic,105.10,5376,No,Low/Medium,25+ months
2546-KZAAT,MALE,0,yes,No,52,One year,Mailed check,DSL,75.40,3865,No,Low/Medium,25+ months
3253-HKOKL,FEMALE,0,yes,Yes,52,One year,Electronic check,Fiber optic,100.30,5244,No,Low/Medium,25+ months
3212-KXOCR,MALE,0,No,No,52,Two year,Bank transfer (automatic),No,21.00,1107,No,Low/Medium,25+ months
3657-COGMW,FEMALE,1,No,No,52,Month-to-month,Credit card (automatic),Fiber optic,108.10,5839,No,Low/Medium,25+ months
3620-EHIMZ,FEMALE,0,yes,Yes,52,Two year,Mailed check,No,19.35,1031,No,Low/Medium,25+ months
3374-TTZTK,MALE,0,yes,No,52,Two year,Electronic check,Fiber optic,106.30,5487,No,Low/Medium,25+ months
4062-HBMOS,MALE,0,No,No,52,Month-to-month,Electronic check,Fiber optic,103.05,5364,No,Low/Medium,25+ months
4070-OKWVH,FEMALE,0,yes,No,52,Month-to-month,Bank transfer (automatic),Fiber optic,94.60,5025,No,Low/Medium,25+ months
3692-JHONH,FEMALE,1,yes,No,52,One year,Electronic check,Fiber optic,106.50,5621,No,Low/Medium,25+ months
4568-KNYWR,MALE,0,No,No,52,Two year,Credit card (automatic),DSL,63.25,3342,No,Low/Medium,25+ months
4578-PHJYZ,MALE,0,yes,Yes,52,One year,Electronic check,DSL,68.75,3482,No,Low/Medium,25+ months
4549-ZDQYY,FEMALE,0,No,No,52,One year,Credit card (automatic),DSL,57.95,3042,No,Low/Medium,25+ months
4472-VESGY,FEMALE,0,yes,Yes,52,Month-to-month,Bank transfer (automatic),Fiber optic,98.15,4993,No,Low/Medium,25+ months
4484-GLZOU,FEMALE,0,yes,No,52,Month-to-month,Electronic check,Fiber optic,105.05,5624,Yes,Low/Medium,25+ months
4254-QPEDE,FEMALE,0,yes,No,52,Two year,Credit card (automatic),DSL,66.25,3330,No,Low/Medium,25+ months
4143-HHPMK,MALE,0,No,No,52,Month-to-month,Electronic check,Fiber optic,85.35,4338,Yes,Low/Medium,25+ months
4132-POCZS,MALE,0,yes,No,52,Month-to-month,Electronic check,DSL,39.90,2020,No,Low/Medium,25+ months
4983-CLMLV,FEMALE,0,yes,No,52,Month-to-month,Credit card (automatic),Fiber optic,102.70,5138,No,Low/Medium,25+ months
5473-KHBPS,FEMALE,0,yes,Yes,52,One year,Credit card (automatic),Fiber optic,95.70,4976,No,Low/Medium,25+ months
5245-VDBUR,FEMALE,0,yes,No,52,One year,Mailed check,DSL,35.45,1958,No,Low/Medium,25+ months
5266-PFRQK,MALE,0,yes,Yes,52,One year,Credit card (automatic),No,20.85,1071,No,Low/Medium,25+ months
5343-SGUBI,FEMALE,0,No,No,52,One year,Mailed check,Fiber optic,80.20,4297,No,Low/Medium,25+ months
5385-SUIRI,MALE,1,yes,No,52,Month-to-month,Electronic check,Fiber optic,104.20,5568,Yes,Low/Medium,25+ months
6075-QMNRR,FEMALE,0,No,No,52,Month-to-month,Bank transfer (automatic),DSL,49.75,2535,No,Low/Medium,25+ months
6203-HBZPA,MALE,0,No,No,52,Two year,Credit card (automatic),DSL,63.90,3334,No,Low/Medium,25+ months
5762-TJXGK,FEMALE,0,No,No,52,Two year,Bank transfer (automatic),DSL,58.75,3038,No,Low/Medium,25+ months
5792-JALQC,FEMALE,1,No,No,52,Two year,Bank transfer (automatic),DSL,59.85,3103,No,Low/Medium,25+ months
5732-IKGQH,MALE,1,yes,No,52,One year,Bank transfer (automatic),Fiber optic,104.45,5481,No,Low/Medium,25+ months
5811-IWXYM,FEMALE,0,yes,Yes,52,One year,Bank transfer (automatic),Fiber optic,101.25,5301,No,Low/Medium,25+ months
7109-CQYUZ,MALE,0,No,No,52,Two year,Mailed check,DSL,89.25,4652,No,Low/Medium,25+ months
6900-RBKER,MALE,0,No,No,52,Two year,Credit card (automatic),Fiber optic,89.45,4577,No,Low/Medium,25+ months
6769-DCQLI,MALE,0,No,No,52,One year,Bank transfer (automatic),Fiber optic,105.00,5426,Yes,Low/Medium,25+ months
7639-LIAYI,MALE,0,No,No,52,Two year,Credit card (automatic),DSL,79.75,4217,No,Low/Medium,25+ months
7693-QPEFS,MALE,1,No,No,52,Month-to-month,Bank transfer (automatic),Fiber optic,72.95,3829,No,Low/Medium,25+ months
7803-XOCCZ,FEMALE,0,yes,Yes,52,Month-to-month,Bank transfer (automatic),Fiber optic,84.05,4326,No,Low/Medium,25+ months
7963-SHNDT,FEMALE,0,No,No,52,Two year,Mailed check,DSL,39.10,1982,No,Low/Medium,25+ months
8191-XWSZG,FEMALE,0,No,No,52,One year,Mailed check,No,20.65,1022,No,Low/Medium,25+ months
8532-UEFWH,MALE,0,yes,Yes,52,Two year,Mailed check,No,25.75,1345,No,Low/Medium,25+ months
8668-KNZTI,MALE,0,No,No,52,One year,Electronic check,DSL,53.75,2790,No,Low/Medium,25+ months
8705-DWKTI,MALE,0,No,No,52,Month-to-month,Credit card (automatic),Fiber optic,83.80,4331,No,Low/Medium,25+ months
8878-RYUKI,FEMALE,0,No,No,52,Month-to-month,Electronic check,DSL,59.45,3043,No,Low/Medium,25+ months
8777-PVYGU,FEMALE,0,yes,No,52,One year,Mailed check,DSL,64.30,3410,No,Low/Medium,25+ months
9170-ARBTB,FEMALE,0,yes,Yes,52,One year,Credit card (automatic),No,19.60,1012,No,Low/Medium,25+ months
9257-AZMTZ,FEMALE,0,yes,Yes,52,Two year,Bank transfer (automatic),No,20.10,1078,No,Low/Medium,25+ months
9249-FXSCK,FEMALE,0,No,No,52,One year,Credit card (automatic),Fiber optic,111.25,5916,Yes,Low/Medium,25+ months
9278-VZKCD,FEMALE,1,yes,No,52,Month-to-month,Electronic check,Fiber optic,109.10,5647,No,Low/Medium,25+ months
9565-AXSMR,MALE,0,yes,Yes,52,Two year,Mailed check,No,19.20,1054,No,Low/Medium,25+ months
9746-YKGXB,MALE,0,yes,Yes,52,One year,Bank transfer (automatic),DSL,44.25,2276,No,Low/Medium,25+ months
9541-PWTWO,FEMALE,0,No,No,52,Two year,Bank transfer (automatic),DSL,80.95,4233,No,Low/Medium,25+ months
9503-XJUME,MALE,0,No,Yes,52,One year,Credit card (automatic),No,19.65,928,No,Low/Medium,25+ months
9371-BITHB,FEMALE,0,yes,Yes,52,Two year,Mailed check,No,19.85,1070,No,Low/Medium,25+ months
3256-EZDBI,MALE,1,yes,No,51,Month-to-month,Credit card (automatic),DSL,29.45,1459,No,Low/Medium,25+ months
3128-YOVTD,FEMALE,0,yes,Yes,51,Month-to-month,Bank transfer (automatic),Fiber optic,79.15,4018,No,Low/Medium,25+ months
3062-ICYZQ,FEMALE,0,yes,Yes,51,Month-to-month,Electronic check,Fiber optic,93.80,4539,No,Low/Medium,25+ months
2625-TRCZQ,FEMALE,0,yes,No,51,Month-to-month,Electronic check,DSL,49.65,2553,No,Low/Medium,25+ months
2263-SFSQZ,MALE,0,yes,Yes,51,Two year,Mailed check,No,24.95,1222,No,Low/Medium,25+ months
2239-CGBUZ,FEMALE,0,yes,No,51,One year,Bank transfer (automatic),DSL,60.50,3145,No,Low/Medium,25+ months
2330-PQGDQ,MALE,0,yes,Yes,51,One year,Bank transfer (automatic),Fiber optic,84.20,4299,No,Low/Medium,25+ months
1810-BOHSY,MALE,0,yes,No,51,One year,Credit card (automatic),Fiber optic,96.40,4911,No,Low/Medium,25+ months
1710-RCXUS,MALE,0,yes,No,51,One year,Credit card (automatic),Fiber optic,90.35,4614,No,Low/Medium,25+ months
1784-EZDKJ,MALE,0,yes,No,51,One year,Bank transfer (automatic),Fiber optic,106.80,5498,No,Low/Medium,25+ months
1574-DYCWE,FEMALE,0,yes,Yes,51,Two year,Mailed check,No,19.95,1028,No,Low/Medium,25+ months
1591-MQJTP,MALE,1,yes,No,51,One year,Bank transfer (automatic),Fiber optic,93.65,4839,No,Low/Medium,25+ months
1591-NFNLQ,MALE,0,No,No,51,Month-to-month,Credit card (automatic),Fiber optic,80.00,4242,Yes,Low/Medium,25+ months
1142-IHLOO,FEMALE,0,No,No,51,One year,Credit card (automatic),Fiber optic,87.55,4475,No,Low/Medium,25+ months
1084-MNSMJ,FEMALE,0,yes,Yes,51,Two year,Credit card (automatic),DSL,85.50,4421,No,Low/Medium,25+ months
0422-UXFAP,FEMALE,0,yes,No,51,One year,Electronic check,Fiber optic,98.85,4947,No,Low/Medium,25+ months
0549-CYCQN,MALE,1,No,No,51,One year,Bank transfer (automatic),Fiber optic,79.60,3974,No,Low/Medium,25+ months
0743-HNPFG,FEMALE,0,yes,Yes,51,One year,Credit card (automatic),DSL,69.75,3562,No,Low/Medium,25+ months
0743-HRVFF,FEMALE,0,yes,Yes,51,One year,Electronic check,DSL,56.15,2898,No,Low/Medium,25+ months
5649-RXQTV,MALE,0,No,No,51,Month-to-month,Electronic check,Fiber optic,99.00,5038,No,Low/Medium,25+ months
5973-EJGDP,MALE,0,No,No,51,Month-to-month,Electronic check,Fiber optic,87.35,4473,No,Low/Medium,25+ months
6194-HBGQN,MALE,0,No,No,51,One year,Credit card (automatic),DSL,81.15,4126,No,Low/Medium,25+ months
6080-LNESI,MALE,0,No,No,51,Two year,Mailed check,No,24.75,1234,No,Low/Medium,25+ months
6407-GSJNL,FEMALE,0,No,No,51,Two year,Bank transfer (automatic),No,24.95,1288,No,Low/Medium,25+ months
5364-XYIRR,MALE,0,yes,No,51,Month-to-month,Electronic check,Fiber optic,94.65,4812,Yes,Low/Medium,25+ months
5313-FPXWG,MALE,0,No,No,51,One year,Bank transfer (automatic),No,24.60,1266,No,Low/Medium,25+ months
5294-CDGWY,MALE,0,yes,Yes,51,One year,Electronic check,DSL,59.30,3014,Yes,Low/Medium,25+ months
5027-YOCXN,MALE,0,yes,Yes,51,One year,Credit card (automatic),Fiber optic,110.05,5686,No,Low/Medium,25+ months
5044-XDPYX,FEMALE,0,yes,No,51,Two year,Mailed check,No,25.50,1281,No,Low/Medium,25+ months
5076-YVXCM,MALE,0,No,No,51,Month-to-month,Bank transfer (automatic),Fiber optic,83.40,4149,No,Low/Medium,25+ months
4163-HFTUK,MALE,0,No,No,51,One year,Electronic check,No,19.10,1007,No,Low/Medium,25+ months
4139-JPIAM,MALE,0,No,No,51,Month-to-month,Credit card (automatic),DSL,44.45,2181,No,Low/Medium,25+ months
4138-NAXED,MALE,0,No,No,51,Month-to-month,Bank transfer (automatic),Fiber optic,81.00,4085,No,Low/Medium,25+ months
4531-AUZNK,FEMALE,0,yes,Yes,51,One year,Mailed check,Fiber optic,95.15,5000,No,Low/Medium,25+ months
4626-OZDTJ,FEMALE,0,yes,No,51,One year,Credit card (automatic),DSL,78.65,3950,No,Low/Medium,25+ months
4698-KVLLG,FEMALE,1,No,No,51,Two year,Credit card (automatic),No,19.60,967,No,Low/Medium,25+ months
4807-IZYOZ,FEMALE,0,No,No,51,Two year,Bank transfer (automatic),No,20.65,1020,No,Low/Medium,25+ months
3720-DBRWL,MALE,0,yes,No,51,Two year,Credit card (automatic),DSL,83.85,4307,No,Low/Medium,25+ months
4075-JFPGR,FEMALE,0,yes,No,51,One year,Electronic check,Fiber optic,93.50,4619,No,Low/Medium,25+ months
3401-URHDA,MALE,0,No,No,51,One year,Credit card (automatic),DSL,59.90,3043,No,Low/Medium,25+ months
3399-BMLVW,MALE,0,yes,Yes,51,Two year,Credit card (automatic),DSL,60.50,3121,No,Low/Medium,25+ months
3404-JNXAX,FEMALE,0,yes,Yes,51,Month-to-month,Electronic check,Fiber optic,80.75,4116,No,Low/Medium,25+ months
3584-WKTTW,MALE,0,yes,No,51,One year,Electronic check,Fiber optic,111.55,5720,No,Low/Medium,25+ months
6418-HNFED,MALE,0,yes,No,51,Two year,Credit card (automatic),DSL,83.25,4089,No,Low/Medium,25+ months
9419-IPPBE,FEMALE,0,yes,Yes,51,One year,Electronic check,Fiber optic,90.15,4554,No,Low/Medium,25+ months
9701-CDXHR,FEMALE,0,yes,No,51,Month-to-month,Mailed check,Fiber optic,69.15,3649,No,Low/Medium,25+ months
9134-WYRVP,MALE,0,No,No,51,One year,Mailed check,Fiber optic,86.35,4267,No,Low/Medium,25+ months
9060-HJJRW,FEMALE,0,No,No,51,One year,Credit card (automatic),DSL,56.40,2928,No,Low/Medium,25+ months
9036-CSKBW,FEMALE,0,No,No,51,One year,Bank transfer (automatic),Fiber optic,107.45,5680,No,Low/Medium,25+ months
8945-MUQUF,MALE,0,No,No,51,One year,Electronic check,Fiber optic,94.80,4837,Yes,Low/Medium,25+ months
8749-JMNKX,MALE,1,yes,No,51,Month-to-month,Bank transfer (automatic),Fiber optic,93.80,4750,Yes,Low/Medium,25+ months
8701-DGLVH,MALE,0,No,No,51,Two year,Mailed check,No,20.45,1042,No,Low/Medium,25+ months
8672-OAUPW,MALE,0,No,Yes,51,One year,Credit card (automatic),DSL,47.85,2356,No,Low/Medium,25+ months
8630-QSGXK,MALE,0,yes,No,51,Two year,Bank transfer (automatic),DSL,75.20,3901,No,Low/Medium,25+ months
8623-TMRBY,MALE,1,yes,Yes,51,Month-to-month,Electronic check,Fiber optic,84.20,4146,Yes,Low/Medium,25+ months
8276-MQBYC,MALE,1,No,No,51,Month-to-month,Electronic check,Fiber optic,97.80,4913,Yes,Low/Medium,25+ months
8249-THVEC,MALE,0,yes,Yes,51,One year,Mailed check,No,19.40,997,No,Low/Medium,25+ months
7921-LMDFQ,MALE,1,No,No,51,One year,Bank transfer (automatic),Fiber optic,94.00,4905,No,Low/Medium,25+ months
7876-AEHIG,FEMALE,0,No,Yes,51,One year,Bank transfer (automatic),DSL,60.15,3077,No,Low/Medium,25+ months
7833-PKIHD,MALE,0,yes,Yes,51,One year,Bank transfer (automatic),DSL,76.40,3966,No,Low/Medium,25+ months
7740-KKCXF,MALE,0,yes,No,51,Month-to-month,Credit card (automatic),DSL,30.05,1529,No,Low/Medium,25+ months
7297-DVYGA,FEMALE,0,No,No,51,One year,Bank transfer (automatic),No,19.85,996,No,Low/Medium,25+ months
7340-KEFQE,FEMALE,0,yes,Yes,51,Two year,Bank transfer (automatic),DSL,34.20,1782,No,Low/Medium,25+ months
6814-ZPWFQ,MALE,1,No,No,51,One year,Bank transfer (automatic),No,25.00,1260,No,Low/Medium,25+ months
6546-OPBBH,MALE,0,yes,Yes,51,One year,Mailed check,No,23.95,1216,No,Low/Medium,25+ months
6582-PLFUU,MALE,0,yes,Yes,51,Two year,Credit card (automatic),No,19.55,1086,No,Low/Medium,25+ months
7245-JMTTQ,FEMALE,0,No,No,51,One year,Electronic check,Fiber optic,111.50,5703,No,Low/Medium,25+ months
9776-CLUJA,FEMALE,1,yes,No,51,Month-to-month,Electronic check,Fiber optic,77.50,3807,Yes,Low/Medium,25+ months
0679-TDGAK,MALE,0,yes,Yes,50,One year,Electronic check,DSL,75.50,4025,No,Low/Medium,25+ months
0608-JDVEC,MALE,0,yes,No,50,Two year,Electronic check,No,19.80,1013,No,Low/Medium,25+ months
0121-SNYRK,MALE,0,No,No,50,One year,Mailed check,DSL,35.40,1748,No,Low/Medium,25+ months
0023-UYUPN,FEMALE,1,yes,No,50,One year,Electronic check,No,25.20,1306,No,Low/Medium,25+ months
0237-YFUTL,FEMALE,0,yes,No,50,Month-to-month,Bank transfer (automatic),Fiber optic,109.65,5405,No,Low/Medium,25+ months
0263-FJTQO,MALE,0,yes,Yes,50,Two year,Credit card (automatic),DSL,70.50,3486,No,Low/Medium,25+ months
1136-XGEQU,FEMALE,0,yes,Yes,50,One year,Credit card (automatic),DSL,84.15,4164,No,Low/Medium,25+ months
1215-EXRMO,MALE,0,yes,No,50,Two year,Mailed check,No,20.55,1067,No,Low/Medium,25+ months
1228-FZFRV,MALE,0,yes,Yes,50,Month-to-month,Credit card (automatic),Fiber optic,105.95,5341,Yes,Low/Medium,25+ months
1357-BIJKI,MALE,0,yes,No,50,One year,Electronic check,Fiber optic,98.25,4858,No,Low/Medium,25+ months
1842-EZJMK,MALE,0,yes,Yes,50,Month-to-month,Electronic check,Fiber optic,103.70,5071,Yes,Low/Medium,25+ months
2391-IPLOP,MALE,0,yes,Yes,50,One year,Electronic check,DSL,69.65,3442,No,Low/Medium,25+ months
2267-FPIMA,MALE,0,yes,No,50,Month-to-month,Credit card (automatic),Fiber optic,94.40,4914,No,Low/Medium,25+ months
2144-BFDSO,FEMALE,1,yes,No,50,Month-to-month,Bank transfer (automatic),Fiber optic,108.75,5431,No,Low/Medium,25+ months
2589-AYCRP,FEMALE,0,No,No,50,One year,Bank transfer (automatic),No,19.75,989,No,Low/Medium,25+ months
2511-MORQY,MALE,0,yes,Yes,50,One year,Bank transfer (automatic),DSL,54.90,2614,No,Low/Medium,25+ months
2786-GCDPI,FEMALE,1,No,No,50,Month-to-month,Electronic check,Fiber optic,104.95,5222,No,Low/Medium,25+ months
2817-LVCPP,FEMALE,0,No,No,50,Two year,Credit card (automatic),No,19.40,1023,No,Low/Medium,25+ months
3021-VLNRJ,FEMALE,0,No,Yes,50,One year,Credit card (automatic),DSL,70.80,3478,No,Low/Medium,25+ months
2931-XIQBR,FEMALE,0,yes,Yes,50,One year,Mailed check,Fiber optic,103.05,5153,No,Low/Medium,25+ months
3170-NMYVV,FEMALE,0,yes,Yes,50,Two year,Bank transfer (automatic),No,20.15,930,No,Low/Medium,25+ months
3194-ORPIK,FEMALE,0,yes,Yes,50,Month-to-month,Bank transfer (automatic),Fiber optic,84.40,4116,Yes,Low/Medium,25+ months
3316-UWXUY,MALE,0,No,No,50,Month-to-month,Credit card (automatic),Fiber optic,93.50,4747,No,Low/Medium,25+ months
3933-DQPWX,FEMALE,0,No,No,50,Two year,Credit card (automatic),DSL,39.70,1932,No,Low/Medium,25+ months
3923-CSIHK,FEMALE,1,yes,No,50,Month-to-month,Electronic check,Fiber optic,71.05,3444,Yes,Low/Medium,25+ months
3696-XRIEN,FEMALE,0,No,No,50,One year,Credit card (automatic),DSL,82.50,4179,No,Low/Medium,25+ months
3804-RVTGV,MALE,0,yes,Yes,50,Month-to-month,Bank transfer (automatic),Fiber optic,103.85,5017,Yes,Low/Medium,25+ months
4816-OKWNX,MALE,0,yes,Yes,50,One year,Bank transfer (automatic),Fiber optic,103.40,5236,No,Low/Medium,25+ months
4717-GHADL,FEMALE,0,No,No,50,Two year,Mailed check,DSL,79.60,4024,No,Low/Medium,25+ months
4726-DLWQN,MALE,1,No,No,50,Month-to-month,Bank transfer (automatic),DSL,70.35,3454,No,Low/Medium,25+ months
4676-MQUEA,MALE,1,yes,No,50,One year,Bank transfer (automatic),Fiber optic,101.90,5265,No,Low/Medium,25+ months
4137-JOPHL,FEMALE,0,No,No,50,Two year,Bank transfer (automatic),Fiber optic,89.70,4304,No,Low/Medium,25+ months
4304-XUMGI,MALE,1,yes,Yes,50,Two year,Bank transfer (automatic),DSL,75.15,3822,No,Low/Medium,25+ months
4366-CTOUZ,FEMALE,0,No,No,50,Two year,Mailed check,Fiber optic,100.20,5038,No,Low/Medium,25+ months
5073-RZGBK,FEMALE,0,yes,Yes,50,One year,Bank transfer (automatic),DSL,80.05,4042,No,Low/Medium,25+ months
5120-ZBLAI,FEMALE,0,yes,No,50,One year,Bank transfer (automatic),DSL,75.70,3876,No,Low/Medium,25+ months
5013-SBUIH,FEMALE,0,No,No,50,Two year,Electronic check,Fiber optic,109.65,5551,Yes,Low/Medium,25+ months
4893-GYUJU,FEMALE,0,No,No,50,One year,Mailed check,No,19.35,1033,No,Low/Medium,25+ months
5371-VYLSX,FEMALE,1,No,No,50,Month-to-month,Electronic check,Fiber optic,83.40,4113,No,Low/Medium,25+ months
5549-ZGHFB,MALE,0,yes,Yes,50,Two year,Mailed check,No,24.95,1261,No,Low/Medium,25+ months
6340-DACFT,FEMALE,0,yes,Yes,50,Two year,Credit card (automatic),No,20.55,1070,No,Low/Medium,25+ months
6292-TOSSS,MALE,0,No,No,50,Two year,Bank transfer (automatic),No,24.90,1195,No,Low/Medium,25+ months
6212-ATMLK,FEMALE,0,No,No,50,Month-to-month,Electronic check,Fiber optic,95.70,4729,No,Low/Medium,25+ months
5889-JTMUL,FEMALE,1,yes,No,50,Month-to-month,Electronic check,Fiber optic,95.05,4888,Yes,Low/Medium,25+ months
5671-UUNXD,FEMALE,1,yes,No,50,One year,Electronic check,Fiber optic,100.65,5189,No,Low/Medium,25+ months
5802-ADBRC,FEMALE,0,yes,No,50,One year,Mailed check,Fiber optic,104.40,5232,No,Low/Medium,25+ months
5774-QPLTF,MALE,0,yes,Yes,50,One year,Mailed check,No,20.35,938,No,Low/Medium,25+ months
7244-QWYHG,MALE,0,yes,No,50,One year,Bank transfer (automatic),DSL,44.45,2188,No,Low/Medium,25+ months
7138-GIRSH,MALE,0,No,No,50,Two year,Bank transfer (automatic),DSL,69.50,3418,No,Low/Medium,25+ months
7103-IPXPJ,MALE,0,yes,No,50,One year,Electronic check,Fiber optic,99.40,5059,No,Low/Medium,25+ months
6893-ODYYE,MALE,0,No,No,50,One year,Credit card (automatic),Fiber optic,90.10,4549,No,Low/Medium,25+ months
6583-QGCSI,FEMALE,1,yes,No,50,Month-to-month,Electronic check,Fiber optic,88.05,4367,Yes,Low/Medium,25+ months
6655-LHBYW,MALE,0,No,No,50,One year,Credit card (automatic),Fiber optic,114.35,5791,No,Low/Medium,25+ months
6598-KELSS,MALE,0,No,Yes,50,One year,Bank transfer (automatic),DSL,43.05,2208,No,Low/Medium,25+ months
7480-QNVZJ,MALE,1,No,No,50,Month-to-month,Electronic check,Fiber optic,95.70,4816,Yes,Low/Medium,25+ months
7516-GMHUV,MALE,1,yes,No,50,Two year,Credit card (automatic),Fiber optic,105.05,5163,No,Low/Medium,25+ months
7550-WIQVA,MALE,0,yes,Yes,50,One year,Electronic check,Fiber optic,108.25,5431,No,Low/Medium,25+ months
8033-VCZGH,MALE,0,yes,No,50,One year,Electronic check,Fiber optic,103.95,5231,No,Low/Medium,25+ months
8329-GWVPJ,FEMALE,0,yes,Yes,50,Month-to-month,Bank transfer (automatic),Fiber optic,69.75,3557,No,Low/Medium,25+ months
8152-UOBNY,FEMALE,1,No,No,50,One year,Electronic check,Fiber optic,106.80,5347,No,Low/Medium,25+ months
8582-KRHPJ,MALE,0,No,No,50,Month-to-month,Mailed check,DSL,35.00,1782,No,Low/Medium,25+ months
8957-THMOA,FEMALE,0,No,Yes,50,Two year,Credit card (automatic),No,20.15,970,No,Low/Medium,25+ months
9074-KGVOX,MALE,0,yes,Yes,50,Month-to-month,Credit card (automatic),DSL,39.45,2021,No,Low/Medium,25+ months
9101-BWFSS,FEMALE,0,yes,No,50,One year,Electronic check,Fiber optic,108.55,5610,Yes,Low/Medium,25+ months
9174-IHETN,FEMALE,0,No,Yes,50,Two year,Credit card (automatic),Fiber optic,70.35,3533,No,Low/Medium,25+ months
9702-AIUJO,MALE,0,yes,Yes,50,One year,Bank transfer (automatic),DSL,44.80,2230,No,Low/Medium,25+ months
9602-WCXPI,MALE,0,No,No,50,One year,Credit card (automatic),No,20.15,989,No,Low/Medium,25+ months
9447-YPTBX,FEMALE,0,yes,No,50,One year,Bank transfer (automatic),No,19.85,943,No,Low/Medium,25+ months
3190-XFANI,MALE,0,No,Yes,49,One year,Bank transfer (automatic),Fiber optic,100.60,5069,Yes,Low/Medium,25+ months
3126-WQMGH,FEMALE,0,yes,No,49,Month-to-month,Credit card (automatic),DSL,52.15,2583,No,Low/Medium,25+ months
2821-WARNZ,FEMALE,0,No,Yes,49,One year,Credit card (automatic),No,19.45,921,No,Low/Medium,25+ months
2812-REYAT,FEMALE,0,yes,No,49,One year,Bank transfer (automatic),No,20.05,923,No,Low/Medium,25+ months
2676-SSLTO,MALE,0,No,No,49,Two year,Bank transfer (automatic),DSL,66.15,3199,No,Low/Medium,25+ months
2284-VFLKH,MALE,0,yes,No,49,One year,Credit card (automatic),Fiber optic,99.25,4920,No,Low/Medium,25+ months
1936-CZAKF,MALE,0,yes,No,49,Two year,Credit card (automatic),DSL,49.65,2409,No,Low/Medium,25+ months
2040-VZIKE,FEMALE,0,yes,No,49,Month-to-month,Mailed check,Fiber optic,100.85,4847,No,Low/Medium,25+ months
1264-FUHCX,FEMALE,0,yes,No,49,One year,Credit card (automatic),DSL,56.30,2780,No,Low/Medium,25+ months
1306-RPWXZ,FEMALE,0,No,Yes,49,Two year,Credit card (automatic),No,20.45,1024,No,Low/Medium,25+ months
1530-ZTDOZ,FEMALE,0,yes,No,49,Month-to-month,Bank transfer (automatic),DSL,40.65,2070,No,Low/Medium,25+ months
1470-PSXNM,MALE,0,yes,Yes,49,One year,Electronic check,Fiber optic,93.65,4520,No,Low/Medium,25+ months
1169-SAOCL,MALE,0,No,No,49,One year,Bank transfer (automatic),Fiber optic,106.65,5168,No,Low/Medium,25+ months
1125-SNVCK,FEMALE,1,No,No,49,Month-to-month,Mailed check,DSL,43.80,2106,No,Low/Medium,25+ months
0961-ZWLVI,MALE,0,No,Yes,49,One year,Credit card (automatic),Fiber optic,109.20,5290,No,Low/Medium,25+ months
0280-XJGEX,MALE,0,No,No,49,Month-to-month,Bank transfer (automatic),Fiber optic,103.70,5036,Yes,Low/Medium,25+ months
0318-ZOPWS,FEMALE,0,yes,No,49,Two year,Bank transfer (automatic),No,20.15,973,No,Low/Medium,25+ months
0419-YAAPX,MALE,0,yes,No,49,Month-to-month,Credit card (automatic),Fiber optic,85.30,4297,No,Low/Medium,25+ months
0048-PIHNL,FEMALE,0,yes,No,49,One year,Bank transfer (automatic),No,20.45,900,No,Low/Medium,25+ months
0112-QWPNC,MALE,0,yes,No,49,One year,Electronic check,DSL,84.35,4059,Yes,Low/Medium,25+ months
0617-FHSGK,MALE,0,No,Yes,49,Month-to-month,Credit card (automatic),Fiber optic,75.20,3678,Yes,Low/Medium,25+ months
0487-CRLZF,FEMALE,0,No,No,49,Two year,Bank transfer (automatic),DSL,74.45,3721,No,Low/Medium,25+ months
0701-RFGFI,FEMALE,0,yes,Yes,49,Month-to-month,Bank transfer (automatic),Fiber optic,95.40,4613,No,Low/Medium,25+ months
5655-JSMZM,MALE,1,No,No,49,Month-to-month,Electronic check,Fiber optic,96.20,4718,Yes,Low/Medium,25+ months
5724-BIDBU,MALE,0,yes,No,49,One year,Electronic check,DSL,55.35,2633,No,Low/Medium,25+ months
5855-EIBDE,FEMALE,0,yes,No,49,Two year,Credit card (automatic),Fiber optic,106.65,5174,No,Low/Medium,25+ months
5915-DGNVC,FEMALE,0,yes,No,49,One year,Electronic check,DSL,71.80,3472,No,Low/Medium,25+ months
6172-FECYY,MALE,0,yes,Yes,49,Month-to-month,Electronic check,Fiber optic,84.50,4254,Yes,Low/Medium,25+ months
6322-HRPFA,MALE,0,yes,Yes,49,Month-to-month,Credit card (automatic),DSL,59.60,2970,No,Low/Medium,25+ months
6322-PJJDJ,MALE,0,yes,No,49,Two year,Electronic check,Fiber optic,94.80,4690,No,Low/Medium,25+ months
6386-SZZKH,FEMALE,0,yes,Yes,49,Two year,Bank transfer (automatic),Fiber optic,107.95,5293,Yes,Low/Medium,25+ months
5533-RJFTJ,MALE,0,No,No,49,Month-to-month,Bank transfer (automatic),DSL,30.20,1453,No,Low/Medium,25+ months
5536-RTPWK,MALE,0,yes,No,49,Month-to-month,Bank transfer (automatic),Fiber optic,99.05,4853,Yes,Low/Medium,25+ months
5628-RKIFK,FEMALE,1,No,No,49,Month-to-month,Credit card (automatic),Fiber optic,101.55,5070,No,Low/Medium,25+ months
5278-PNYOX,FEMALE,0,No,No,49,Two year,Credit card (automatic),Fiber optic,100.65,4917,No,Low/Medium,25+ months
4908-XAXAY,FEMALE,1,No,No,49,One year,Bank transfer (automatic),Fiber optic,89.85,4287,No,Low/Medium,25+ months
5002-GCQFH,MALE,0,yes,No,49,Month-to-month,Bank transfer (automatic),Fiber optic,93.85,4733,No,Low/Medium,25+ months
5131-PONJI,MALE,0,yes,Yes,49,Month-to-month,Credit card (automatic),Fiber optic,90.40,4494,No,Low/Medium,25+ months
5204-HMGYF,FEMALE,0,yes,Yes,49,One year,Mailed check,DSL,87.20,4345,No,Low/Medium,25+ months
5170-PTRKA,FEMALE,0,yes,Yes,49,One year,Credit card (automatic),DSL,35.80,1782,No,Low/Medium,25+ months
4554-YGZIH,MALE,1,yes,No,49,Month-to-month,Credit card (automatic),Fiber optic,90.05,4547,Yes,Low/Medium,25+ months
3714-NTNFO,FEMALE,0,No,No,49,Month-to-month,Electronic check,Fiber optic,84.50,3906,No,Low/Medium,25+ months
4039-PIMHX,MALE,1,yes,No,49,Two year,Mailed check,DSL,49.80,2398,No,Low/Medium,25+ months
3452-SRFEG,MALE,0,No,No,49,Month-to-month,Bank transfer (automatic),Fiber optic,74.60,3720,No,Low/Medium,25+ months
3545-CNWRG,FEMALE,0,yes,Yes,49,Month-to-month,Electronic check,Fiber optic,98.35,4889,No,Low/Medium,25+ months
9588-YRFHY,MALE,0,No,No,49,Two year,Credit card (automatic),No,19.90,1022,No,Low/Medium,25+ months
9732-EQMWY,FEMALE,0,yes,No,49,Month-to-month,Electronic check,Fiber optic,99.40,5025,No,Low/Medium,25+ months
9732-OUYRN,FEMALE,0,yes,No,49,One year,Credit card (automatic),No,19.00,918,No,Low/Medium,25+ months
9681-KYGYB,MALE,1,yes,No,49,Month-to-month,Electronic check,Fiber optic,88.20,4159,No,Low/Medium,25+ months
9139-WQQDY,FEMALE,0,yes,Yes,49,One year,Mailed check,Fiber optic,100.45,4941,Yes,Low/Medium,25+ months
8610-WFCJF,FEMALE,0,yes,Yes,49,Month-to-month,Electronic check,Fiber optic,95.60,4783,Yes,Low/Medium,25+ months
8624-GIOUT,FEMALE,0,No,No,49,Month-to-month,Credit card (automatic),DSL,59.75,2934,Yes,Low/Medium,25+ months
8133-ANHHJ,FEMALE,1,No,No,49,One year,Bank transfer (automatic),Fiber optic,103.00,5166,No,Low/Medium,25+ months
8430-TWCBX,FEMALE,0,yes,No,49,One year,Credit card (automatic),No,20.70,1032,No,Low/Medium,25+ months
8050-DVOJX,MALE,1,No,No,49,Two year,Credit card (automatic),DSL,81.35,4060,No,Low/Medium,25+ months
7989-AWGEH,MALE,0,yes,Yes,49,Month-to-month,Electronic check,DSL,39.20,1838,No,Low/Medium,25+ months
7696-AMHOD,FEMALE,0,yes,Yes,49,One year,Credit card (automatic),DSL,78.00,3824,No,Low/Medium,25+ months
7614-QVWQL,MALE,0,yes,Yes,49,One year,Bank transfer (automatic),DSL,51.80,2541,Yes,Low/Medium,25+ months
7481-ATQQS,FEMALE,1,No,No,49,Month-to-month,Credit card (automatic),Fiber optic,90.85,4515,Yes,Low/Medium,25+ months
6651-AZVTJ,MALE,0,yes,Yes,49,Month-to-month,Electronic check,Fiber optic,99.80,4872,Yes,Low/Medium,25+ months
6559-RAKOZ,MALE,0,yes,Yes,49,One year,Electronic check,Fiber optic,97.95,4917,No,Low/Medium,25+ months
6770-UAYGJ,FEMALE,0,yes,Yes,49,Two year,Mailed check,No,25.25,1211,No,Low/Medium,25+ months
6898-RBTLU,FEMALE,0,yes,Yes,49,Two year,Bank transfer (automatic),DSL,79.30,3902,No,Low/Medium,25+ months
6988-CJEYV,MALE,0,No,No,49,Month-to-month,Electronic check,Fiber optic,98.70,4920,No,Low/Medium,25+ months
9782-LGXMC,FEMALE,0,yes,Yes,49,Month-to-month,Bank transfer (automatic),DSL,61.75,3024,No,Low/Medium,25+ months
9755-JHNMN,FEMALE,0,No,No,49,Two year,Bank transfer (automatic),DSL,67.40,3306,No,Low/Medium,25+ months
0657-DOGUM,FEMALE,0,yes,No,48,One year,Bank transfer (automatic),DSL,60.60,2985,No,Low/Medium,25+ months
0667-NSRGI,FEMALE,0,yes,No,48,One year,Mailed check,DSL,69.55,3435,No,Low/Medium,25+ months
0442-TDYUO,MALE,0,yes,No,48,Two year,Mailed check,No,20.05,1036,No,Low/Medium,25+ months
0447-BEMNG,FEMALE,0,yes,No,48,Month-to-month,Bank transfer (automatic),DSL,45.30,2145,Yes,Low/Medium,25+ months
0234-TEVTT,FEMALE,0,yes,Yes,48,One year,Credit card (automatic),DSL,45.00,2196,No,Low/Medium,25+ months
0253-ZTEOB,FEMALE,0,yes,Yes,48,Two year,Electronic check,DSL,79.65,3870,No,Low/Medium,25+ months
1116-FRYVH,FEMALE,0,yes,Yes,48,Two year,Mailed check,DSL,39.40,1978,No,Low/Medium,25+ months
1545-ACTAS,FEMALE,0,yes,Yes,48,One year,Bank transfer (automatic),Fiber optic,99.70,4977,No,Low/Medium,25+ months
1661-CZBAU,MALE,0,No,No,48,One year,Bank transfer (automatic),DSL,70.95,3629,No,Low/Medium,25+ months
1371-OJCEK,FEMALE,0,No,No,48,One year,Bank transfer (automatic),No,24.35,1133,No,Low/Medium,25+ months
2038-LLMLM,FEMALE,0,No,No,48,Month-to-month,Electronic check,Fiber optic,103.85,4946,No,Low/Medium,25+ months
1996-DBMUS,FEMALE,1,yes,No,48,Month-to-month,Bank transfer (automatic),Fiber optic,70.65,3545,No,Low/Medium,25+ months
1862-QRWPE,FEMALE,0,yes,Yes,48,Two year,Bank transfer (automatic),No,20.65,1057,No,Low/Medium,25+ months
1899-VXWXM,MALE,0,No,No,48,One year,Credit card (automatic),Fiber optic,106.10,5082,Yes,Low/Medium,25+ months
2230-XTUWL,FEMALE,0,yes,Yes,48,Two year,Mailed check,No,19.55,883,No,Low/Medium,25+ months
2324-AALNO,FEMALE,0,No,No,48,One year,Bank transfer (automatic),No,24.55,1203,No,Low/Medium,25+ months
2332-TODQS,FEMALE,0,No,No,48,One year,Credit card (automatic),No,25.05,1171,No,Low/Medium,25+ months
2302-ANTDP,FEMALE,1,yes,No,48,Month-to-month,Electronic check,Fiber optic,117.45,5438,Yes,Low/Medium,25+ months
2669-OIDSD,FEMALE,0,yes,No,48,Month-to-month,Credit card (automatic),Fiber optic,100.05,4834,No,Low/Medium,25+ months
2573-GYRUU,MALE,1,yes,No,48,Month-to-month,Credit card (automatic),Fiber optic,91.05,4370,No,Low/Medium,25+ months
3034-ZBEQN,FEMALE,0,yes,No,48,One year,Mailed check,DSL,34.70,1604,Yes,Low/Medium,25+ months
4724-WXVWF,MALE,0,No,No,48,Month-to-month,Electronic check,Fiber optic,95.40,4445,No,Low/Medium,25+ months
4779-ZGICK,MALE,0,yes,Yes,48,Two year,Mailed check,No,23.55,1173,No,Low/Medium,25+ months
4800-CZMPC,FEMALE,0,yes,Yes,48,One year,Credit card (automatic),Fiber optic,103.25,5037,Yes,Low/Medium,25+ months
4361-FEBGN,MALE,0,No,No,48,Two year,Credit card (automatic),No,20.15,982,No,Low/Medium,25+ months
4342-HFXWS,FEMALE,0,yes,Yes,48,One year,Bank transfer (automatic),DSL,69.70,3023,No,Low/Medium,25+ months
4091-TVOCN,MALE,0,No,Yes,48,One year,Credit card (automatic),DSL,78.75,3682,No,Low/Medium,25+ months
5176-LDKUH,FEMALE,0,No,No,48,One year,Electronic check,Fiber optic,75.15,3772,No,Low/Medium,25+ months
5118-MUEYH,FEMALE,0,yes,No,48,Month-to-month,Credit card (automatic),Fiber optic,105.10,5083,No,Low/Medium,25+ months
5306-BVTKJ,MALE,0,yes,Yes,48,One year,Credit card (automatic),DSL,55.80,2651,No,Low/Medium,25+ months
5327-CNLUQ,MALE,0,yes,No,48,Two year,Bank transfer (automatic),Fiber optic,96.90,4473,No,Low/Medium,25+ months
6394-MFYNG,FEMALE,0,No,No,48,Month-to-month,Bank transfer (automatic),Fiber optic,107.40,5121,Yes,Low/Medium,25+ months
6339-RZCBJ,MALE,0,No,No,48,Two year,Credit card (automatic),DSL,78.90,3771,No,Low/Medium,25+ months
6177-PEVRA,FEMALE,0,No,No,48,Two year,Credit card (automatic),DSL,55.50,2627,No,Low/Medium,25+ months
6137-MFAJN,FEMALE,0,No,No,48,Month-to-month,Electronic check,DSL,44.80,2104,No,Low/Medium,25+ months
5939-SXWHM,MALE,0,yes,Yes,48,Two year,Bank transfer (automatic),No,26.30,1245,No,Low/Medium,25+ months
5696-JVVQY,FEMALE,0,yes,Yes,48,Two year,Credit card (automatic),DSL,70.10,3238,No,Low/Medium,25+ months
5825-XJOCM,MALE,0,No,Yes,48,One year,Bank transfer (automatic),DSL,64.40,3035,No,Low/Medium,25+ months
6425-JWTDV,MALE,0,yes,No,48,Two year,Mailed check,No,19.25,855,No,Low/Medium,25+ months
9758-MFWGD,FEMALE,1,yes,Yes,48,One year,Bank transfer (automatic),DSL,29.90,1388,No,Low/Medium,25+ months
7033-CLAMM,FEMALE,0,yes,Yes,48,Two year,Bank transfer (automatic),No,20.20,1027,No,Low/Medium,25+ months
6891-JPYFF,FEMALE,0,yes,Yes,48,Month-to-month,Credit card (automatic),Fiber optic,105.25,4997,No,Low/Medium,25+ months
6941-KXRRV,FEMALE,1,yes,No,48,One year,Bank transfer (automatic),DSL,58.95,2789,No,Low/Medium,25+ months
7064-FRRSW,MALE,1,No,No,48,One year,Electronic check,Fiber optic,99.00,4744,No,Low/Medium,25+ months
7130-YXBRO,MALE,0,yes,No,48,Month-to-month,Bank transfer (automatic),Fiber optic,111.45,5315,No,Low/Medium,25+ months
6821-JPCDC,FEMALE,0,yes,No,48,One year,Electronic check,Fiber optic,97.05,4692,No,Low/Medium,25+ months
6583-SZVGP,MALE,0,No,No,48,Two year,Bank transfer (automatic),Fiber optic,108.10,5067,No,Low/Medium,25+ months
6661-EIPZC,FEMALE,0,yes,Yes,48,Month-to-month,Credit card (automatic),DSL,29.50,1423,No,Low/Medium,25+ months
7445-WMRBW,FEMALE,0,No,No,48,One year,Bank transfer (automatic),DSL,73.85,3581,No,Low/Medium,25+ months
7601-DHFWZ,FEMALE,0,No,No,48,Two year,Credit card (automatic),No,24.00,1183,No,Low/Medium,25+ months
7560-QRBXH,FEMALE,0,No,Yes,48,One year,Mailed check,No,19.95,936,No,Low/Medium,25+ months
7716-YTYHG,FEMALE,0,yes,Yes,48,One year,Mailed check,Fiber optic,82.05,4029,Yes,Low/Medium,25+ months
8099-MZPUJ,MALE,0,yes,Yes,48,Two year,Credit card (automatic),Fiber optic,111.80,5443,No,Low/Medium,25+ months
8550-XSXUQ,MALE,0,yes,No,48,One year,Credit card (automatic),DSL,70.55,3420,No,Low/Medium,25+ months
8552-OBVRU,FEMALE,1,yes,Yes,48,Month-to-month,Electronic check,Fiber optic,104.50,5068,No,Low/Medium,25+ months
8869-TORSS,FEMALE,0,No,No,48,One year,Credit card (automatic),DSL,60.35,2896,Yes,Low/Medium,25+ months
8859-YSTWS,MALE,0,No,No,48,One year,Bank transfer (automatic),No,19.95,1004,No,Low/Medium,25+ months
8822-KNBHV,FEMALE,0,No,No,48,One year,Credit card (automatic),DSL,83.45,3887,No,Low/Medium,25+ months
9114-AAFQH,FEMALE,0,yes,No,48,One year,Electronic check,DSL,65.65,3094,No,Low/Medium,25+ months
9251-AWQGT,FEMALE,0,yes,Yes,48,Two year,Mailed check,No,20.00,935,No,Low/Medium,25+ months
9013-AQORL,FEMALE,0,No,Yes,48,Month-to-month,Credit card (automatic),DSL,45.55,2108,No,Low/Medium,25+ months
9432-RUVSL,FEMALE,0,No,No,48,Two year,Credit card (automatic),Fiber optic,102.50,4904,No,Low/Medium,25+ months
9412-ARGBX,FEMALE,0,No,Yes,48,Two year,Mailed check,Fiber optic,95.50,4627,Yes,Low/Medium,25+ months
9916-AYHTC,MALE,0,No,No,48,Two year,Credit card (automatic),No,19.85,916,No,Low/Medium,25+ months
3154-CFSZG,MALE,0,yes,Yes,47,Month-to-month,Electronic check,Fiber optic,90.05,4137,No,Low/Medium,25+ months
3079-BCHLN,MALE,0,yes,No,47,One year,Bank transfer (automatic),No,19.90,942,No,Low/Medium,25+ months
3209-ZPKFI,MALE,0,yes,Yes,47,Month-to-month,Electronic check,DSL,54.25,2538,No,Low/Medium,25+ months
2558-BUOZZ,MALE,0,No,No,47,One year,Bank transfer (automatic),Fiber optic,94.80,4535,No,Low/Medium,25+ months
2888-ADFAO,FEMALE,0,yes,Yes,47,Two year,Bank transfer (automatic),No,21.30,1041,No,Low/Medium,25+ months
2750-BJLSB,FEMALE,0,No,No,47,One year,Electronic check,Fiber optic,103.70,4730,No,Low/Medium,25+ months
2452-SNHFZ,FEMALE,0,No,No,47,Month-to-month,Credit card (automatic),Fiber optic,75.45,3545,No,Low/Medium,25+ months
2195-ZRVAX,FEMALE,0,yes,No,47,Month-to-month,Electronic check,Fiber optic,85.30,4045,Yes,Low/Medium,25+ months
1709-EJDOX,FEMALE,0,yes,Yes,47,Two year,Mailed check,No,19.75,948,No,Low/Medium,25+ months
1732-VHUBQ,FEMALE,1,yes,Yes,47,Month-to-month,Bank transfer (automatic),Fiber optic,70.55,3309,Yes,Low/Medium,25+ months
1929-ZCBHE,MALE,0,yes,Yes,47,One year,Electronic check,DSL,40.30,1794,No,Low/Medium,25+ months
1095-JUDTC,FEMALE,1,No,No,47,Month-to-month,Electronic check,Fiber optic,95.05,4504,Yes,Low/Medium,25+ months
1171-TYKUR,MALE,0,yes,No,47,Month-to-month,Electronic check,No,25.40,1139,No,Low/Medium,25+ months
0945-TSONX,FEMALE,0,yes,Yes,47,Two year,Credit card (automatic),DSL,85.30,4107,No,Low/Medium,25+ months
0840-DCNZE,MALE,0,No,No,47,One year,Bank transfer (automatic),DSL,86.95,4138,No,Low/Medium,25+ months
0932-YIXYU,FEMALE,0,No,No,47,Two year,Credit card (automatic),No,20.25,1029,No,Low/Medium,25+ months
0178-SZBHO,MALE,0,yes,Yes,47,Month-to-month,Electronic check,Fiber optic,87.20,4017,No,Low/Medium,25+ months
0434-CSFON,FEMALE,0,yes,No,47,Month-to-month,Electronic check,Fiber optic,100.50,4707,No,Low/Medium,25+ months
0643-OKLRP,FEMALE,1,yes,No,47,Month-to-month,Electronic check,Fiber optic,80.35,3825,Yes,Low/Medium,25+ months
6467-CHFZW,MALE,0,yes,Yes,47,Month-to-month,Electronic check,Fiber optic,99.35,4749,Yes,Low/Medium,25+ months
5968-HYJRZ,MALE,0,yes,Yes,47,Two year,Mailed check,No,24.55,1160,No,Low/Medium,25+ months
6173-ITPWD,MALE,0,yes,No,47,Month-to-month,Bank transfer (automatic),Fiber optic,83.35,4065,Yes,Low/Medium,25+ months
5232-NXPAY,FEMALE,0,No,No,47,Two year,Mailed check,DSL,74.45,3510,No,Low/Medium,25+ months
5630-IXDXV,FEMALE,0,No,No,47,Month-to-month,Electronic check,Fiber optic,106.35,4849,No,Low/Medium,25+ months
5529-GIBVH,FEMALE,0,No,No,47,Two year,Mailed check,No,20.15,1046,No,Low/Medium,25+ months
5499-ECUTN,FEMALE,0,yes,No,47,One year,Credit card (automatic),DSL,66.05,3021,No,Low/Medium,25+ months
5093-FEGLU,FEMALE,0,yes,No,47,Two year,Bank transfer (automatic),No,19.65,921,No,Low/Medium,25+ months
5176-LMJXE,FEMALE,0,No,No,47,Two year,Mailed check,No,20.55,945,No,Low/Medium,25+ months
5014-WUQMG,MALE,0,yes,Yes,47,One year,Electronic check,Fiber optic,96.10,4391,No,Low/Medium,25+ months
4128-ETESU,FEMALE,1,yes,No,47,Month-to-month,Electronic check,Fiber optic,99.70,4747,No,Low/Medium,25+ months
4381-MHQDC,FEMALE,0,No,No,47,Two year,Mailed check,DSL,65.00,2879,No,Low/Medium,25+ months
4789-KWMXN,MALE,0,yes,No,47,One year,Credit card (automatic),Fiber optic,110.85,5275,Yes,Low/Medium,25+ months
4837-PZTIC,FEMALE,0,No,No,47,Two year,Mailed check,DSL,41.90,1875,No,Low/Medium,25+ months
4742-TXUEX,FEMALE,0,yes,Yes,47,Two year,Bank transfer (automatic),No,19.30,890,No,Low/Medium,25+ months
4565-EVZMJ,FEMALE,0,No,No,47,One year,Mailed check,DSL,58.90,2813,No,Low/Medium,25+ months
4566-GOLUK,MALE,0,yes,Yes,47,Month-to-month,Bank transfer (automatic),Fiber optic,107.35,5118,Yes,Low/Medium,25+ months
3547-LQRIK,FEMALE,0,yes,No,47,One year,Electronic check,No,26.90,1250,No,Low/Medium,25+ months
3557-HTYWR,FEMALE,0,No,No,47,Two year,Mailed check,DSL,74.05,3496,No,Low/Medium,25+ months
3537-RYBHH,FEMALE,1,yes,No,47,Month-to-month,Credit card (automatic),DSL,67.45,3252,No,Low/Medium,25+ months
3452-ABWRL,MALE,1,No,No,47,Month-to-month,Credit card (automatic),Fiber optic,86.05,3865,No,Low/Medium,25+ months
3384-CTMSF,MALE,0,yes,No,47,Month-to-month,Electronic check,Fiber optic,104.10,5135,No,Low/Medium,25+ months
3946-JEWRQ,MALE,0,yes,No,47,One year,Credit card (automatic),Fiber optic,95.20,4563,No,Low/Medium,25+ months
9646-NMHXE,MALE,0,yes,No,47,Two year,Mailed check,No,19.65,973,No,Low/Medium,25+ months
9746-MDMBK,MALE,0,yes,Yes,47,One year,Bank transfer (automatic),Fiber optic,113.45,5317,No,Low/Medium,25+ months
9620-QJREV,MALE,0,No,Yes,47,One year,Credit card (automatic),No,20.55,1013,No,Low/Medium,25+ months
9633-DENPU,FEMALE,0,yes,No,47,Month-to-month,Bank transfer (automatic),DSL,58.60,2723,No,Low/Medium,25+ months
8938-UMKPI,FEMALE,0,No,No,47,Month-to-month,Electronic check,Fiber optic,106.40,5127,Yes,Low/Medium,25+ months
9079-LWTFD,MALE,0,No,No,47,Month-to-month,Mailed check,Fiber optic,100.75,4669,No,Low/Medium,25+ months
9081-WWXKP,FEMALE,0,yes,Yes,47,Two year,Credit card (automatic),No,20.25,873,No,Low/Medium,25+ months
9308-ANMVE,MALE,0,No,Yes,47,Month-to-month,Electronic check,DSL,55.30,2654,No,Low/Medium,25+ months
9224-VTYID,MALE,0,yes,Yes,47,Two year,Mailed check,DSL,90.50,4318,No,Low/Medium,25+ months
8902-ZEOVF,MALE,0,yes,Yes,47,One year,Mailed check,No,20.05,951,No,Low/Medium,25+ months
8571-ZCMCX,FEMALE,0,yes,Yes,47,Two year,Credit card (automatic),DSL,60.00,2768,No,Low/Medium,25+ months
8627-ZYGSZ,MALE,0,yes,No,47,One year,Electronic check,Fiber optic,78.90,3650,No,Low/Medium,25+ months
8634-MPHTR,MALE,1,yes,No,47,Month-to-month,Electronic check,Fiber optic,100.05,4871,Yes,Low/Medium,25+ months
8313-AFGBW,MALE,0,yes,No,47,Two year,Electronic check,DSL,73.60,3522,No,Low/Medium,25+ months
7771-CFQRQ,FEMALE,0,yes,Yes,47,Two year,Bank transfer (automatic),DSL,63.80,3007,No,Low/Medium,25+ months
7975-TZMLR,MALE,0,No,No,47,One year,Electronic check,Fiber optic,103.10,4889,No,Low/Medium,25+ months
7634-HLQJR,FEMALE,0,yes,Yes,47,Two year,Credit card (automatic),No,20.05,1016,No,Low/Medium,25+ months
6599-RCLCJ,MALE,0,yes,No,47,Month-to-month,Electronic check,Fiber optic,109.55,5124,Yes,Low/Medium,25+ months
6810-VCAEX,FEMALE,0,No,No,47,One year,Credit card (automatic),DSL,39.65,1798,No,Low/Medium,25+ months
6845-RGTYS,FEMALE,0,yes,No,47,Month-to-month,Electronic check,Fiber optic,98.75,4533,Yes,Low/Medium,25+ months
6686-YPGHK,MALE,1,No,No,47,Month-to-month,Mailed check,Fiber optic,85.50,4042,Yes,Low/Medium,25+ months
6732-FZUGP,FEMALE,0,No,No,47,One year,Credit card (automatic),Fiber optic,94.90,4615,No,Low/Medium,25+ months
7248-VZQLC,FEMALE,1,No,No,47,Month-to-month,Bank transfer (automatic),Fiber optic,85.20,3969,Yes,Low/Medium,25+ months
6961-MJKBO,MALE,0,No,No,47,Two year,Bank transfer (automatic),No,20.45,943,No,Low/Medium,25+ months
7025-WCBNE,MALE,1,No,No,47,Two year,Bank transfer (automatic),DSL,59.60,2754,No,Low/Medium,25+ months
9978-HYCIN,MALE,1,yes,Yes,47,One year,Bank transfer (automatic),Fiber optic,84.95,4018,No,Low/Medium,25+ months
0691-IFBQW,FEMALE,1,No,No,46,One year,Electronic check,Fiber optic,110.00,4874,Yes,Low/Medium,25+ months
0756-MPZRL,MALE,0,No,No,46,One year,Credit card (automatic),DSL,33.70,1537,No,Low/Medium,25+ months
0506-YLVKJ,MALE,0,yes,Yes,46,Two year,Mailed check,No,20.20,917,No,Low/Medium,25+ months
0572-ZJKLT,FEMALE,0,yes,Yes,46,Two year,Mailed check,Fiber optic,99.65,4630,No,Low/Medium,25+ months
0206-OYVOC,FEMALE,0,yes,Yes,46,Two year,Mailed check,No,19.25,864,No,Low/Medium,25+ months
0239-OXEXL,FEMALE,0,No,No,46,Month-to-month,Mailed check,Fiber optic,84.25,3847,No,Low/Medium,25+ months
0386-CWRGM,FEMALE,0,yes,Yes,46,Two year,Mailed check,No,19.40,967,No,Low/Medium,25+ months
0345-XMMUG,FEMALE,0,yes,No,46,Two year,Credit card (automatic),Fiber optic,108.90,4854,No,Low/Medium,25+ months
0842-IWYCP,FEMALE,0,No,No,46,Month-to-month,Bank transfer (automatic),DSL,44.95,2168,No,Low/Medium,25+ months
1370-GGAWX,FEMALE,0,No,No,46,One year,Electronic check,Fiber optic,94.15,4408,No,Low/Medium,25+ months
1322-AGOQM,MALE,0,No,No,46,Month-to-month,Bank transfer (automatic),DSL,30.30,1380,Yes,Low/Medium,25+ months
2001-MCUUW,MALE,0,No,No,46,Two year,Electronic check,Fiber optic,108.65,4903,No,Low/Medium,25+ months
2014-MKGMH,FEMALE,0,No,No,46,One year,Electronic check,Fiber optic,101.10,4674,No,Low/Medium,25+ months
2068-WWXQZ,MALE,0,No,No,46,Two year,Bank transfer (automatic),No,20.05,902,No,Low/Medium,25+ months
1707-HABPF,FEMALE,1,No,No,46,One year,Bank transfer (automatic),Fiber optic,91.30,4126,No,Low/Medium,25+ months
1751-NCDLI,MALE,1,yes,No,46,Month-to-month,Electronic check,Fiber optic,98.85,4564,No,Low/Medium,25+ months
2165-VOEGB,FEMALE,0,No,Yes,46,One year,Bank transfer (automatic),Fiber optic,105.20,4822,Yes,Low/Medium,25+ months
2361-UPSND,FEMALE,0,yes,No,46,One year,Mailed check,DSL,70.60,3231,No,Low/Medium,25+ months
2379-GYFLQ,MALE,0,No,No,46,One year,Credit card (automatic),Fiber optic,94.90,4422,No,Low/Medium,25+ months
2796-NNUFI,FEMALE,0,yes,Yes,46,Two year,Mailed check,No,19.95,927,No,Low/Medium,25+ months
2725-IWWBA,MALE,0,yes,Yes,46,One year,Mailed check,DSL,56.90,2560,No,Low/Medium,25+ months
3190-ITQXP,FEMALE,0,yes,Yes,46,Two year,Bank transfer (automatic),No,20.25,890,No,Low/Medium,25+ months
3174-AKMAS,FEMALE,0,yes,No,46,Two year,Credit card (automatic),DSL,64.20,3009,No,Low/Medium,25+ months
2927-QRRQV,MALE,0,yes,No,46,One year,Electronic check,Fiber optic,94.65,4312,No,Low/Medium,25+ months
2933-XEUJM,FEMALE,0,No,No,46,Two year,Mailed check,DSL,79.20,3593,No,Low/Medium,25+ months
3764-MNMOI,MALE,0,No,No,46,Two year,Credit card (automatic),No,19.20,908,No,Low/Medium,25+ months
3450-WXOAT,MALE,0,No,No,46,Month-to-month,Credit card (automatic),DSL,45.20,2065,No,Low/Medium,25+ months
3572-UOLYZ,FEMALE,0,No,Yes,46,Month-to-month,Bank transfer (automatic),Fiber optic,84.80,3958,No,Low/Medium,25+ months
4538-WNTMJ,FEMALE,0,yes,Yes,46,One year,Mailed check,No,24.95,1165,No,Low/Medium,25+ months
4829-AUOAX,FEMALE,0,No,No,46,Month-to-month,Bank transfer (automatic),Fiber optic,96.05,4399,Yes,Low/Medium,25+ months
4785-QRJHC,MALE,1,yes,No,46,One year,Bank transfer (automatic),DSL,59.90,2816,Yes,Low/Medium,25+ months
4501-UYKBC,FEMALE,1,No,No,46,One year,Credit card (automatic),DSL,69.10,3255,No,Low/Medium,25+ months
4433-JCGCG,MALE,1,yes,No,46,Month-to-month,Electronic check,Fiber optic,101.00,4680,Yes,Low/Medium,25+ months
4163-NCJAK,FEMALE,0,yes,No,46,One year,Bank transfer (automatic),No,24.45,1066,No,Low/Medium,25+ months
4187-CINZD,FEMALE,1,No,No,46,One year,Credit card (automatic),Fiber optic,95.25,4424,Yes,Low/Medium,25+ months
5512-IDZEI,MALE,0,yes,Yes,46,One year,Electronic check,No,24.90,1174,No,Low/Medium,25+ months
5468-BPMMO,MALE,0,yes,No,46,Month-to-month,Electronic check,No,19.60,851,No,Low/Medium,25+ months
5619-PTMIK,FEMALE,0,yes,No,46,Month-to-month,Electronic check,DSL,53.10,2459,No,Low/Medium,25+ months
5575-TPIZQ,MALE,0,No,No,46,Month-to-month,Credit card (automatic),Fiber optic,89.15,4245,No,Low/Medium,25+ months
5296-BFCYD,MALE,0,yes,Yes,46,Two year,Mailed check,No,20.10,936,No,Low/Medium,25+ months
5310-NOOVA,MALE,0,No,No,46,Two year,Electronic check,No,19.95,907,No,Low/Medium,25+ months
6174-NRBTZ,MALE,0,No,No,46,One year,Bank transfer (automatic),DSL,30.75,1489,No,Low/Medium,25+ months
6199-IWKGC,FEMALE,1,yes,No,46,One year,Electronic check,Fiber optic,100.25,4753,No,Low/Medium,25+ months
6119-SPUDB,MALE,0,No,No,46,Two year,Mailed check,DSL,38.25,1755,No,Low/Medium,25+ months
6416-JNVRK,FEMALE,0,No,No,46,One year,Credit card (automatic),DSL,55.65,2688,No,Low/Medium,25+ months
6374-AFWOX,MALE,0,yes,No,46,Two year,Mailed check,DSL,65.65,3047,No,Low/Medium,25+ months
5970-GHJAW,MALE,0,yes,Yes,46,Two year,Credit card (automatic),No,19.95,862,No,Low/Medium,25+ months
5862-BRIXZ,MALE,0,No,No,46,Two year,Bank transfer (automatic),DSL,60.75,2893,No,Low/Medium,25+ months
5751-USDBL,MALE,0,yes,Yes,46,Two year,Mailed check,DSL,81.00,3846,No,Low/Medium,25+ months
7047-FWEYA,FEMALE,0,yes,No,46,One year,Electronic check,Fiber optic,103.15,4594,No,Low/Medium,25+ months
6961-VCPMC,MALE,1,yes,No,46,Month-to-month,Electronic check,Fiber optic,80.40,3605,Yes,Low/Medium,25+ months
7128-GGCNO,MALE,0,No,No,46,Month-to-month,Bank transfer (automatic),Fiber optic,72.80,3249,No,Low/Medium,25+ months
6769-DYBQN,MALE,1,No,No,46,Month-to-month,Electronic check,Fiber optic,85.00,3969,Yes,Low/Medium,25+ months
6762-NSODU,FEMALE,0,yes,Yes,46,Two year,Credit card (automatic),No,19.40,958,No,Low/Medium,25+ months
6603-QWSPR,FEMALE,0,No,No,46,Two year,Bank transfer (automatic),Fiber optic,104.40,4904,No,Low/Medium,25+ months
6572-ADKRS,FEMALE,0,No,No,46,Month-to-month,Credit card (automatic),Fiber optic,74.80,3548,No,Low/Medium,25+ months
7641-EUYET,MALE,1,yes,Yes,46,Month-to-month,Electronic check,Fiber optic,100.70,4541,Yes,Low/Medium,25+ months
7576-JMYWV,FEMALE,1,yes,Yes,46,Month-to-month,Electronic check,Fiber optic,110.20,4972,No,Low/Medium,25+ months
7502-BNYGS,FEMALE,0,yes,No,46,Month-to-month,Credit card (automatic),DSL,69.10,3168,No,Low/Medium,25+ months
7432-FFVAR,FEMALE,0,yes,Yes,46,One year,Bank transfer (automatic),Fiber optic,90.95,4236,No,Low/Medium,25+ months
7356-IWLFW,MALE,0,yes,Yes,46,Month-to-month,Bank transfer (automatic),Fiber optic,80.00,3769,No,Low/Medium,25+ months
7253-UVNDW,FEMALE,0,No,No,46,Two year,Credit card (automatic),DSL,54.35,2460,Yes,Low/Medium,25+ months
8178-EYZUO,MALE,0,No,No,46,Month-to-month,Electronic check,Fiber optic,93.70,4154,Yes,Low/Medium,25+ months
8631-WUXGY,FEMALE,0,No,Yes,46,Month-to-month,Electronic check,Fiber optic,99.80,4391,No,Low/Medium,25+ months
8671-KKKOS,FEMALE,0,yes,No,46,Month-to-month,Electronic check,DSL,45.55,2062,No,Low/Medium,25+ months
8910-ICHIU,FEMALE,0,No,No,46,One year,Credit card (automatic),Fiber optic,95.65,4664,No,Low/Medium,25+ months
8818-DOPVL,FEMALE,1,No,No,46,Month-to-month,Electronic check,Fiber optic,104.45,4863,No,Low/Medium,25+ months
8741-LQOBK,FEMALE,0,yes,Yes,46,Month-to-month,Bank transfer (automatic),DSL,35.05,1620,No,Low/Medium,25+ months
9281-PKKZE,FEMALE,0,yes,No,46,Month-to-month,Electronic check,DSL,43.95,2007,No,Low/Medium,25+ months
9674-EHPPG,MALE,0,yes,No,46,Two year,Credit card (automatic),DSL,40.40,1842,No,Low/Medium,25+ months
9798-OPFEM,FEMALE,0,No,No,46,Two year,Electronic check,No,21.10,937,No,Low/Medium,25+ months
9975-GPKZU,MALE,0,yes,Yes,46,Two year,Credit card (automatic),No,19.75,856,No,Low/Medium,25+ months
9931-KGHOA,FEMALE,0,yes,No,46,Month-to-month,Bank transfer (automatic),DSL,55.00,2473,No,Low/Medium,25+ months
9805-FILKB,MALE,0,yes,Yes,46,One year,Bank transfer (automatic),No,20.20,845,No,Low/Medium,25+ months
2959-EEXWB,FEMALE,0,yes,Yes,45,Month-to-month,Bank transfer (automatic),DSL,50.90,2333,No,Low/Medium,25+ months
3230-IUALN,FEMALE,0,yes,Yes,45,Two year,Mailed check,DSL,81.00,3533,No,Low/Medium,25+ months
2869-ADAWR,FEMALE,0,No,No,45,Month-to-month,Credit card (automatic),Fiber optic,89.30,4016,Yes,Low/Medium,25+ months
2826-UWHIS,MALE,0,yes,No,45,Month-to-month,Bank transfer (automatic),Fiber optic,81.40,3775,No,Low/Medium,25+ months
2192-OZITF,FEMALE,0,No,No,45,Two year,Mailed check,DSL,73.55,3349,No,Low/Medium,25+ months
2208-MPXIO,FEMALE,0,yes,Yes,45,Two year,Bank transfer (automatic),No,20.00,886,No,Low/Medium,25+ months
1768-HNVGJ,FEMALE,1,No,No,45,Month-to-month,Electronic check,DSL,70.05,3062,No,Low/Medium,25+ months
1716-LSAMB,MALE,0,yes,Yes,45,Two year,Bank transfer (automatic),DSL,54.65,2553,No,Low/Medium,25+ months
1833-TCXKK,MALE,0,yes,No,45,Month-to-month,Bank transfer (automatic),Fiber optic,107.75,4882,No,Low/Medium,25+ months
1950-KSVVJ,FEMALE,0,yes,No,45,One year,Mailed check,Fiber optic,113.30,5032,No,Low/Medium,25+ months
1608-GMEWB,MALE,1,No,No,45,Month-to-month,Bank transfer (automatic),Fiber optic,93.90,4200,No,Low/Medium,25+ months
1506-YJTYT,MALE,0,yes,Yes,45,Two year,Credit card (automatic),DSL,73.85,3371,No,Low/Medium,25+ months
0853-NWIFK,FEMALE,0,No,No,45,One year,Electronic check,Fiber optic,100.30,4483,No,Low/Medium,25+ months
1216-BGTSP,MALE,0,No,No,45,Month-to-month,Credit card (automatic),Fiber optic,108.45,4964,No,Low/Medium,25+ months
1094-BKOSX,FEMALE,0,yes,Yes,45,One year,Bank transfer (automatic),DSL,51.00,2264,No,Low/Medium,25+ months
0022-TCJCI,MALE,1,No,No,45,One year,Credit card (automatic),DSL,62.70,2791,Yes,Low/Medium,25+ months
0607-MVMGC,MALE,0,yes,Yes,45,One year,Credit card (automatic),DSL,78.75,3600,No,Low/Medium,25+ months
0481-SUMCB,FEMALE,1,No,No,45,One year,Bank transfer (automatic),Fiber optic,102.15,4735,No,Low/Medium,25+ months
0824-VWDPO,FEMALE,0,No,No,45,One year,Bank transfer (automatic),Fiber optic,96.75,4442,No,Low/Medium,25+ months
0723-VSOBE,FEMALE,1,No,No,45,One year,Electronic check,DSL,34.20,1596,No,Low/Medium,25+ months
5906-CVLHP,FEMALE,0,yes,Yes,45,One year,Credit card (automatic),DSL,54.15,2319,Yes,Low/Medium,25+ months
6233-HXJMX,FEMALE,0,No,No,45,Month-to-month,Credit card (automatic),Fiber optic,89.30,4192,No,Low/Medium,25+ months
5242-UOWHD,MALE,0,yes,Yes,45,Two year,Mailed check,No,20.35,929,No,Low/Medium,25+ months
5382-TEMLV,MALE,0,No,No,45,Month-to-month,Bank transfer (automatic),DSL,50.90,2298,No,Low/Medium,25+ months
4475-NVTLU,MALE,0,yes,Yes,45,Two year,Electronic check,No,19.20,903,No,Low/Medium,25+ months
4713-ZBURT,MALE,0,No,Yes,45,Two year,Bank transfer (automatic),Fiber optic,99.70,4634,No,Low/Medium,25+ months
4584-LBNMK,MALE,1,yes,No,45,One year,Credit card (automatic),No,24.70,1174,No,Low/Medium,25+ months
4652-ODEVH,MALE,0,yes,Yes,45,Two year,Mailed check,No,24.45,1088,No,Low/Medium,25+ months
3572-UUHRS,MALE,0,No,No,45,One year,Bank transfer (automatic),No,18.85,867,No,Low/Medium,25+ months
3284-SVCRO,FEMALE,0,yes,No,45,Two year,Mailed check,No,25.50,1121,No,Low/Medium,25+ months
3705-PSNGL,MALE,0,No,No,45,One year,Electronic check,No,20.40,930,Yes,Low/Medium,25+ months
3932-IJWDZ,MALE,0,No,No,45,Month-to-month,Bank transfer (automatic),Fiber optic,103.65,4747,No,Low/Medium,25+ months
3898-GUYTS,FEMALE,1,No,No,45,Month-to-month,Electronic check,Fiber optic,97.05,4385,No,Low/Medium,25+ months
3887-PBQAO,FEMALE,0,yes,Yes,45,One year,Credit card (automatic),No,25.90,1216,No,Low/Medium,25+ months
6439-GTPCA,FEMALE,0,No,No,45,Month-to-month,Electronic check,Fiber optic,87.25,3941,Yes,Low/Medium,25+ months
6480-YAGIY,MALE,0,No,No,45,One year,Credit card (automatic),Fiber optic,112.20,5031,No,Low/Medium,25+ months
9670-BPNXF,FEMALE,0,No,No,45,One year,Credit card (automatic),DSL,62.55,2796,No,Low/Medium,25+ months
9659-QEQSY,FEMALE,0,No,No,45,Month-to-month,Electronic check,Fiber optic,115.65,5125,No,Low/Medium,25+ months
9408-HRXRK,FEMALE,0,yes,Yes,45,Month-to-month,Electronic check,Fiber optic,105.15,4730,No,Low/Medium,25+ months
9495-SKLKD,MALE,0,yes,Yes,45,Month-to-month,Bank transfer (automatic),Fiber optic,95.95,4456,No,Low/Medium,25+ months
9233-PSYHO,FEMALE,1,No,No,45,One year,Bank transfer (automatic),Fiber optic,100.15,4459,No,Low/Medium,25+ months
8999-YPYBV,MALE,0,yes,Yes,45,Two year,Mailed check,DSL,84.35,3858,No,Low/Medium,25+ months
8868-GAGIO,MALE,0,yes,No,45,Month-to-month,Mailed check,Fiber optic,84.55,3713,No,Low/Medium,25+ months
8345-MVDYC,FEMALE,0,No,No,45,Two year,Bank transfer (automatic),DSL,81.65,3618,No,Low/Medium,25+ months
8292-ITGYJ,FEMALE,0,yes,Yes,45,Two year,Bank transfer (automatic),No,24.65,1138,No,Low/Medium,25+ months
7284-ZZLOH,MALE,0,yes,No,45,Two year,Credit card (automatic),DSL,53.30,2296,No,Low/Medium,25+ months
7446-KQISO,MALE,0,yes,Yes,45,Two year,Bank transfer (automatic),Fiber optic,109.75,4900,No,Low/Medium,25+ months
7460-ITWWP,FEMALE,1,yes,No,45,Month-to-month,Electronic check,Fiber optic,86.10,3861,No,Low/Medium,25+ months
7605-SNLQG,FEMALE,0,yes,No,45,Month-to-month,Credit card (automatic),DSL,50.25,2221,No,Low/Medium,25+ months
7607-QKKTJ,MALE,0,yes,Yes,45,One year,Credit card (automatic),Fiber optic,95.00,4368,No,Low/Medium,25+ months
7856-GANIL,MALE,1,yes,No,45,One year,Bank transfer (automatic),Fiber optic,98.70,4525,No,Low/Medium,25+ months
7881-INRLC,MALE,0,No,No,45,Month-to-month,Credit card (automatic),Fiber optic,100.85,4740,Yes,Low/Medium,25+ months
7925-PNRGI,FEMALE,0,yes,Yes,45,Month-to-month,Mailed check,DSL,81.30,3541,No,Low/Medium,25+ months
7795-CFOCW,MALE,0,No,No,45,One year,Bank transfer (automatic),DSL,42.30,1840,No,Low/Medium,25+ months
7779-ORAEL,MALE,1,yes,No,45,Two year,Credit card (automatic),DSL,75.15,3480,No,Low/Medium,25+ months
7838-LAZFO,MALE,0,yes,No,45,One year,Bank transfer (automatic),DSL,78.80,3597,No,Low/Medium,25+ months
6568-POCUI,FEMALE,0,yes,No,45,Two year,Credit card (automatic),Fiber optic,95.20,4285,No,Low/Medium,25+ months
6563-VNPMN,FEMALE,1,No,No,45,Month-to-month,Bank transfer (automatic),Fiber optic,85.70,3778,No,Low/Medium,25+ months
6619-RPLQZ,FEMALE,0,yes,Yes,45,Two year,Mailed check,No,20.85,892,No,Low/Medium,25+ months
6813-GZQCG,FEMALE,0,yes,Yes,45,Two year,Credit card (automatic),No,24.65,1171,No,Low/Medium,25+ months
6959-GQEGV,MALE,0,No,No,45,Month-to-month,Electronic check,DSL,75.95,3273,No,Low/Medium,25+ months
0723-FDLAY,MALE,0,No,No,44,One year,Bank transfer (automatic),DSL,85.25,3704,No,Low/Medium,25+ months
0440-QEXBZ,FEMALE,0,No,No,44,Month-to-month,Mailed check,DSL,50.15,2139,No,Low/Medium,25+ months
0129-QMPDR,MALE,0,yes,Yes,44,One year,Bank transfer (automatic),No,20.50,865,No,Low/Medium,25+ months
0134-XWXCE,FEMALE,1,No,No,44,One year,Bank transfer (automatic),DSL,74.85,3268,No,Low/Medium,25+ months
1121-QSIVB,FEMALE,0,No,Yes,44,One year,Mailed check,DSL,77.55,3471,No,Low/Medium,25+ months
1051-EQPZR,FEMALE,0,yes,Yes,44,Month-to-month,Mailed check,No,19.60,780,No,Low/Medium,25+ months
0943-ZQPXH,MALE,0,yes,Yes,44,Month-to-month,Bank transfer (automatic),Fiber optic,92.95,4122,No,Low/Medium,25+ months
1269-FOYWN,MALE,0,yes,Yes,44,One year,Bank transfer (automatic),No,20.00,860,No,Low/Medium,25+ months
1394-SUIUH,FEMALE,1,yes,No,44,Month-to-month,Electronic check,Fiber optic,85.15,3670,No,Low/Medium,25+ months
2122-SZZZD,MALE,0,No,No,44,One year,Credit card (automatic),No,19.50,835,No,Low/Medium,25+ months
2270-CHBFN,FEMALE,0,yes,No,44,Month-to-month,Credit card (automatic),Fiber optic,95.10,4060,No,Low/Medium,25+ months
2348-KCJLT,FEMALE,0,yes,No,44,One year,Mailed check,DSL,61.50,2722,No,Low/Medium,25+ months
2408-PSJVE,MALE,0,yes,Yes,44,Month-to-month,Mailed check,DSL,61.90,2924,No,Low/Medium,25+ months
2428-HYUNX,MALE,1,yes,No,44,Two year,Credit card (automatic),No,19.35,847,No,Low/Medium,25+ months
2578-JQPHZ,MALE,0,No,No,44,Two year,Bank transfer (automatic),Fiber optic,100.10,4378,No,Low/Medium,25+ months
2587-EKXTS,MALE,0,No,No,44,Month-to-month,Electronic check,Fiber optic,111.50,4915,No,Low/Medium,25+ months
3935-TBRZZ,MALE,0,yes,Yes,44,One year,Mailed check,No,25.70,1110,No,Low/Medium,25+ months
3378-AJRAO,MALE,0,yes,Yes,44,One year,Electronic check,No,24.85,1013,No,Low/Medium,25+ months
3410-MHHUM,FEMALE,0,yes,Yes,44,One year,Electronic check,Fiber optic,94.40,4295,No,Low/Medium,25+ months
4682-BLBUC,MALE,0,yes,No,44,One year,Electronic check,DSL,70.95,3250,No,Low/Medium,25+ months
4625-LAMOB,MALE,0,No,No,44,Two year,Credit card (automatic),No,20.40,905,No,Low/Medium,25+ months
4720-VSTSI,FEMALE,0,No,No,44,Month-to-month,Bank transfer (automatic),Fiber optic,84.80,3862,Yes,Low/Medium,25+ months
4385-ZKVNW,MALE,0,yes,Yes,44,Month-to-month,Bank transfer (automatic),DSL,54.90,2549,No,Low/Medium,25+ months
4393-RYCRE,MALE,0,No,No,44,One year,Electronic check,Fiber optic,106.05,4510,No,Low/Medium,25+ months
5583-EJXRD,MALE,0,yes,Yes,44,Two year,Credit card (automatic),DSL,54.05,2375,No,Low/Medium,25+ months
6281-FKEWS,FEMALE,0,No,No,44,One year,Electronic check,DSL,49.05,2265,No,Low/Medium,25+ months
6345-ULYRW,MALE,1,yes,No,44,One year,Mailed check,Fiber optic,88.40,3912,Yes,Low/Medium,25+ months
6103-QCKFX,FEMALE,0,yes,Yes,44,Month-to-month,Bank transfer (automatic),DSL,56.25,2419,No,Low/Medium,25+ months
5857-TYBCJ,MALE,1,yes,No,44,Month-to-month,Electronic check,Fiber optic,89.20,4040,No,Low/Medium,25+ months
5980-NOPLP,FEMALE,0,yes,No,44,Month-to-month,Electronic check,Fiber optic,96.10,4364,Yes,Low/Medium,25+ months
6896-SRVYQ,MALE,1,No,No,44,Month-to-month,Electronic check,Fiber optic,73.85,3122,No,Low/Medium,25+ months
6981-TDRFT,MALE,0,yes,Yes,44,One year,Electronic check,DSL,54.30,2317,No,Low/Medium,25+ months
7242-EDTYC,MALE,0,No,Yes,44,Two year,Bank transfer (automatic),No,19.55,819,No,Low/Medium,25+ months
7191-ADRGF,MALE,0,yes,No,44,Two year,Bank transfer (automatic),DSL,54.30,2390,No,Low/Medium,25+ months
6738-ISCBM,MALE,0,No,No,44,One year,Electronic check,DSL,54.00,2440,No,Low/Medium,25+ months
6725-TPKJO,MALE,0,No,No,44,Two year,Mailed check,No,20.05,845,No,Low/Medium,25+ months
6689-VRRTK,FEMALE,1,No,No,44,One year,Credit card (automatic),Fiber optic,109.80,4860,No,Low/Medium,25+ months
7398-LXGYX,MALE,0,yes,No,44,Month-to-month,Credit card (automatic),Fiber optic,84.80,3626,No,Low/Medium,25+ months
8896-RAZCR,FEMALE,0,No,Yes,44,Two year,Mailed check,No,19.90,868,No,Low/Medium,25+ months
8761-NSOBC,MALE,0,No,No,44,Month-to-month,Electronic check,Fiber optic,100.55,4398,Yes,Low/Medium,25+ months
8782-LKFPK,MALE,0,No,No,44,Month-to-month,Mailed check,Fiber optic,90.40,4063,No,Low/Medium,25+ months
8679-LZBMD,MALE,0,yes,No,44,One year,Bank transfer (automatic),Fiber optic,90.65,3974,No,Low/Medium,25+ months
8627-EHGIP,MALE,0,No,No,44,One year,Mailed check,DSL,53.95,2375,Yes,Low/Medium,25+ months
8919-FYFQZ,MALE,1,yes,No,44,Month-to-month,Electronic check,DSL,30.35,1359,Yes,Low/Medium,25+ months
9067-SQTNS,MALE,0,yes,Yes,44,One year,Bank transfer (automatic),No,20.60,926,No,Low/Medium,25+ months
9209-NWPGU,MALE,0,No,No,44,One year,Electronic check,DSL,65.40,2774,No,Low/Medium,25+ months
9168-INPSZ,FEMALE,1,yes,No,44,Month-to-month,Electronic check,Fiber optic,104.15,4495,No,Low/Medium,25+ months
9127-QRZMH,MALE,0,yes,No,44,One year,Bank transfer (automatic),DSL,59.85,2603,No,Low/Medium,25+ months
9142-KZXOP,MALE,0,No,No,44,Month-to-month,Credit card (automatic),Fiber optic,68.85,2958,No,Low/Medium,25+ months
9391-DXGGG,FEMALE,1,No,No,44,One year,Credit card (automatic),Fiber optic,89.15,3990,No,Low/Medium,25+ months
9688-YGXVR,FEMALE,0,No,No,44,Month-to-month,Credit card (automatic),Fiber optic,88.15,3973,No,Low/Medium,25+ months
2842-BCQGE,MALE,0,No,No,43,Month-to-month,Credit card (automatic),Fiber optic,75.35,3161,No,Low/Medium,25+ months
2856-NNASM,MALE,1,No,No,43,Month-to-month,Mailed check,Fiber optic,89.55,3856,Yes,Low/Medium,25+ months
2716-GFZOR,MALE,0,yes,No,43,Month-to-month,Credit card (automatic),Fiber optic,86.10,3551,No,Low/Medium,25+ months
2351-BKRZW,FEMALE,0,yes,Yes,43,Two year,Bank transfer (automatic),DSL,75.20,3254,No,Low/Medium,25+ months
2144-ESWKO,MALE,0,No,No,43,One year,Credit card (automatic),DSL,35.20,1463,No,Low/Medium,25+ months
2208-NKVVH,MALE,0,yes,Yes,43,Two year,Mailed check,No,24.25,1077,No,Low/Medium,25+ months
1985-MBRYP,FEMALE,0,No,No,43,Two year,Bank transfer (automatic),No,19.65,779,No,Low/Medium,25+ months
2027-OAQQC,FEMALE,0,No,No,43,Month-to-month,Bank transfer (automatic),DSL,49.05,2076,Yes,Low/Medium,25+ months
1395-OFUWC,MALE,0,yes,Yes,43,Month-to-month,Credit card (automatic),DSL,29.30,1224,No,Low/Medium,25+ months
1247-QBVSH,FEMALE,0,yes,Yes,43,Month-to-month,Mailed check,DSL,50.20,2169,No,Low/Medium,25+ months
1557-EMYVT,FEMALE,0,No,No,43,Two year,Credit card (automatic),Fiber optic,115.05,4895,No,Low/Medium,25+ months
1047-RNXZV,MALE,0,No,No,43,Two year,Mailed check,No,19.55,876,No,Low/Medium,25+ months
1217-VASWC,MALE,1,yes,No,43,One year,Bank transfer (automatic),Fiber optic,100.55,4304,No,Low/Medium,25+ months
0057-QBUQH,FEMALE,0,No,Yes,43,Two year,Electronic check,No,25.10,1070,No,Low/Medium,25+ months
0475-RIJEP,MALE,0,No,No,43,Month-to-month,Electronic check,Fiber optic,77.85,3365,Yes,Low/Medium,25+ months
0804-YGEQV,FEMALE,0,yes,Yes,43,One year,Bank transfer (automatic),No,24.45,993,No,Low/Medium,25+ months
5977-CKHON,FEMALE,0,yes,Yes,43,Month-to-month,Bank transfer (automatic),Fiber optic,92.55,4039,No,Low/Medium,25+ months
5730-RIITO,FEMALE,1,No,No,43,Month-to-month,Credit card (automatic),DSL,33.45,1500,No,Low/Medium,25+ months
5712-AHQNN,FEMALE,0,No,No,43,Month-to-month,Electronic check,Fiber optic,91.65,3954,No,Low/Medium,25+ months
5681-LLOEI,MALE,0,yes,Yes,43,One year,Credit card (automatic),Fiber optic,91.25,4013,No,Low/Medium,25+ months
6179-GJPSO,FEMALE,1,No,No,43,Month-to-month,Credit card (automatic),Fiber optic,108.15,4600,Yes,Low/Medium,25+ months
6171-ZTVYB,MALE,0,yes,No,43,Month-to-month,Bank transfer (automatic),DSL,66.25,2907,No,Low/Medium,25+ months
6397-JNZZG,FEMALE,1,yes,No,43,Month-to-month,Credit card (automatic),DSL,55.55,2342,Yes,Low/Medium,25+ months
5461-QKNTN,MALE,1,yes,No,43,Month-to-month,Electronic check,Fiber optic,94.30,3953,No,Low/Medium,25+ months
5318-YKDPV,MALE,0,yes,Yes,43,Two year,Credit card (automatic),DSL,79.15,3566,No,Low/Medium,25+ months
5056-FIMPT,FEMALE,0,No,Yes,43,One year,Credit card (automatic),Fiber optic,106.00,4532,No,Low/Medium,25+ months
5019-GQVCR,MALE,1,No,No,43,Month-to-month,Electronic check,Fiber optic,84.85,3645,No,Low/Medium,25+ months
4955-VCWBI,FEMALE,0,yes,Yes,43,One year,Mailed check,No,20.00,817,No,Low/Medium,25+ months
5099-BAILX,MALE,1,yes,Yes,43,Month-to-month,Bank transfer (automatic),Fiber optic,110.75,4687,Yes,Low/Medium,25+ months
5129-HHMZC,FEMALE,0,yes,No,43,Two year,Credit card (automatic),DSL,86.45,3574,No,Low/Medium,25+ months
4760-THGOT,FEMALE,0,yes,No,43,Month-to-month,Electronic check,Fiber optic,94.10,4107,No,Low/Medium,25+ months
4580-TMHJU,FEMALE,0,yes,Yes,43,Month-to-month,Electronic check,DSL,56.15,2499,Yes,Low/Medium,25+ months
3397-AVTKU,MALE,0,No,No,43,Two year,Electronic check,DSL,60.00,2548,No,Low/Medium,25+ months
3441-CGZJH,FEMALE,0,yes,Yes,43,One year,Credit card (automatic),DSL,60.40,2640,No,Low/Medium,25+ months
3524-WQDSG,FEMALE,0,yes,Yes,43,Month-to-month,Bank transfer (automatic),Fiber optic,99.30,4209,No,Low/Medium,25+ months
3503-TYDAY,FEMALE,0,yes,No,43,Month-to-month,Electronic check,Fiber optic,80.45,3398,No,Low/Medium,25+ months
3653-NCRDJ,MALE,0,yes,Yes,43,One year,Mailed check,No,19.20,776,No,Low/Medium,25+ months
9699-UBQFS,FEMALE,1,yes,No,43,Month-to-month,Electronic check,Fiber optic,94.50,4156,No,Low/Medium,25+ months
9619-GSATL,FEMALE,0,No,No,43,One year,Electronic check,DSL,55.45,2444,No,Low/Medium,25+ months
9600-NAXZN,MALE,0,No,No,43,Month-to-month,Electronic check,Fiber optic,101.40,4528,Yes,Low/Medium,25+ months
9386-LDCZR,MALE,0,No,No,43,One year,Credit card (automatic),Fiber optic,90.65,3882,No,Low/Medium,25+ months
9388-ZEYVT,MALE,0,No,No,43,One year,Electronic check,DSL,44.15,1931,No,Low/Medium,25+ months
9360-AHGNL,FEMALE,1,yes,No,43,One year,Mailed check,Fiber optic,109.55,4830,Yes,Low/Medium,25+ months
9154-QDGTH,MALE,0,yes,Yes,43,One year,Credit card (automatic),Fiber optic,104.30,4451,No,Low/Medium,25+ months
9027-TMATR,FEMALE,0,yes,No,43,Two year,Electronic check,DSL,78.80,3460,No,Low/Medium,25+ months
8597-CWYHH,MALE,0,No,No,43,One year,Mailed check,Fiber optic,94.35,3921,No,Low/Medium,25+ months
8327-LZKAS,FEMALE,1,yes,No,43,One year,Electronic check,Fiber optic,107.55,4533,Yes,Low/Medium,25+ months
8374-XGEJJ,MALE,1,yes,No,43,Month-to-month,Electronic check,Fiber optic,101.00,4388,Yes,Low/Medium,25+ months
8234-GSZYK,MALE,0,No,No,43,Two year,Bank transfer (automatic),No,26.45,1110,No,Low/Medium,25+ months
8100-HZZLJ,FEMALE,0,No,Yes,43,Month-to-month,Electronic check,DSL,63.95,2737,No,Low/Medium,25+ months
7654-YWJUF,MALE,0,yes,No,43,One year,Bank transfer (automatic),Fiber optic,84.25,3539,No,Low/Medium,25+ months
7486-KSRVI,MALE,0,No,No,43,One year,Electronic check,Fiber optic,100.00,4211,Yes,Low/Medium,25+ months
7799-LGRDP,FEMALE,0,No,No,43,Two year,Credit card (automatic),No,25.70,1188,No,Low/Medium,25+ months
7730-IUTDZ,MALE,0,No,No,43,Month-to-month,Electronic check,Fiber optic,75.20,3198,Yes,Low/Medium,25+ months
7868-BGSZA,MALE,0,yes,No,43,One year,Electronic check,DSL,80.20,3581,No,Low/Medium,25+ months
8012-SOUDQ,FEMALE,1,No,No,43,Month-to-month,Electronic check,Fiber optic,90.25,3838,No,Low/Medium,25+ months
6682-VCIXC,FEMALE,0,yes,Yes,43,One year,Bank transfer (automatic),DSL,51.25,2151,No,Low/Medium,25+ months
6718-BDGHG,FEMALE,0,yes,No,43,One year,Bank transfer (automatic),DSL,64.85,2908,No,Low/Medium,25+ months
6680-NENYN,FEMALE,0,No,No,43,Two year,Electronic check,Fiber optic,104.60,4759,Yes,Low/Medium,25+ months
7156-MXBJE,FEMALE,0,No,No,43,One year,Credit card (automatic),DSL,85.10,3662,No,Low/Medium,25+ months
7233-IOQNP,FEMALE,0,yes,No,43,Month-to-month,Bank transfer (automatic),DSL,34.00,1505,No,Low/Medium,25+ months
7142-HVGBG,MALE,1,yes,No,43,Month-to-month,Electronic check,Fiber optic,103.00,4414,Yes,Low/Medium,25+ months
7100-FQPRV,MALE,0,yes,Yes,43,One year,Credit card (automatic),DSL,71.90,3173,No,Low/Medium,25+ months
6968-URWQU,MALE,0,yes,No,43,One year,Mailed check,DSL,56.35,2391,No,Low/Medium,25+ months
9839-ETQOE,MALE,0,No,Yes,43,Month-to-month,Electronic check,DSL,40.45,1912,No,Low/Medium,25+ months
0815-MFZGM,FEMALE,0,yes,No,42,Two year,Credit card (automatic),Fiber optic,99.00,4135,No,Low/Medium,25+ months
1097-FSPVW,FEMALE,0,No,No,42,Month-to-month,Credit card (automatic),DSL,54.55,2455,No,Low/Medium,25+ months
0959-WHOKV,MALE,0,No,No,42,One year,Electronic check,Fiber optic,99.00,4298,No,Low/Medium,25+ months
1552-TKMXS,FEMALE,0,yes,No,42,Month-to-month,Credit card (automatic),No,20.35,869,No,Low/Medium,25+ months
1623-NLDOT,FEMALE,0,yes,No,42,One year,Mailed check,DSL,33.55,1445,Yes,Low/Medium,25+ months
1307-TVUFB,MALE,1,No,No,42,Month-to-month,Bank transfer (automatic),Fiber optic,79.35,3344,No,Low/Medium,25+ months
1839-UMACK,MALE,0,No,No,42,One year,Electronic check,No,25.05,949,No,Low/Medium,25+ months
1723-HKXJQ,MALE,0,No,No,42,Month-to-month,Electronic check,Fiber optic,101.75,4273,Yes,Low/Medium,25+ months
1708-PBBOA,FEMALE,0,No,No,42,One year,Electronic check,DSL,54.75,2348,No,Low/Medium,25+ months
1686-STUHN,MALE,0,No,No,42,One year,Bank transfer (automatic),No,19.80,849,No,Low/Medium,25+ months
2347-WKKAE,MALE,0,yes,No,42,Month-to-month,Electronic check,Fiber optic,94.40,4014,No,Low/Medium,25+ months
2800-QQUSO,MALE,0,No,No,42,Month-to-month,Electronic check,Fiber optic,100.30,4222,No,Low/Medium,25+ months
2541-YGPKE,MALE,0,yes,Yes,42,One year,Credit card (automatic),DSL,63.70,2763,No,Low/Medium,25+ months
3570-YUEKJ,FEMALE,0,No,No,42,Month-to-month,Electronic check,DSL,49.55,2077,No,Low/Medium,25+ months
3941-XTSKM,MALE,0,yes,Yes,42,One year,Credit card (automatic),DSL,45.10,2049,No,Low/Medium,25+ months
3951-NJCVI,FEMALE,1,yes,No,42,Month-to-month,Electronic check,Fiber optic,95.05,3944,No,Low/Medium,25+ months
3982-XWFZQ,FEMALE,0,yes,No,42,Month-to-month,Electronic check,DSL,50.25,2203,Yes,Low/Medium,25+ months
3714-JTVOV,FEMALE,1,yes,No,42,Month-to-month,Credit card (automatic),Fiber optic,74.15,3229,Yes,Low/Medium,25+ months
4530-NDRKU,FEMALE,0,yes,Yes,42,One year,Electronic check,No,19.05,761,No,Low/Medium,25+ months
4518-FZBSX,MALE,0,yes,Yes,42,One year,Mailed check,No,20.25,854,No,Low/Medium,25+ months
4522-XRWWI,MALE,0,yes,No,42,One year,Credit card (automatic),DSL,80.45,3375,No,Low/Medium,25+ months
4615-PIVVU,FEMALE,0,No,No,42,Two year,Credit card (automatic),DSL,66.50,2762,No,Low/Medium,25+ months
4690-PKDQG,FEMALE,1,yes,No,42,Month-to-month,Electronic check,Fiber optic,95.55,3930,No,Low/Medium,25+ months
4825-FUREZ,MALE,0,yes,No,42,Two year,Electronic check,No,20.25,835,No,Low/Medium,25+ months
4471-KXAUH,FEMALE,0,yes,No,42,Month-to-month,Electronic check,Fiber optic,84.30,3588,Yes,Low/Medium,25+ months
4445-KWOKW,FEMALE,0,No,No,42,One year,Bank transfer (automatic),DSL,60.15,2421,No,Low/Medium,25+ months
5197-PYEPU,FEMALE,0,yes,Yes,42,One year,Credit card (automatic),Fiber optic,94.45,3923,No,Low/Medium,25+ months
4878-BUNFV,MALE,0,yes,Yes,42,Two year,Mailed check,No,20.70,828,No,Low/Medium,25+ months
4879-GZLFH,FEMALE,0,yes,Yes,42,Month-to-month,Electronic check,Fiber optic,92.15,3875,No,Low/Medium,25+ months
5236-XMZJY,FEMALE,0,No,No,42,Month-to-month,Bank transfer (automatic),DSL,59.65,2536,No,Low/Medium,25+ months
5269-NRGDP,MALE,0,yes,Yes,42,One year,Electronic check,DSL,73.15,3088,No,Low/Medium,25+ months
5542-NKVRU,FEMALE,0,No,No,42,Two year,Bank transfer (automatic),No,20.75,844,No,Low/Medium,25+ months
6362-QHAFM,MALE,0,yes,No,42,One year,Electronic check,Fiber optic,108.30,4586,No,Low/Medium,25+ months
6261-RCVNS,FEMALE,0,No,No,42,One year,Credit card (automatic),DSL,73.90,3160,Yes,Low/Medium,25+ months
6223-DHJGV,FEMALE,0,No,No,42,One year,Mailed check,No,20.65,958,No,Low/Medium,25+ months
5656-MJEFC,MALE,0,yes,Yes,42,Two year,Credit card (automatic),DSL,48.15,2032,No,Low/Medium,25+ months
6661-HBGWL,FEMALE,1,No,No,42,Month-to-month,Bank transfer (automatic),Fiber optic,104.75,4323,Yes,Low/Medium,25+ months
6743-HHQPF,MALE,0,yes,No,42,Month-to-month,Credit card (automatic),DSL,25.10,1097,No,Low/Medium,25+ months
6752-APNJL,MALE,0,yes,Yes,42,Month-to-month,Mailed check,DSL,54.50,2301,No,Low/Medium,25+ months
7995-ZHHNZ,MALE,0,yes,No,42,One year,Credit card (automatic),DSL,56.10,2386,No,Low/Medium,25+ months
8019-ENHXU,MALE,0,yes,No,42,Month-to-month,Electronic check,Fiber optic,99.45,4138,Yes,Low/Medium,25+ months
7789-HKSBS,FEMALE,1,yes,No,42,One year,Bank transfer (automatic),Fiber optic,105.20,4599,No,Low/Medium,25+ months
7547-EKNFS,MALE,0,yes,No,42,Month-to-month,Bank transfer (automatic),Fiber optic,95.25,3959,Yes,Low/Medium,25+ months
7621-VPNET,FEMALE,0,yes,No,42,Month-to-month,Credit card (automatic),Fiber optic,85.90,3729,No,Low/Medium,25+ months
7599-FKVXZ,MALE,0,yes,No,42,Month-to-month,Bank transfer (automatic),Fiber optic,106.15,4512,Yes,Low/Medium,25+ months
8148-NLEGT,FEMALE,0,yes,Yes,42,Two year,Electronic check,No,22.95,1014,No,Low/Medium,25+ months
8098-TDCBU,FEMALE,0,yes,No,42,Two year,Electronic check,No,25.25,1108,No,Low/Medium,25+ months
8215-NGSPE,FEMALE,0,yes,Yes,42,Two year,Mailed check,No,20.00,833,No,Low/Medium,25+ months
8216-AZUUZ,FEMALE,0,yes,Yes,42,Two year,Electronic check,Fiber optic,100.40,4303,No,Low/Medium,25+ months
8387-MOJJT,FEMALE,0,yes,Yes,42,Month-to-month,Credit card (automatic),Fiber optic,77.95,3384,Yes,Low/Medium,25+ months
8401-EMUWF,MALE,0,yes,Yes,42,Month-to-month,Bank transfer (automatic),DSL,69.40,3058,No,Low/Medium,25+ months
8434-PNQZX,FEMALE,0,No,No,42,Two year,Credit card (automatic),DSL,78.45,3373,No,Low/Medium,25+ months
8495-PRWFH,FEMALE,1,No,No,42,Month-to-month,Electronic check,DSL,55.65,2421,No,Low/Medium,25+ months
8644-XYTSV,MALE,0,yes,No,42,Month-to-month,Bank transfer (automatic),DSL,40.15,1626,No,Low/Medium,25+ months
8708-XPXHZ,FEMALE,0,yes,Yes,42,Month-to-month,Electronic check,Fiber optic,94.20,4186,Yes,Low/Medium,25+ months
8717-VCTXJ,MALE,0,No,No,42,One year,Mailed check,No,19.55,839,No,Low/Medium,25+ months
8738-JOKAR,FEMALE,0,No,No,42,One year,Mailed check,DSL,67.70,2882,No,Low/Medium,25+ months
8922-NPKBJ,MALE,0,yes,Yes,42,Two year,Mailed check,No,19.35,867,No,Low/Medium,25+ months
9003-CPATH,MALE,0,No,No,42,Month-to-month,Electronic check,Fiber optic,79.90,3313,No,Low/Medium,25+ months
9194-GFVOI,FEMALE,0,yes,No,42,Two year,Credit card (automatic),DSL,84.35,3571,No,Low/Medium,25+ months
9351-LZYGF,FEMALE,0,yes,No,42,Month-to-month,Credit card (automatic),DSL,66.40,2727,No,Low/Medium,25+ months
9490-DFPMD,FEMALE,1,No,No,42,Month-to-month,Electronic check,Fiber optic,84.65,3541,Yes,Low/Medium,25+ months
9661-ACXBS,FEMALE,0,No,No,42,Month-to-month,Electronic check,Fiber optic,105.20,4400,Yes,Low/Medium,25+ months
9833-TGFHX,MALE,0,yes,Yes,42,One year,Electronic check,Fiber optic,97.10,4016,No,Low/Medium,25+ months
9919-YLNNG,FEMALE,0,No,No,42,Month-to-month,Bank transfer (automatic),Fiber optic,103.80,4327,No,Low/Medium,25+ months
2516-XSJKX,FEMALE,0,yes,Yes,41,Two year,Electronic check,DSL,78.45,3126,No,Low/Medium,25+ months
2669-QVCRG,FEMALE,0,No,No,41,Month-to-month,Credit card (automatic),Fiber optic,81.30,3190,No,Low/Medium,25+ months
2746-DIJLO,FEMALE,0,No,No,41,One year,Credit card (automatic),DSL,56.30,2364,No,Low/Medium,25+ months
2887-JPYLU,FEMALE,0,No,Yes,41,Month-to-month,Bank transfer (automatic),DSL,45.20,1841,No,Low/Medium,25+ months
2845-AFFTX,MALE,1,yes,No,41,Month-to-month,Electronic check,Fiber optic,99.80,4259,Yes,Low/Medium,25+ months
3097-FQTVJ,FEMALE,0,No,No,41,Two year,Mailed check,No,20.00,810,No,Low/Medium,25+ months
3058-HJCUY,MALE,0,yes,Yes,41,One year,Electronic check,Fiber optic,102.60,4213,Yes,Low/Medium,25+ months
2359-KLTEK,FEMALE,0,yes,Yes,41,Month-to-month,Bank transfer (automatic),Fiber optic,94.90,3848,No,Low/Medium,25+ months
2403-BCASL,MALE,1,yes,Yes,41,One year,Electronic check,Fiber optic,111.95,4534,Yes,Low/Medium,25+ months
2479-BRAMR,MALE,1,yes,No,41,Month-to-month,Bank transfer (automatic),Fiber optic,83.75,3273,Yes,Low/Medium,25+ months
1866-RZZQS,MALE,1,No,No,41,Month-to-month,Electronic check,Fiber optic,98.40,4187,Yes,Low/Medium,25+ months
2073-QBVBI,FEMALE,0,yes,No,41,One year,Mailed check,DSL,35.45,1391,No,Low/Medium,25+ months
2080-CAZNM,FEMALE,1,No,No,41,Month-to-month,Electronic check,Fiber optic,104.40,4133,No,Low/Medium,25+ months
1921-KYSAY,FEMALE,0,No,No,41,One year,Electronic check,DSL,68.60,2877,No,Low/Medium,25+ months
1338-CECEE,MALE,0,yes,Yes,41,One year,Bank transfer (automatic),DSL,68.50,2839,No,Low/Medium,25+ months
1041-RXHRA,FEMALE,0,No,No,41,Month-to-month,Bank transfer (automatic),Fiber optic,70.25,2868,Yes,Low/Medium,25+ months
1022-RKXDR,FEMALE,0,No,No,41,One year,Mailed check,No,24.85,962,No,Low/Medium,25+ months
0936-NQLJU,FEMALE,0,yes,No,41,Two year,Credit card (automatic),No,20.65,875,No,Low/Medium,25+ months
1163-ONYEY,MALE,0,yes,Yes,41,Month-to-month,Credit card (automatic),DSL,74.55,3023,No,Low/Medium,25+ months
0471-LVHGK,MALE,0,yes,No,41,One year,Electronic check,DSL,73.00,3001,Yes,Low/Medium,25+ months
0440-MOGPM,FEMALE,0,No,No,41,One year,Electronic check,DSL,80.55,3263,No,Low/Medium,25+ months
0484-JPBRU,MALE,0,No,No,41,Month-to-month,Bank transfer (automatic),No,25.25,996,No,Low/Medium,25+ months
0580-PIQHM,FEMALE,0,yes,Yes,41,One year,Bank transfer (automatic),Fiber optic,101.60,3930,No,Low/Medium,25+ months
0337-CNPZE,FEMALE,0,No,No,41,Month-to-month,Electronic check,Fiber optic,106.30,4443,Yes,Low/Medium,25+ months
0303-UNCIP,MALE,0,No,No,41,One year,Mailed check,DSL,65.00,2531,No,Low/Medium,25+ months
5651-CRHKQ,FEMALE,0,yes,No,41,One year,Bank transfer (automatic),Fiber optic,86.20,3339,No,Low/Medium,25+ months
5693-PIPCS,MALE,0,No,No,41,Two year,Credit card (automatic),Fiber optic,99.65,4220,No,Low/Medium,25+ months
6000-UKLWI,MALE,0,No,No,41,Two year,Mailed check,No,20.15,802,No,Low/Medium,25+ months
5924-SNGKP,FEMALE,0,No,Yes,41,One year,Credit card (automatic),No,20.25,865,No,Low/Medium,25+ months
6128-AQBMT,MALE,1,yes,No,41,Month-to-month,Electronic check,DSL,53.95,2215,No,Low/Medium,25+ months
6061-GWWAV,MALE,0,No,Yes,41,One year,Mailed check,DSL,70.20,2894,No,Low/Medium,25+ months
6048-NJXHX,MALE,0,yes,No,41,Two year,Electronic check,No,19.75,899,No,Low/Medium,25+ months
5546-BYZSM,FEMALE,0,No,No,41,Month-to-month,Electronic check,No,20.45,775,No,Low/Medium,25+ months
5465-BUBFA,FEMALE,0,yes,Yes,41,Two year,Bank transfer (automatic),No,19.30,772,No,Low/Medium,25+ months
5439-WIKXB,MALE,1,yes,No,41,Month-to-month,Electronic check,Fiber optic,94.55,3851,No,Low/Medium,25+ months
5514-YQENT,MALE,0,No,Yes,41,Two year,Electronic check,Fiber optic,111.15,4507,No,Low/Medium,25+ months
5274-XHAKY,FEMALE,0,yes,Yes,41,Month-to-month,Bank transfer (automatic),Fiber optic,94.30,3893,No,Low/Medium,25+ months
5229-DTFYB,FEMALE,0,No,No,41,Two year,Bank transfer (automatic),Fiber optic,98.80,3959,No,Low/Medium,25+ months
5231-FIQPA,FEMALE,0,No,No,41,Two year,Mailed check,No,19.85,810,No,Low/Medium,25+ months
5312-UXESG,FEMALE,0,No,No,41,Month-to-month,Bank transfer (automatic),Fiber optic,98.05,3990,No,Low/Medium,25+ months
4361-BKAXE,FEMALE,0,No,No,41,Month-to-month,Bank transfer (automatic),Fiber optic,114.50,4527,Yes,Low/Medium,25+ months
4174-LPGTI,FEMALE,0,yes,Yes,41,One year,Bank transfer (automatic),DSL,66.50,2728,Yes,Low/Medium,25+ months
4567-AKPIA,FEMALE,0,yes,Yes,41,One year,Bank transfer (automatic),Fiber optic,109.10,4454,No,Low/Medium,25+ months
4032-RMHCI,FEMALE,0,yes,Yes,41,One year,Credit card (automatic),DSL,35.40,1412,No,Low/Medium,25+ months
3926-YZVVX,FEMALE,0,No,No,41,One year,Bank transfer (automatic),DSL,50.05,2029,No,Low/Medium,25+ months
3481-JHUZH,MALE,0,yes,No,41,Month-to-month,Electronic check,Fiber optic,80.25,3439,No,Low/Medium,25+ months
3413-CSSTH,MALE,0,No,No,41,Month-to-month,Bank transfer (automatic),DSL,55.70,2237,No,Low/Medium,25+ months
9720-JJJOR,MALE,0,yes,Yes,41,One year,Bank transfer (automatic),DSL,60.30,2511,No,Low/Medium,25+ months
9585-KKMFD,MALE,0,yes,Yes,41,Two year,Mailed check,No,20.00,879,No,Low/Medium,25+ months
9626-VFRGG,FEMALE,0,No,Yes,41,Month-to-month,Bank transfer (automatic),Fiber optic,88.50,3645,No,Low/Medium,25+ months
9170-GYZJC,FEMALE,0,yes,Yes,41,Month-to-month,Credit card (automatic),DSL,79.90,3326,Yes,Low/Medium,25+ months
9158-VCTQB,FEMALE,0,yes,No,41,Month-to-month,Bank transfer (automatic),Fiber optic,113.60,4594,Yes,Low/Medium,25+ months
8952-WCVCD,FEMALE,0,yes,No,41,One year,Bank transfer (automatic),Fiber optic,104.45,4162,No,Low/Medium,25+ months
9053-EJUNL,MALE,0,No,No,41,Month-to-month,Electronic check,Fiber optic,89.20,3645,No,Low/Medium,25+ months
8728-SKJLR,MALE,0,No,No,41,Month-to-month,Electronic check,Fiber optic,74.25,3089,No,Low/Medium,25+ months
8879-ZKJOF,FEMALE,0,No,No,41,One year,Bank transfer (automatic),DSL,79.85,3320,No,Low/Medium,25+ months
8807-ARQET,FEMALE,0,No,No,41,Month-to-month,Electronic check,DSL,40.35,1677,No,Low/Medium,25+ months
8510-BBWMU,FEMALE,0,No,No,41,One year,Mailed check,No,19.75,806,No,Low/Medium,25+ months
8591-NXRCV,FEMALE,0,No,No,41,Month-to-month,Bank transfer (automatic),DSL,74.65,3090,No,Low/Medium,25+ months
8402-OOOHJ,FEMALE,0,No,No,41,Two year,Mailed check,No,20.65,835,No,Low/Medium,25+ months
8190-ZTQFB,MALE,0,No,No,41,One year,Electronic check,DSL,51.35,2075,No,Low/Medium,25+ months
7576-ASEJU,FEMALE,0,yes,Yes,41,One year,Credit card (automatic),DSL,74.70,3187,No,Low/Medium,25+ months
7279-BUYWN,FEMALE,1,No,No,41,Month-to-month,Electronic check,Fiber optic,113.20,4689,Yes,Low/Medium,25+ months
7025-IWFHT,MALE,0,No,No,41,One year,Electronic check,Fiber optic,89.55,3729,No,Low/Medium,25+ months
7216-KAOID,MALE,0,yes,Yes,41,One year,Bank transfer (automatic),No,19.50,798,No,Low/Medium,25+ months
9917-KWRBE,FEMALE,0,yes,Yes,41,One year,Credit card (automatic),DSL,78.35,3211,No,Low/Medium,25+ months
9938-PRCVK,FEMALE,0,yes,Yes,41,Two year,Bank transfer (automatic),No,19.70,804,No,Low/Medium,25+ months
9825-YCXWZ,FEMALE,1,No,No,41,One year,Bank transfer (automatic),Fiber optic,101.10,4016,No,Low/Medium,25+ months
9822-WMWVG,FEMALE,0,No,No,41,Month-to-month,Electronic check,Fiber optic,106.50,4282,No,Low/Medium,25+ months
9851-QXEEQ,MALE,0,No,No,41,Month-to-month,Electronic check,Fiber optic,104.70,4346,Yes,Low/Medium,25+ months
0362-RAOQO,FEMALE,0,No,No,40,Two year,Credit card (automatic),No,19.65,830,No,Low/Medium,25+ months
0384-LPITE,MALE,0,No,No,40,One year,Credit card (automatic),DSL,62.05,2511,No,Low/Medium,25+ months
0093-EXYQL,FEMALE,1,No,No,40,Month-to-month,Electronic check,Fiber optic,91.55,3673,No,Low/Medium,25+ months
0093-XWZFY,MALE,0,No,No,40,Month-to-month,Credit card (automatic),Fiber optic,104.50,4036,Yes,Low/Medium,25+ months
0585-EGDDA,MALE,0,yes,No,40,Month-to-month,Electronic check,Fiber optic,80.00,3168,No,Low/Medium,25+ months
0691-NIKRI,FEMALE,0,No,No,40,One year,Credit card (automatic),Fiber optic,105.95,4335,No,Low/Medium,25+ months
0635-WKOLD,MALE,0,yes,No,40,One year,Credit card (automatic),DSL,70.75,2921,No,Low/Medium,25+ months
1222-KJNZD,MALE,0,yes,Yes,40,Month-to-month,Bank transfer (automatic),No,20.40,745,No,Low/Medium,25+ months
1106-HRLKZ,MALE,0,yes,Yes,40,Two year,Mailed check,No,19.60,808,No,Low/Medium,25+ months
0980-PVMRC,FEMALE,0,yes,Yes,40,Month-to-month,Electronic check,DSL,50.85,2036,No,Low/Medium,25+ months
1371-WEPDS,MALE,1,yes,No,40,One year,Electronic check,DSL,55.80,2283,No,Low/Medium,25+ months
1685-BQULA,FEMALE,0,No,No,40,Month-to-month,Bank transfer (automatic),Fiber optic,93.40,3756,No,Low/Medium,25+ months
1862-SKORY,FEMALE,1,yes,No,40,Month-to-month,Electronic check,DSL,39.30,1637,Yes,Low/Medium,25+ months
2474-BRUCM,MALE,1,yes,No,40,Month-to-month,Electronic check,Fiber optic,101.85,4086,Yes,Low/Medium,25+ months
2460-FPSYH,FEMALE,1,No,No,40,Month-to-month,Electronic check,DSL,55.80,2109,Yes,Low/Medium,25+ months
2361-FJWNO,MALE,0,No,No,40,One year,Credit card (automatic),DSL,36.00,1382,No,Low/Medium,25+ months
2190-BCXEC,FEMALE,0,yes,No,40,Month-to-month,Credit card (automatic),Fiber optic,78.85,3126,No,Low/Medium,25+ months
2150-WLKUW,FEMALE,0,yes,No,40,One year,Bank transfer (automatic),DSL,63.90,2635,No,Low/Medium,25+ months
2129-ALKBS,FEMALE,0,yes,Yes,40,Month-to-month,Electronic check,No,26.20,1077,No,Low/Medium,25+ months
2292-XQWSV,MALE,0,yes,Yes,40,One year,Mailed check,DSL,60.30,2448,No,Low/Medium,25+ months
2995-UPRYS,FEMALE,1,yes,No,40,One year,Credit card (automatic),Fiber optic,99.20,4062,Yes,Low/Medium,25+ months
2985-JUUBZ,MALE,0,yes,Yes,40,Month-to-month,Electronic check,DSL,74.55,3015,No,Low/Medium,25+ months
2931-SVLTV,MALE,0,yes,Yes,40,Month-to-month,Credit card (automatic),Fiber optic,110.10,4469,No,Low/Medium,25+ months
2896-TBNBE,MALE,0,yes,No,40,One year,Electronic check,Fiber optic,80.80,3132,No,Low/Medium,25+ months
2873-ZLIWT,FEMALE,0,yes,Yes,40,Month-to-month,Electronic check,Fiber optic,84.85,3303,Yes,Low/Medium,25+ months
2606-PKWJB,MALE,0,No,Yes,40,One year,Mailed check,DSL,40.25,1564,No,Low/Medium,25+ months
3391-JSQEW,MALE,0,yes,No,40,Month-to-month,Mailed check,DSL,50.15,2058,No,Low/Medium,25+ months
3472-QPRCH,MALE,0,yes,Yes,40,Two year,Credit card (automatic),No,25.25,1006,No,Low/Medium,25+ months
3352-ALMCK,MALE,0,No,No,40,Month-to-month,Mailed check,Fiber optic,102.65,4108,No,Low/Medium,25+ months
3858-XHYJO,FEMALE,0,yes,No,40,One year,Bank transfer (automatic),Fiber optic,105.75,4228,No,Low/Medium,25+ months
4526-EXKKN,MALE,0,No,No,40,Two year,Mailed check,No,24.60,973,No,Low/Medium,25+ months
4657-FWVFY,FEMALE,0,yes,Yes,40,Month-to-month,Credit card (automatic),Fiber optic,96.35,3915,No,Low/Medium,25+ months
4826-TZEVA,FEMALE,0,No,No,40,Month-to-month,Credit card (automatic),Fiber optic,74.80,2971,No,Low/Medium,25+ months
4795-WRNVT,FEMALE,0,No,No,40,Month-to-month,Mailed check,DSL,65.10,2586,No,Low/Medium,25+ months
4735-BJKOU,FEMALE,0,No,No,40,Two year,Mailed check,No,20.15,804,No,Low/Medium,25+ months
4289-DTDKW,MALE,0,yes,No,40,Month-to-month,Electronic check,Fiber optic,101.30,4113,Yes,Low/Medium,25+ months
5249-QYHEX,FEMALE,0,yes,Yes,40,Two year,Mailed check,No,24.80,1024,No,Low/Medium,25+ months
4851-BQDNX,MALE,0,yes,Yes,40,One year,Electronic check,Fiber optic,85.05,3355,No,Low/Medium,25+ months
4933-BSAIP,FEMALE,0,yes,No,40,Two year,Mailed check,No,19.10,780,No,Low/Medium,25+ months
6080-TCMYC,MALE,0,yes,Yes,40,Month-to-month,Electronic check,Fiber optic,81.20,3292,No,Low/Medium,25+ months
5996-NRVXR,MALE,1,yes,No,40,One year,Credit card (automatic),Fiber optic,98.15,4116,No,Low/Medium,25+ months
5981-ITEMU,MALE,0,yes,No,40,Month-to-month,Bank transfer (automatic),Fiber optic,97.10,3706,Yes,Low/Medium,25+ months
5777-KJIRB,FEMALE,0,No,No,40,One year,Mailed check,DSL,50.25,2023,No,Low/Medium,25+ months
7205-BAIAD,FEMALE,0,No,No,40,Two year,Bank transfer (automatic),No,20.60,827,No,Low/Medium,25+ months
7136-IHZJA,FEMALE,0,yes,Yes,40,Month-to-month,Mailed check,DSL,71.35,2847,No,Low/Medium,25+ months
7013-PSXHK,FEMALE,0,No,No,40,One year,Mailed check,DSL,80.75,3208,No,Low/Medium,25+ months
6906-MPARY,MALE,0,No,No,40,One year,Credit card (automatic),Fiber optic,89.60,3488,No,Low/Medium,25+ months
6682-QJDGB,MALE,0,No,Yes,40,Month-to-month,Mailed check,DSL,55.25,2139,Yes,Low/Medium,25+ months
6772-WFQRD,MALE,0,No,Yes,40,One year,Bank transfer (automatic),No,20.40,854,No,Low/Medium,25+ months
6873-UDNLD,MALE,0,No,No,40,Month-to-month,Electronic check,DSL,67.45,2731,No,Low/Medium,25+ months
7251-LJBQN,FEMALE,1,No,No,40,One year,Credit card (automatic),Fiber optic,103.75,4188,No,Low/Medium,25+ months
7586-ZATGZ,MALE,0,No,No,40,Month-to-month,Electronic check,Fiber optic,84.90,3369,No,Low/Medium,25+ months
7707-PYBBH,MALE,0,No,No,40,Month-to-month,Mailed check,DSL,61.90,2647,No,Low/Medium,25+ months
8017-UVSZU,FEMALE,0,yes,No,40,Month-to-month,Credit card (automatic),DSL,56.60,2379,No,Low/Medium,25+ months
8035-BUYVG,MALE,0,yes,No,40,One year,Electronic check,DSL,42.35,1716,Yes,Low/Medium,25+ months
7957-RYHQD,FEMALE,1,No,No,40,Month-to-month,Credit card (automatic),Fiber optic,79.20,3233,Yes,Low/Medium,25+ months
8564-LDKFL,MALE,0,yes,No,40,One year,Bank transfer (automatic),Fiber optic,106.00,4178,No,Low/Medium,25+ months
9068-FHQHD,FEMALE,0,yes,Yes,40,Two year,Bank transfer (automatic),No,20.15,777,No,Low/Medium,25+ months
9115-YQHGA,MALE,0,No,No,40,Month-to-month,Electronic check,DSL,51.10,2092,No,Low/Medium,25+ months
9362-MWODR,FEMALE,0,No,Yes,40,Month-to-month,Credit card (automatic),DSL,64.10,2460,No,Low/Medium,25+ months
9412-GHEEC,MALE,0,No,No,40,Month-to-month,Bank transfer (automatic),Fiber optic,104.80,4131,Yes,Low/Medium,25+ months
9411-TPQQV,FEMALE,0,No,No,40,One year,Bank transfer (automatic),DSL,54.55,2236,No,Low/Medium,25+ months
9812-GHVRI,FEMALE,0,No,No,40,Month-to-month,Bank transfer (automatic),Fiber optic,83.85,3532,No,Low/Medium,25+ months
9898-KZQDZ,FEMALE,1,yes,Yes,40,Month-to-month,Credit card (automatic),Fiber optic,94.55,3640,Yes,Low/Medium,25+ months
2724-FJDYW,MALE,0,No,Yes,39,One year,Bank transfer (automatic),DSL,54.85,2191,No,Low/Medium,25+ months
2911-UREFD,FEMALE,0,yes,No,39,Month-to-month,Electronic check,DSL,55.90,2184,Yes,Low/Medium,25+ months
3269-ATYWD,MALE,1,No,No,39,Month-to-month,Bank transfer (automatic),Fiber optic,95.65,3759,Yes,Low/Medium,25+ months
3208-YPIOE,MALE,0,No,No,39,Month-to-month,Electronic check,Fiber optic,75.25,3017,Yes,Low/Medium,25+ months
2237-ZFSMY,FEMALE,0,No,No,39,One year,Electronic check,Fiber optic,95.55,3692,Yes,Low/Medium,25+ months
2359-QWQUL,FEMALE,0,yes,No,39,One year,Credit card (automatic),Fiber optic,104.70,4134,Yes,Low/Medium,25+ months
2483-XSSMZ,FEMALE,0,No,No,39,One year,Electronic check,DSL,47.85,1886,No,Low/Medium,25+ months
1897-RCFUM,FEMALE,0,yes,Yes,39,One year,Mailed check,No,24.20,914,No,Low/Medium,25+ months
1898-JSNDC,FEMALE,0,No,No,39,One year,Credit card (automatic),DSL,58.60,2224,No,Low/Medium,25+ months
1839-FBNFR,FEMALE,0,yes,Yes,39,Two year,Bank transfer (automatic),No,19.85,854,No,Low/Medium,25+ months
1696-MZVAU,MALE,0,yes,Yes,39,One year,Credit card (automatic),DSL,25.25,947,No,Low/Medium,25+ months
1755-FZQEC,MALE,0,No,No,39,One year,Mailed check,No,19.90,791,No,Low/Medium,25+ months
1452-XRSJV,FEMALE,0,yes,Yes,39,Month-to-month,Credit card (automatic),DSL,51.05,2066,No,Low/Medium,25+ months
1271-UODNO,MALE,0,No,No,39,Two year,Credit card (automatic),DSL,53.85,2200,No,Low/Medium,25+ months
1116-DXXDF,MALE,0,No,No,39,Two year,Electronic check,Fiber optic,100.45,3801,No,Low/Medium,25+ months
0089-IIQKO,FEMALE,0,yes,Yes,39,Month-to-month,Credit card (automatic),Fiber optic,99.95,3767,No,Low/Medium,25+ months
0147-ESWWR,FEMALE,1,yes,No,39,Month-to-month,Electronic check,Fiber optic,101.25,3949,No,Low/Medium,25+ months
0420-HLGXF,FEMALE,1,No,No,39,Month-to-month,Electronic check,Fiber optic,99.75,4036,No,Low/Medium,25+ months
0327-WFZSY,MALE,0,yes,Yes,39,One year,Electronic check,Fiber optic,100.00,3835,No,Low/Medium,25+ months
5804-JMYIO,FEMALE,0,yes,Yes,39,Two year,Mailed check,No,19.75,757,No,Low/Medium,25+ months
5986-WWXDV,MALE,0,No,Yes,39,One year,Bank transfer (automatic),No,19.35,779,No,Low/Medium,25+ months
6047-SUHPR,MALE,0,yes,Yes,39,One year,Electronic check,DSL,59.80,2343,No,Low/Medium,25+ months
6383-ZTSIW,FEMALE,1,yes,No,39,One year,Mailed check,Fiber optic,99.10,3877,No,Low/Medium,25+ months
4884-LEVMQ,MALE,0,yes,No,39,Two year,Bank transfer (automatic),No,20.45,790,No,Low/Medium,25+ months
5006-MXVRN,FEMALE,0,No,No,39,Two year,Credit card (automatic),No,20.70,762,No,Low/Medium,25+ months
5057-LCOUI,FEMALE,0,No,No,39,Month-to-month,Electronic check,DSL,50.75,2011,Yes,Low/Medium,25+ months
5202-IVJNU,FEMALE,0,No,Yes,39,Month-to-month,Credit card (automatic),DSL,30.10,1131,Yes,Low/Medium,25+ months
4106-HADHQ,MALE,0,yes,Yes,39,One year,Credit card (automatic),DSL,80.00,3182,Yes,Low/Medium,25+ months
4328-VUFWD,FEMALE,0,No,No,39,One year,Electronic check,DSL,59.30,2209,No,Low/Medium,25+ months
4450-YOOHP,FEMALE,0,No,No,39,Month-to-month,Credit card (automatic),DSL,50.65,1905,No,Low/Medium,25+ months
4835-YSJMR,MALE,0,No,No,39,Two year,Bank transfer (automatic),DSL,49.80,1971,No,Low/Medium,25+ months
9710-NJERN,FEMALE,0,No,No,39,Two year,Mailed check,No,20.15,826,No,Low/Medium,25+ months
9738-QLWTP,MALE,0,No,No,39,One year,Electronic check,Fiber optic,81.90,3219,No,Low/Medium,25+ months
9281-OFDMF,MALE,1,No,No,39,Month-to-month,Electronic check,Fiber optic,90.70,3413,No,Low/Medium,25+ months
9039-RBEEE,MALE,0,No,No,39,Month-to-month,Credit card (automatic),DSL,48.95,1880,Yes,Low/Medium,25+ months
8859-AXJZP,MALE,0,yes,Yes,39,Two year,Mailed check,No,23.80,903,No,Low/Medium,25+ months
8874-EJNSR,MALE,0,yes,Yes,39,Two year,Mailed check,No,25.20,987,No,Low/Medium,25+ months
8898-KASCD,MALE,0,No,No,39,One year,Mailed check,DSL,35.55,1309,No,Low/Medium,25+ months
8219-VYBVI,MALE,0,No,Yes,39,Two year,Mailed check,No,25.00,1004,No,Low/Medium,25+ months
8149-AIQCG,MALE,0,No,No,39,Month-to-month,Credit card (automatic),Fiber optic,73.15,2730,No,Low/Medium,25+ months
8111-SLLHI,MALE,1,yes,No,39,Month-to-month,Electronic check,Fiber optic,105.65,4284,Yes,Low/Medium,25+ months
8350-NYMVI,FEMALE,0,No,No,39,Month-to-month,Bank transfer (automatic),DSL,41.10,1597,No,Low/Medium,25+ months
8292-FRFZQ,FEMALE,0,No,No,39,One year,Bank transfer (automatic),DSL,41.15,1700,No,Low/Medium,25+ months
8033-ATFAS,FEMALE,0,yes,Yes,39,Month-to-month,Mailed check,DSL,59.85,2341,No,Low/Medium,25+ months
7666-WKRON,FEMALE,0,No,No,39,Two year,Electronic check,Fiber optic,80.45,3201,Yes,Low/Medium,25+ months
7776-QGYJC,FEMALE,0,yes,Yes,39,Month-to-month,Bank transfer (automatic),Fiber optic,81.50,3107,No,Low/Medium,25+ months
7641-TQFHN,MALE,0,No,Yes,39,Two year,Mailed check,Fiber optic,100.55,3895,No,Low/Medium,25+ months
7338-ERIVA,MALE,0,No,Yes,39,One year,Bank transfer (automatic),DSL,45.05,1790,No,Low/Medium,25+ months
7325-ENZFI,FEMALE,0,No,No,39,One year,Bank transfer (automatic),DSL,40.30,1630,No,Low/Medium,25+ months
7452-FOLON,MALE,0,No,Yes,39,One year,Bank transfer (automatic),No,25.45,958,No,Low/Medium,25+ months
7048-GXDAY,MALE,0,No,No,39,Month-to-month,Electronic check,Fiber optic,106.40,4040,No,Low/Medium,25+ months
6986-IJDHX,MALE,0,yes,Yes,39,Month-to-month,Mailed check,Fiber optic,86.30,3266,Yes,Low/Medium,25+ months
7074-STDCN,MALE,0,No,No,39,Month-to-month,Electronic check,DSL,40.60,1494,No,Low/Medium,25+ months
9762-YAQAA,MALE,0,No,No,39,One year,Credit card (automatic),Fiber optic,81.40,3213,No,Low/Medium,25+ months
9801-GDWGV,FEMALE,0,No,No,39,Month-to-month,Electronic check,Fiber optic,103.45,3994,Yes,Low/Medium,25+ months
9831-BPFRI,FEMALE,0,yes,Yes,39,One year,Electronic check,Fiber optic,89.55,3474,Yes,Low/Medium,25+ months
0582-AVCLN,FEMALE,0,No,No,38,Two year,Mailed check,No,20.30,743,No,Low/Medium,25+ months
1087-GRUYI,MALE,0,yes,No,38,Two year,Bank transfer (automatic),No,20.40,743,No,Low/Medium,25+ months
1154-HYWWO,MALE,0,No,No,38,One year,Mailed check,DSL,70.60,2708,No,Low/Medium,25+ months
1193-RTSLK,FEMALE,0,No,No,38,Month-to-month,Credit card (automatic),Fiber optic,83.90,3233,Yes,Low/Medium,25+ months
1024-KPRBB,FEMALE,0,No,No,38,One year,Mailed check,Fiber optic,89.10,3342,No,Low/Medium,25+ months
0902-RFHOF,MALE,0,No,No,38,One year,Mailed check,No,20.10,730,No,Low/Medium,25+ months
2037-SGXHH,MALE,0,yes,Yes,38,Month-to-month,Electronic check,Fiber optic,94.65,3624,Yes,Low/Medium,25+ months
2439-LYPMQ,MALE,1,yes,No,38,Month-to-month,Electronic check,Fiber optic,102.60,4009,No,Low/Medium,25+ months
2384-OVPSA,FEMALE,1,No,No,38,Two year,Mailed check,No,20.20,735,No,Low/Medium,25+ months
2300-RQGOI,FEMALE,0,No,No,38,Two year,Mailed check,No,20.05,741,No,Low/Medium,25+ months
2321-OMBXY,FEMALE,0,yes,Yes,38,One year,Credit card (automatic),DSL,80.30,3058,Yes,Low/Medium,25+ months
2240-HSJQD,MALE,0,No,Yes,38,Month-to-month,Mailed check,Fiber optic,81.85,3141,No,Low/Medium,25+ months
3167-SNQPL,MALE,1,yes,Yes,38,Month-to-month,Electronic check,Fiber optic,101.15,3741,No,Low/Medium,25+ months
2921-XWDJH,FEMALE,1,yes,No,38,Month-to-month,Electronic check,Fiber optic,83.45,3147,No,Low/Medium,25+ months
3038-PQIUY,FEMALE,0,No,No,38,Month-to-month,Bank transfer (automatic),DSL,66.15,2522,No,Low/Medium,25+ months
2832-KJCRD,FEMALE,0,No,No,38,Month-to-month,Electronic check,Fiber optic,103.65,3988,No,Low/Medium,25+ months
2519-FAKOD,MALE,0,No,Yes,38,Month-to-month,Bank transfer (automatic),Fiber optic,99.25,3777,Yes,Low/Medium,25+ months
4803-AXVYP,FEMALE,1,No,No,38,Month-to-month,Electronic check,Fiber optic,99.55,3734,Yes,Low/Medium,25+ months
4510-PYUSH,FEMALE,1,No,No,38,Month-to-month,Credit card (automatic),DSL,57.15,2250,Yes,Low/Medium,25+ months
4487-ZYJZK,FEMALE,0,yes,Yes,38,One year,Credit card (automatic),No,19.60,763,No,Low/Medium,25+ months
4282-ACRXS,MALE,1,yes,No,38,Month-to-month,Electronic check,DSL,24.85,955,No,Low/Medium,25+ months
3865-QBWSJ,MALE,1,No,Yes,38,Month-to-month,Mailed check,Fiber optic,80.45,3162,No,Low/Medium,25+ months
3717-LNXKW,MALE,0,yes,No,38,Month-to-month,Bank transfer (automatic),Fiber optic,91.70,3479,No,Low/Medium,25+ months
4083-BFNYK,FEMALE,1,yes,No,38,One year,Credit card (automatic),Fiber optic,95.00,3591,No,Low/Medium,25+ months
4000-VGMQP,MALE,0,yes,Yes,38,One year,Credit card (automatic),DSL,78.95,2862,No,Low/Medium,25+ months
5144-TVGLP,MALE,1,No,No,38,Month-to-month,Electronic check,Fiber optic,94.75,3653,No,Low/Medium,25+ months
5032-USPKF,FEMALE,0,No,No,38,One year,Bank transfer (automatic),DSL,84.10,3187,No,Low/Medium,25+ months
5380-XPJNZ,FEMALE,0,No,No,38,One year,Mailed check,No,20.05,678,No,Low/Medium,25+ months
6368-NWMCE,FEMALE,0,No,No,38,Month-to-month,Credit card (automatic),DSL,68.15,2656,No,Low/Medium,25+ months
6075-SLNIL,MALE,0,No,No,38,Month-to-month,Credit card (automatic),Fiber optic,95.10,3691,No,Low/Medium,25+ months
6188-UXBBR,FEMALE,0,yes,No,38,One year,Credit card (automatic),No,20.25,814,No,Low/Medium,25+ months
9767-FFLEM,MALE,0,No,No,38,Month-to-month,Credit card (automatic),Fiber optic,69.50,2625,No,Low/Medium,25+ months
7123-WQUHX,MALE,0,No,No,38,One year,Bank transfer (automatic),Fiber optic,95.00,3605,No,Low/Medium,25+ months
7190-XHTWJ,FEMALE,0,No,No,38,One year,Mailed check,No,19.30,755,No,Low/Medium,25+ months
6992-TKNYO,MALE,0,yes,No,38,One year,Credit card (automatic),DSL,69.00,2669,No,Low/Medium,25+ months
7037-MTYVW,MALE,0,yes,Yes,38,Two year,Bank transfer (automatic),DSL,85.40,3297,No,Low/Medium,25+ months
6807-SIWJI,MALE,0,No,No,38,One year,Electronic check,Fiber optic,104.85,3887,No,Low/Medium,25+ months
6516-NKQBO,MALE,0,yes,Yes,38,Two year,Credit card (automatic),DSL,81.00,3084,No,Low/Medium,25+ months
6518-LGAOV,FEMALE,0,yes,No,38,Month-to-month,Electronic check,Fiber optic,105.00,4026,Yes,Low/Medium,25+ months
7459-IMVYU,MALE,0,No,No,38,Month-to-month,Electronic check,DSL,69.95,2657,No,Low/Medium,25+ months
7657-DYEPJ,MALE,1,No,No,38,One year,Credit card (automatic),DSL,70.15,2497,Yes,Low/Medium,25+ months
7530-HDYDS,FEMALE,0,No,No,38,Month-to-month,Credit card (automatic),Fiber optic,84.25,3264,Yes,Low/Medium,25+ months
7931-PXHFC,MALE,0,No,No,38,One year,Mailed check,DSL,62.30,2354,Yes,Low/Medium,25+ months
8378-LKJAF,MALE,0,yes,Yes,38,Month-to-month,Credit card (automatic),Fiber optic,101.15,3956,No,Low/Medium,25+ months
8465-SBRXP,MALE,0,yes,Yes,38,Two year,Bank transfer (automatic),Fiber optic,94.90,3616,No,Low/Medium,25+ months
8461-EFQYM,FEMALE,0,No,No,38,One year,Electronic check,No,24.25,914,No,Low/Medium,25+ months
8106-GWQOK,MALE,0,yes,No,38,Two year,Bank transfer (automatic),DSL,60.00,2193,No,Low/Medium,25+ months
8590-OHDIW,FEMALE,0,yes,Yes,38,One year,Mailed check,No,20.30,749,No,Low/Medium,25+ months
8577-QSOCG,FEMALE,0,yes,Yes,38,Two year,Mailed check,No,20.20,746,No,Low/Medium,25+ months
8608-OZTLB,MALE,0,yes,Yes,38,One year,Electronic check,DSL,74.05,2802,No,Low/Medium,25+ months
9286-DOJGF,FEMALE,1,yes,No,38,Month-to-month,Bank transfer (automatic),Fiber optic,74.95,2869,Yes,Low/Medium,25+ months
9356-AXGMP,MALE,0,yes,No,38,One year,Electronic check,Fiber optic,110.70,4428,No,Low/Medium,25+ months
9313-CDOGY,MALE,0,yes,Yes,38,Month-to-month,Electronic check,No,19.60,717,No,Low/Medium,25+ months
9184-GALIL,FEMALE,0,yes,Yes,38,Month-to-month,Mailed check,No,20.45,781,No,Low/Medium,25+ months
9650-VBUOG,MALE,0,yes,Yes,38,Two year,Credit card (automatic),No,25.05,963,No,Low/Medium,25+ months
9565-JSNFM,MALE,0,No,No,38,One year,Bank transfer (automatic),Fiber optic,70.45,2597,Yes,Low/Medium,25+ months
9555-SAHUZ,FEMALE,0,yes,Yes,38,Month-to-month,Electronic check,DSL,54.50,2076,No,Low/Medium,25+ months
9418-RUKPH,FEMALE,0,yes,Yes,38,Two year,Mailed check,No,19.95,756,No,Low/Medium,25+ months
9948-YPTDG,MALE,0,yes,No,38,Month-to-month,Electronic check,Fiber optic,79.45,3013,Yes,Low/Medium,25+ months
2580-ASVVY,FEMALE,0,yes,No,37,Two year,Electronic check,DSL,45.40,1593,No,Low/Medium,25+ months
2568-OIADY,FEMALE,0,yes,No,37,Month-to-month,Electronic check,Fiber optic,99.50,3762,Yes,Low/Medium,25+ months
2672-TGEFF,FEMALE,0,yes,Yes,37,Month-to-month,Electronic check,Fiber optic,88.80,3340,No,Low/Medium,25+ months
2824-MYYBN,FEMALE,0,yes,Yes,37,Month-to-month,Electronic check,Fiber optic,95.25,3314,No,Low/Medium,25+ months
3026-ATZYV,FEMALE,0,yes,Yes,37,One year,Bank transfer (automatic),DSL,75.10,2658,No,Low/Medium,25+ months
2911-IJORQ,MALE,0,No,No,37,One year,Bank transfer (automatic),DSL,90.60,3358,No,Low/Medium,25+ months
2153-MREFK,FEMALE,0,yes,No,37,One year,Electronic check,Fiber optic,99.20,3754,Yes,Low/Medium,25+ months
2207-QPJED,FEMALE,1,yes,No,37,Month-to-month,Electronic check,Fiber optic,90.00,3371,No,Low/Medium,25+ months
2402-TAIRZ,FEMALE,0,No,No,37,One year,Electronic check,Fiber optic,80.05,3019,No,Low/Medium,25+ months
2027-DNKIV,MALE,0,yes,Yes,37,One year,Mailed check,DSL,58.75,2203,No,Low/Medium,25+ months
2061-VVFST,FEMALE,0,yes,No,37,Month-to-month,Bank transfer (automatic),No,19.50,805,No,Low/Medium,25+ months
2085-JVGAD,MALE,0,yes,No,37,Month-to-month,Bank transfer (automatic),No,20.35,697,No,Low/Medium,25+ months
0969-RGKCU,MALE,0,yes,Yes,37,One year,Credit card (automatic),No,19.80,677,No,Low/Medium,25+ months
1666-JXLKU,FEMALE,0,No,No,37,Month-to-month,Electronic check,Fiber optic,100.05,3810,No,Low/Medium,25+ months
0513-RBGPE,MALE,0,yes,Yes,37,Two year,Credit card (automatic),DSL,62.80,2278,No,Low/Medium,25+ months
0365-TRTPY,FEMALE,0,No,No,37,Month-to-month,Bank transfer (automatic),Fiber optic,91.20,3382,No,Low/Medium,25+ months
0402-CQAJN,FEMALE,0,No,No,37,Month-to-month,Bank transfer (automatic),Fiber optic,101.90,3545,Yes,Low/Medium,25+ months
0117-LFRMW,MALE,0,yes,Yes,37,Month-to-month,Bank transfer (automatic),DSL,40.20,1448,Yes,Low/Medium,25+ months
0048-LUMLS,MALE,0,yes,Yes,37,One year,Credit card (automatic),Fiber optic,91.20,3247,No,Low/Medium,25+ months
6029-WTIPC,MALE,1,No,No,37,Month-to-month,Electronic check,Fiber optic,101.10,3744,Yes,Low/Medium,25+ months
6252-DFGTK,FEMALE,0,yes,No,37,One year,Credit card (automatic),DSL,68.10,2479,No,Low/Medium,25+ months
5995-WWKKG,FEMALE,0,No,No,37,One year,Electronic check,No,19.80,695,No,Low/Medium,25+ months
5982-FPVQN,FEMALE,0,yes,Yes,37,Month-to-month,Electronic check,Fiber optic,95.15,3532,No,Low/Medium,25+ months
5917-HBSDW,FEMALE,0,yes,Yes,37,Month-to-month,Electronic check,No,19.35,683,No,Low/Medium,25+ months
5816-QVHRX,FEMALE,0,No,No,37,Month-to-month,Credit card (automatic),Fiber optic,100.30,3541,No,Low/Medium,25+ months
5370-IIVVL,MALE,0,No,No,37,One year,Credit card (automatic),Fiber optic,104.50,3778,No,Low/Medium,25+ months
5394-SVGJV,MALE,0,No,No,37,Month-to-month,Bank transfer (automatic),Fiber optic,98.80,3475,Yes,Low/Medium,25+ months
5338-YHWYT,MALE,0,No,Yes,37,Two year,Credit card (automatic),DSL,61.45,2302,No,Low/Medium,25+ months
5177-RVZNU,FEMALE,0,No,Yes,37,One year,Bank transfer (automatic),No,20.30,755,No,Low/Medium,25+ months
5161-XEUVX,MALE,0,yes,No,37,Two year,Mailed check,Fiber optic,94.30,3460,No,Low/Medium,25+ months
5151-HQRDG,MALE,0,yes,No,37,Month-to-month,Mailed check,DSL,55.05,2030,No,Low/Medium,25+ months
3990-QYKBE,MALE,1,yes,No,37,Month-to-month,Electronic check,Fiber optic,92.50,3473,Yes,Low/Medium,25+ months
3891-NLXJB,MALE,0,No,No,37,Two year,Mailed check,DSL,40.55,1390,No,Low/Medium,25+ months
3714-XPXBW,FEMALE,0,No,No,37,Month-to-month,Credit card (automatic),DSL,78.90,2976,No,Low/Medium,25+ months
3285-UCQVC,FEMALE,0,No,No,37,Month-to-month,Credit card (automatic),DSL,28.60,973,Yes,Low/Medium,25+ months
3521-SYVOR,FEMALE,0,No,No,37,Month-to-month,Electronic check,DSL,64.75,2345,Yes,Low/Medium,25+ months
4360-QRAVE,MALE,1,No,No,37,Month-to-month,Electronic check,DSL,36.65,1315,No,Low/Medium,25+ months
4846-WHAFZ,FEMALE,1,yes,No,37,Month-to-month,Electronic check,Fiber optic,76.50,2868,Yes,Low/Medium,25+ months
4750-UKWJK,FEMALE,1,yes,No,37,One year,Mailed check,No,19.60,727,No,Low/Medium,25+ months
9469-WEJBT,MALE,0,yes,No,37,Month-to-month,Electronic check,Fiber optic,90.35,3419,No,Low/Medium,25+ months
9576-SYUHJ,MALE,0,No,No,37,Month-to-month,Electronic check,Fiber optic,91.15,3369,No,Low/Medium,25+ months
9624-EGDEQ,FEMALE,0,No,No,37,Two year,Mailed check,No,19.80,813,No,Low/Medium,25+ months
9592-ERDKV,MALE,0,yes,No,37,One year,Mailed check,DSL,79.25,2911,No,Low/Medium,25+ months
9710-ZUSHQ,FEMALE,1,No,No,37,Month-to-month,Bank transfer (automatic),Fiber optic,106.75,4056,Yes,Low/Medium,25+ months
9207-ZPANB,MALE,0,No,No,37,One year,Electronic check,DSL,67.45,2443,No,Low/Medium,25+ months
8917-FAEMR,FEMALE,0,No,No,37,Two year,Mailed check,No,19.85,784,No,Low/Medium,25+ months
8696-JKZNU,FEMALE,1,No,No,37,Month-to-month,Electronic check,Fiber optic,76.25,2841,Yes,Low/Medium,25+ months
8727-XDPUD,MALE,0,No,No,37,Two year,Credit card (automatic),DSL,35.80,1316,No,Low/Medium,25+ months
8450-LUGUK,FEMALE,0,yes,Yes,37,Two year,Bank transfer (automatic),No,24.10,861,No,Low/Medium,25+ months
8327-WKMIE,MALE,0,No,No,37,One year,Credit card (automatic),No,20.15,785,No,Low/Medium,25+ months
7696-CFTAT,MALE,0,yes,Yes,37,Two year,Bank transfer (automatic),No,19.80,726,No,Low/Medium,25+ months
7627-JKIAZ,FEMALE,0,yes,No,37,Month-to-month,Credit card (automatic),Fiber optic,78.95,2839,Yes,Low/Medium,25+ months
7483-IQWIB,MALE,0,yes,Yes,37,Month-to-month,Electronic check,Fiber optic,92.95,3415,No,Low/Medium,25+ months
7446-SFAOA,FEMALE,0,yes,No,37,One year,Bank transfer (automatic),No,19.85,717,No,Low/Medium,25+ months
7349-ALMUX,MALE,0,No,No,37,Two year,Bank transfer (automatic),DSL,65.60,2313,No,Low/Medium,25+ months
6509-TSGWN,FEMALE,0,yes,Yes,37,Month-to-month,Mailed check,No,26.45,911,No,Low/Medium,25+ months
6862-CQUMB,MALE,0,No,No,37,Month-to-month,Credit card (automatic),Fiber optic,96.10,3646,No,Low/Medium,25+ months
7041-TXQJH,FEMALE,0,No,No,37,Month-to-month,Credit card (automatic),DSL,40.20,1478,No,Low/Medium,25+ months
7032-LMBHI,FEMALE,0,No,No,37,One year,Bank transfer (automatic),DSL,64.65,2347,No,Low/Medium,25+ months
6899-PPEEA,FEMALE,1,No,No,37,Month-to-month,Electronic check,Fiber optic,96.55,3580,Yes,Low/Medium,25+ months
6967-PEJLL,MALE,0,yes,Yes,37,One year,Electronic check,DSL,40.20,1525,No,Low/Medium,25+ months
7147-AYBAA,MALE,0,No,No,37,Month-to-month,Mailed check,Fiber optic,70.35,2552,No,Low/Medium,25+ months
7137-RYLPP,MALE,1,yes,No,37,Month-to-month,Electronic check,Fiber optic,85.70,3171,Yes,Low/Medium,25+ months
9938-ZREHM,FEMALE,0,yes,No,37,One year,Mailed check,DSL,72.10,2658,No,Low/Medium,25+ months
9819-FBNSV,MALE,1,yes,No,37,Month-to-month,Bank transfer (automatic),Fiber optic,72.25,2575,No,Low/Medium,25+ months
0396-YCHWO,MALE,0,yes,No,36,Month-to-month,Electronic check,Fiber optic,95.40,3474,No,Low/Medium,25+ months
0376-OIWME,MALE,0,yes,No,36,Month-to-month,Electronic check,Fiber optic,93.60,3366,No,Low/Medium,25+ months
0362-ZBZWJ,MALE,0,No,No,36,Month-to-month,Electronic check,Fiber optic,84.90,3067,Yes,Low/Medium,25+ months
0725-CXOTM,FEMALE,0,No,No,36,One year,Credit card (automatic),DSL,89.65,3348,No,Low/Medium,25+ months
0827-ITJPH,MALE,0,No,No,36,Two year,Credit card (automatic),No,18.55,689,No,Low/Medium,25+ months
1621-YNCJH,FEMALE,0,yes,No,36,Two year,Credit card (automatic),Fiber optic,106.05,3834,No,Low/Medium,25+ months
1472-TNCWL,MALE,0,No,Yes,36,Month-to-month,Electronic check,Fiber optic,94.70,3512,No,Low/Medium,25+ months
0930-EHUZA,FEMALE,0,No,No,36,One year,Mailed check,DSL,76.35,2606,No,Low/Medium,25+ months
1910-FMXJM,FEMALE,0,yes,No,36,Month-to-month,Electronic check,Fiber optic,80.40,2937,No,Low/Medium,25+ months
1866-NXPSP,FEMALE,0,No,No,36,One year,Mailed check,DSL,75.55,2680,No,Low/Medium,25+ months
2362-IBOOY,MALE,0,No,No,36,Month-to-month,Electronic check,Fiber optic,84.75,3050,Yes,Low/Medium,25+ months
2908-ZTPNF,FEMALE,0,No,No,36,Month-to-month,Bank transfer (automatic),DSL,34.85,1267,No,Low/Medium,25+ months
2974-GGUXS,FEMALE,1,yes,No,36,Month-to-month,Credit card (automatic),Fiber optic,91.95,3301,No,Low/Medium,25+ months
2703-AMTUL,MALE,0,yes,Yes,36,One year,Mailed check,DSL,53.65,1939,No,Low/Medium,25+ months
2773-MADBQ,FEMALE,0,No,No,36,Two year,Mailed check,DSL,53.10,1901,No,Low/Medium,25+ months
2642-MAWLJ,FEMALE,0,yes,Yes,36,Two year,Bank transfer (automatic),No,20.25,717,No,Low/Medium,25+ months
4730-AWNAU,MALE,0,yes,Yes,36,One year,Credit card (automatic),DSL,60.70,2234,No,Low/Medium,25+ months
4480-MBMLB,FEMALE,0,No,No,36,One year,Bank transfer (automatic),Fiber optic,104.80,3886,No,Low/Medium,25+ months
4186-ZBUEW,FEMALE,0,No,No,36,One year,Mailed check,DSL,70.70,2511,No,Low/Medium,25+ months
3672-YITQD,MALE,1,yes,No,36,Month-to-month,Electronic check,Fiber optic,84.10,3021,Yes,Low/Medium,25+ months
3340-QBBFM,MALE,1,yes,No,36,One year,Credit card (automatic),DSL,54.10,1992,No,Low/Medium,25+ months
3486-NPGST,FEMALE,0,No,No,36,One year,Mailed check,No,19.55,620,No,Low/Medium,25+ months
3739-YBWAB,MALE,0,yes,No,36,One year,Mailed check,DSL,35.35,1317,No,Low/Medium,25+ months
3982-JGSFD,MALE,0,No,No,36,One year,Credit card (automatic),No,20.35,695,No,Low/Medium,25+ months
4072-IPYLT,FEMALE,0,yes,Yes,36,Month-to-month,Credit card (automatic),DSL,51.05,1815,No,Low/Medium,25+ months
4039-HEUNW,MALE,1,yes,No,36,Month-to-month,Electronic check,Fiber optic,96.50,3436,Yes,Low/Medium,25+ months
5119-KEPFY,MALE,0,yes,No,36,Month-to-month,Bank transfer (automatic),Fiber optic,95.00,3440,No,Low/Medium,25+ months
4980-URKXC,MALE,0,yes,No,36,One year,Bank transfer (automatic),No,20.85,720,No,Low/Medium,25+ months
4948-WBBKL,FEMALE,1,No,No,36,Month-to-month,Bank transfer (automatic),Fiber optic,74.90,2659,No,Low/Medium,25+ months
5373-SFODM,MALE,1,yes,No,36,Month-to-month,Credit card (automatic),Fiber optic,85.25,3132,Yes,Low/Medium,25+ months
5281-BUZGT,MALE,1,No,No,36,Month-to-month,Electronic check,Fiber optic,90.85,3186,Yes,Low/Medium,25+ months
5975-BAICR,MALE,0,yes,Yes,36,One year,Credit card (automatic),DSL,63.70,2188,No,Low/Medium,25+ months
6092-QZVPP,MALE,0,No,No,36,Month-to-month,Credit card (automatic),DSL,79.20,2854,No,Low/Medium,25+ months
6479-SZPLM,MALE,0,yes,Yes,36,Two year,Credit card (automatic),No,19.45,754,No,Low/Medium,25+ months
7168-HDQHG,FEMALE,0,yes,Yes,36,Month-to-month,Bank transfer (automatic),No,19.20,702,No,Low/Medium,25+ months
6907-NZZIJ,FEMALE,0,No,No,36,Month-to-month,Electronic check,Fiber optic,99.15,3615,Yes,Low/Medium,25+ months
6784-XYJAE,FEMALE,0,No,No,36,One year,Electronic check,DSL,55.80,1941,No,Low/Medium,25+ months
6711-VTNRE,FEMALE,0,No,No,36,Month-to-month,Electronic check,Fiber optic,87.55,3078,Yes,Low/Medium,25+ months
7541-YLXCL,MALE,0,No,No,36,One year,Mailed check,DSL,65.40,2498,Yes,Low/Medium,25+ months
7665-NKLAV,FEMALE,0,yes,Yes,36,Two year,Credit card (automatic),DSL,40.65,1547,No,Low/Medium,25+ months
7951-VRDVK,FEMALE,0,No,No,36,One year,Bank transfer (automatic),DSL,85.85,3003,No,Low/Medium,25+ months
7982-VCELR,FEMALE,0,No,No,36,Month-to-month,Credit card (automatic),Fiber optic,94.80,3565,No,Low/Medium,25+ months
8123-QBNAZ,FEMALE,0,yes,Yes,36,Month-to-month,Credit card (automatic),Fiber optic,104.50,3684,No,Low/Medium,25+ months
8670-MEFCP,FEMALE,0,yes,Yes,36,Two year,Credit card (automatic),DSL,92.90,3379,No,Low/Medium,25+ months
8570-KLJYJ,FEMALE,0,No,No,36,One year,Mailed check,DSL,54.45,1893,No,Low/Medium,25+ months
8966-KZXXA,MALE,0,yes,Yes,36,Two year,Credit card (automatic),No,25.10,930,No,Low/Medium,25+ months
9560-BBZXK,FEMALE,0,No,No,36,Two year,Bank transfer (automatic),DSL,31.05,1126,No,Low/Medium,25+ months
9531-NSBMR,FEMALE,0,No,No,36,One year,Bank transfer (automatic),No,19.25,679,No,Low/Medium,25+ months
9445-SZLCH,FEMALE,0,yes,Yes,36,Month-to-month,Bank transfer (automatic),Fiber optic,97.35,3457,Yes,Low/Medium,25+ months
9824-QCJPK,MALE,0,yes,No,36,One year,Mailed check,No,20.00,666,No,Low/Medium,25+ months
2577-GVSIL,MALE,0,yes,Yes,35,One year,Bank transfer (automatic),DSL,73.45,2661,No,Low/Medium,25+ months
2511-ALLCS,FEMALE,0,yes,Yes,35,Two year,Bank transfer (automatic),No,24.30,821,No,Low/Medium,25+ months
2758-RNWXS,MALE,0,No,No,35,One year,Electronic check,Fiber optic,89.20,3251,No,Low/Medium,25+ months
2877-VDUER,FEMALE,0,yes,Yes,35,One year,Mailed check,DSL,40.90,1383,No,Low/Medium,25+ months
2878-DHMIN,MALE,0,yes,Yes,35,One year,Electronic check,No,19.90,666,No,Low/Medium,25+ months
2884-GBPFB,FEMALE,0,yes,No,35,Month-to-month,Electronic check,Fiber optic,70.30,2416,Yes,Low/Medium,25+ months
2851-STERV,MALE,1,No,No,35,One year,Electronic check,DSL,73.00,2471,No,Low/Medium,25+ months
2946-KIQSP,FEMALE,0,No,No,35,Month-to-month,Mailed check,DSL,33.45,1175,No,Low/Medium,25+ months
3057-VJJQE,MALE,0,No,No,35,Two year,Mailed check,DSL,55.25,1924,No,Low/Medium,25+ months
3174-RKMOW,MALE,0,yes,Yes,35,Month-to-month,Electronic check,Fiber optic,109.95,3782,No,Low/Medium,25+ months
2378-HTWFW,MALE,1,No,No,35,Month-to-month,Credit card (automatic),Fiber optic,91.00,3180,No,Low/Medium,25+ months
2346-DJQTB,FEMALE,0,No,No,35,Month-to-month,Electronic check,DSL,24.15,812,No,Low/Medium,25+ months
1757-TCATG,MALE,0,yes,Yes,35,One year,Bank transfer (automatic),No,20.05,746,No,Low/Medium,25+ months
1970-KKFWL,FEMALE,0,No,No,35,Two year,Bank transfer (automatic),No,23.30,797,No,Low/Medium,25+ months
0939-YAPAF,FEMALE,0,No,No,35,Month-to-month,Electronic check,Fiber optic,100.25,3527,Yes,Low/Medium,25+ months
1480-IVEVR,MALE,1,yes,No,35,One year,Bank transfer (automatic),Fiber optic,81.60,2815,No,Low/Medium,25+ months
1596-BBVTG,MALE,0,No,No,35,Month-to-month,Credit card (automatic),Fiber optic,75.35,2636,Yes,Low/Medium,25+ months
1293-HHSHJ,FEMALE,0,No,No,35,One year,Mailed check,No,21.10,741,No,Low/Medium,25+ months
0520-FDVVT,MALE,0,No,No,35,One year,Bank transfer (automatic),Fiber optic,102.35,3626,Yes,Low/Medium,25+ months
0289-IVARM,FEMALE,0,No,No,35,Month-to-month,Electronic check,DSL,60.55,1982,No,Low/Medium,25+ months
0080-OROZO,FEMALE,0,No,No,35,One year,Electronic check,Fiber optic,99.25,3532,No,Low/Medium,25+ months
6461-PPAXN,FEMALE,0,yes,Yes,35,One year,Bank transfer (automatic),DSL,54.95,1916,No,Low/Medium,25+ months
6169-PPETC,MALE,0,yes,Yes,35,Two year,Bank transfer (automatic),No,20.50,759,No,Low/Medium,25+ months
6131-FOYAS,MALE,0,No,No,35,Month-to-month,Electronic check,DSL,59.60,2094,No,Low/Medium,25+ months
6352-TWCAU,FEMALE,0,No,No,35,Month-to-month,Electronic check,Fiber optic,86.45,3029,Yes,Low/Medium,25+ months
5981-ZVXOT,FEMALE,1,No,No,35,One year,Electronic check,Fiber optic,108.35,3726,No,Low/Medium,25+ months
6016-NXBNJ,MALE,0,No,No,35,One year,Mailed check,No,19.15,638,No,Low/Medium,25+ months
5886-VLQVU,MALE,0,yes,No,35,Month-to-month,Bank transfer (automatic),Fiber optic,89.85,3161,No,Low/Medium,25+ months
5845-BZZIB,MALE,0,yes,Yes,35,Two year,Mailed check,No,20.10,655,No,Low/Medium,25+ months
5302-BDJNT,MALE,0,No,No,35,Month-to-month,Electronic check,Fiber optic,95.50,3418,No,Low/Medium,25+ months
5622-UEJFI,FEMALE,0,yes,Yes,35,Two year,Credit card (automatic),No,25.40,949,No,Low/Medium,25+ months
5627-TVBPP,FEMALE,0,No,Yes,35,One year,Credit card (automatic),No,20.10,644,No,Low/Medium,25+ months
4950-BDEUX,MALE,0,No,No,35,Month-to-month,Electronic check,DSL,49.20,1701,No,Low/Medium,25+ months
4896-CPRPF,MALE,0,yes,Yes,35,Two year,Bank transfer (automatic),No,25.45,809,No,Low/Medium,25+ months
4958-XCBDQ,MALE,1,No,No,35,Month-to-month,Electronic check,Fiber optic,101.40,3496,Yes,Low/Medium,25+ months
5186-PEIZU,FEMALE,0,No,No,35,Month-to-month,Bank transfer (automatic),No,19.25,617,No,Low/Medium,25+ months
5198-HQAEN,MALE,0,yes,Yes,35,One year,Electronic check,Fiber optic,89.70,3165,No,Low/Medium,25+ months
3727-OWVYD,MALE,0,No,No,35,One year,Mailed check,DSL,61.20,2021,No,Low/Medium,25+ months
3842-IYKUE,FEMALE,0,No,No,35,Month-to-month,Credit card (automatic),Fiber optic,85.30,2917,Yes,Low/Medium,25+ months
3780-DDGSE,MALE,1,yes,Yes,35,Month-to-month,Electronic check,DSL,76.05,2747,No,Low/Medium,25+ months
3451-VAWLI,FEMALE,0,yes,Yes,35,Two year,Credit card (automatic),No,19.70,730,No,Low/Medium,25+ months
3318-OSATS,MALE,1,No,No,35,Month-to-month,Electronic check,Fiber optic,95.45,3474,Yes,Low/Medium,25+ months
3588-WSTTJ,FEMALE,1,No,No,35,Month-to-month,Electronic check,Fiber optic,99.05,3554,No,Low/Medium,25+ months
3594-UVONA,FEMALE,0,No,No,35,One year,Credit card (automatic),DSL,85.95,3110,Yes,Low/Medium,25+ months
3506-OVLKD,MALE,0,No,No,35,One year,Bank transfer (automatic),No,26.20,954,No,Low/Medium,25+ months
4163-KIUHY,MALE,0,No,No,35,Month-to-month,Electronic check,No,25.60,901,No,Low/Medium,25+ months
4118-CEVPF,FEMALE,1,No,No,35,One year,Bank transfer (automatic),Fiber optic,110.80,3836,No,Low/Medium,25+ months
4238-JSSWH,FEMALE,1,yes,No,35,Month-to-month,Bank transfer (automatic),Fiber optic,102.05,3452,No,Low/Medium,25+ months
4489-SNOJF,FEMALE,0,yes,Yes,35,Month-to-month,Electronic check,DSL,72.25,2568,Yes,Low/Medium,25+ months
4504-YOULA,FEMALE,0,yes,Yes,35,Month-to-month,Credit card (automatic),DSL,59.45,2136,No,Low/Medium,25+ months
4422-QVIJA,FEMALE,0,No,Yes,35,Month-to-month,Mailed check,DSL,50.15,1655,No,Low/Medium,25+ months
4826-DXMUP,MALE,0,No,Yes,35,One year,Mailed check,DSL,72.10,2495,No,Low/Medium,25+ months
4808-YNLEU,FEMALE,0,yes,No,35,One year,Bank transfer (automatic),DSL,62.15,2215,No,Low/Medium,25+ months
4628-WQCQQ,MALE,0,No,Yes,35,One year,Electronic check,Fiber optic,85.15,3030,Yes,Low/Medium,25+ months
9450-TRJUU,MALE,0,No,No,35,Month-to-month,Electronic check,Fiber optic,83.15,2848,No,Low/Medium,25+ months
9385-EHGDO,FEMALE,0,yes,Yes,35,Two year,Mailed check,No,19.85,739,No,Low/Medium,25+ months
9509-MPYOD,FEMALE,0,No,No,35,One year,Mailed check,No,20.75,700,No,Low/Medium,25+ months
9470-XCCEM,MALE,0,yes,Yes,35,Month-to-month,Bank transfer (automatic),Fiber optic,89.65,3161,No,Low/Medium,25+ months
9500-LTVBP,FEMALE,0,No,No,35,Month-to-month,Credit card (automatic),Fiber optic,80.05,2835,No,Low/Medium,25+ months
9609-BENEA,MALE,0,yes,No,35,One year,Electronic check,DSL,69.00,2441,No,Low/Medium,25+ months
9631-RXVJM,MALE,0,No,No,35,Two year,Mailed check,No,19.25,677,No,Low/Medium,25+ months
8980-WQFWL,FEMALE,0,No,No,35,Month-to-month,Electronic check,DSL,62.10,2096,No,Low/Medium,25+ months
9046-DQMTP,MALE,0,No,No,35,Month-to-month,Bank transfer (automatic),No,20.75,739,No,Low/Medium,25+ months
9112-WSNPU,FEMALE,1,No,No,35,Month-to-month,Electronic check,Fiber optic,70.55,2419,No,Low/Medium,25+ months
9137-UIYPG,FEMALE,0,yes,Yes,35,Month-to-month,Electronic check,Fiber optic,106.90,3756,No,Low/Medium,25+ months
8547-NSBBO,MALE,0,No,No,35,Month-to-month,Mailed check,Fiber optic,96.75,3403,No,Low/Medium,25+ months
8884-FEEWR,MALE,0,No,No,35,One year,Bank transfer (automatic),No,20.60,754,No,Low/Medium,25+ months
8840-DQLGN,FEMALE,1,yes,No,35,Month-to-month,Bank transfer (automatic),Fiber optic,100.50,3653,Yes,Low/Medium,25+ months
8221-EQDGL,MALE,0,yes,No,35,Month-to-month,Mailed check,DSL,61.00,2130,No,Low/Medium,25+ months
8221-HVAYI,MALE,0,yes,Yes,35,Two year,Credit card (automatic),DSL,69.15,2490,No,Low/Medium,25+ months
8318-LCNBW,MALE,0,yes,No,35,One year,Credit card (automatic),DSL,53.15,1930,No,Low/Medium,25+ months
8450-UYIBU,FEMALE,1,No,No,35,Month-to-month,Electronic check,DSL,39.85,1434,No,Low/Medium,25+ months
8008-OTEZX,FEMALE,0,yes,Yes,35,One year,Mailed check,No,19.65,708,No,Low/Medium,25+ months
7945-PRBVF,MALE,0,No,No,35,Two year,Bank transfer (automatic),No,21.45,705,No,Low/Medium,25+ months
7815-PDTHL,MALE,0,No,No,35,Two year,Mailed check,No,20.20,684,No,Low/Medium,25+ months
7601-GNDYK,MALE,0,yes,Yes,35,Two year,Mailed check,No,19.60,686,No,Low/Medium,25+ months
6693-DJWTY,FEMALE,0,No,Yes,35,One year,Credit card (automatic),DSL,55.60,2016,No,Low/Medium,25+ months
6745-JEFZB,MALE,0,yes,No,35,Month-to-month,Credit card (automatic),Fiber optic,91.50,3236,No,Low/Medium,25+ months
6733-LRIZX,MALE,0,No,No,35,Two year,Electronic check,Fiber optic,108.95,4025,No,Low/Medium,25+ months
6851-WEFYX,MALE,1,yes,No,35,Month-to-month,Electronic check,Fiber optic,100.80,3437,No,Low/Medium,25+ months
6522-YRBXD,MALE,1,yes,No,35,Month-to-month,Electronic check,Fiber optic,94.55,3365,No,Low/Medium,25+ months
7028-DVOIQ,MALE,1,No,No,35,Month-to-month,Electronic check,Fiber optic,99.05,3395,Yes,Low/Medium,25+ months
7107-UBYKY,FEMALE,0,yes,Yes,35,Month-to-month,Electronic check,No,25.75,882,No,Low/Medium,25+ months
9786-IJYDL,FEMALE,0,No,No,35,Two year,Mailed check,Fiber optic,113.20,3914,No,Low/Medium,25+ months
9821-POOTN,MALE,0,yes,No,35,Month-to-month,Electronic check,Fiber optic,75.20,2576,Yes,Low/Medium,25+ months
9853-JFZDU,FEMALE,0,yes,No,35,Month-to-month,Electronic check,DSL,56.85,1861,No,Low/Medium,25+ months
9863-JZAIC,MALE,0,No,No,35,Month-to-month,Mailed check,DSL,55.00,2010,Yes,Low/Medium,25+ months
9885-MFVSU,FEMALE,0,yes,Yes,35,Two year,Credit card (automatic),DSL,46.35,1662,No,Low/Medium,25+ months
0020-JDNXP,FEMALE,0,yes,Yes,34,One year,Mailed check,DSL,61.25,1993,No,Low/Medium,25+ months
0380-NEAVX,MALE,1,No,No,34,One year,Electronic check,Fiber optic,99.85,3343,No,Low/Medium,25+ months
0708-SJDIS,FEMALE,0,No,No,34,Month-to-month,Mailed check,DSL,65.00,2157,No,Low/Medium,25+ months
0666-UXTJO,MALE,1,yes,No,34,Month-to-month,Credit card (automatic),Fiber optic,85.20,2874,No,Low/Medium,25+ months
0899-LIIBW,MALE,0,yes,No,34,Month-to-month,Electronic check,Fiber optic,100.85,3527,No,Low/Medium,25+ months
0866-QLSIR,FEMALE,0,No,No,34,One year,Mailed check,DSL,64.40,2088,Yes,Low/Medium,25+ months
1744-JHKYS,FEMALE,0,yes,No,34,Month-to-month,Electronic check,No,24.70,780,No,Low/Medium,25+ months
1730-VFMWO,FEMALE,0,yes,No,34,Month-to-month,Bank transfer (automatic),DSL,50.20,1815,No,Low/Medium,25+ months
1776-SPBWV,FEMALE,0,yes,Yes,34,One year,Bank transfer (automatic),No,20.10,682,No,Low/Medium,25+ months
1689-MRZQR,MALE,0,yes,Yes,34,Month-to-month,Electronic check,Fiber optic,78.30,2564,Yes,Low/Medium,25+ months
2202-OUTMO,FEMALE,0,yes,No,34,Month-to-month,Bank transfer (automatic),DSL,60.85,2003,No,Low/Medium,25+ months
2188-SXWVT,FEMALE,0,No,No,34,One year,Mailed check,DSL,55.00,1885,No,Low/Medium,25+ months
2133-TSRRM,FEMALE,0,No,Yes,34,Month-to-month,Bank transfer (automatic),Fiber optic,105.35,3688,No,Low/Medium,25+ months
3161-GETRM,MALE,0,yes,Yes,34,Month-to-month,Credit card (automatic),Fiber optic,90.05,3097,No,Low/Medium,25+ months
3229-USWAR,FEMALE,0,No,No,34,One year,Bank transfer (automatic),DSL,79.95,2727,No,Low/Medium,25+ months
3192-LNKRK,MALE,0,yes,Yes,34,Month-to-month,Mailed check,Fiber optic,84.05,2909,No,Low/Medium,25+ months
2874-YXVVA,FEMALE,0,No,No,34,Month-to-month,Electronic check,Fiber optic,105.10,3634,No,Low/Medium,25+ months
2697-NQBPF,MALE,0,No,No,34,Month-to-month,Electronic check,Fiber optic,105.35,3540,No,Low/Medium,25+ months
2522-WLNSF,FEMALE,1,yes,No,34,One year,Bank transfer (automatic),DSL,64.20,2106,No,Low/Medium,25+ months
3280-NMUVX,MALE,0,yes,Yes,34,One year,Credit card (automatic),No,19.60,678,No,Low/Medium,25+ months
4636-JGAAI,MALE,0,yes,No,34,Month-to-month,Mailed check,Fiber optic,88.85,3000,No,Low/Medium,25+ months
4803-LBYPN,MALE,0,yes,Yes,34,Month-to-month,Mailed check,No,20.80,635,No,Low/Medium,25+ months
4707-YNOQA,FEMALE,0,yes,Yes,34,One year,Credit card (automatic),No,25.60,917,No,Low/Medium,25+ months
4374-YMUSQ,MALE,0,No,No,34,One year,Credit card (automatic),Fiber optic,116.25,3899,No,Low/Medium,25+ months
4097-YODCF,MALE,0,No,Yes,34,One year,Electronic check,Fiber optic,103.80,3470,No,Low/Medium,25+ months
4086-ATNFV,FEMALE,0,yes,Yes,34,One year,Mailed check,DSL,60.80,2042,No,Low/Medium,25+ months
3521-HTQTV,MALE,0,No,No,34,Two year,Bank transfer (automatic),No,26.10,980,No,Low/Medium,25+ months
3551-GAEGL,MALE,0,yes,Yes,34,One year,Bank transfer (automatic),DSL,30.40,938,No,Low/Medium,25+ months
3331-HQDTW,FEMALE,0,No,No,34,Month-to-month,Mailed check,Fiber optic,109.80,3587,Yes,Low/Medium,25+ months
3374-PZLXD,MALE,0,No,No,34,Month-to-month,Mailed check,No,19.70,675,No,Low/Medium,25+ months
3957-SQXML,FEMALE,0,yes,Yes,34,Two year,Credit card (automatic),No,24.95,894,No,Low/Medium,25+ months
5203-XEHAX,FEMALE,0,No,No,34,One year,Electronic check,DSL,64.35,2053,No,Low/Medium,25+ months
5153-RTHKF,FEMALE,0,No,No,34,Month-to-month,Electronic check,Fiber optic,85.35,2896,No,Low/Medium,25+ months
4947-DSMXK,MALE,0,yes,Yes,34,Month-to-month,Bank transfer (automatic),Fiber optic,97.70,3410,No,Low/Medium,25+ months
5575-GNVDE,MALE,0,No,No,34,One year,Mailed check,DSL,56.95,1889,No,Low/Medium,25+ months
5498-TXHLF,FEMALE,0,yes,Yes,34,Month-to-month,Electronic check,Fiber optic,87.45,2874,Yes,Low/Medium,25+ months
5380-WJKOV,MALE,0,No,No,34,Month-to-month,Electronic check,Fiber optic,106.35,3549,Yes,Low/Medium,25+ months
5337-IIWKZ,MALE,0,yes,Yes,34,Month-to-month,Electronic check,DSL,44.85,1442,No,Low/Medium,25+ months
5788-YPOEG,FEMALE,0,yes,Yes,34,Two year,Mailed check,DSL,84.75,2839,No,Low/Medium,25+ months
5913-INRQV,MALE,1,yes,No,34,One year,Mailed check,Fiber optic,90.15,3128,No,Low/Medium,25+ months
6016-LVTJQ,FEMALE,0,yes,Yes,34,Month-to-month,Mailed check,No,20.65,716,No,Low/Medium,25+ months
6345-HOVES,MALE,0,No,No,34,Month-to-month,Bank transfer (automatic),DSL,25.05,852,No,Low/Medium,25+ months
6393-WRYZE,FEMALE,0,yes,No,34,Month-to-month,Electronic check,Fiber optic,97.65,3207,Yes,Low/Medium,25+ months
6116-RFVHN,FEMALE,0,yes,No,34,Month-to-month,Electronic check,Fiber optic,100.45,3414,No,Low/Medium,25+ months
7129-AZJDE,MALE,0,yes,Yes,34,One year,Bank transfer (automatic),Fiber optic,78.95,2647,No,Low/Medium,25+ months
6551-VLJMV,MALE,0,yes,No,34,Two year,Credit card (automatic),No,20.05,679,No,Low/Medium,25+ months
6641-XRPSU,FEMALE,0,No,No,34,Month-to-month,Credit card (automatic),Fiber optic,70.00,2416,Yes,Low/Medium,25+ months
6599-CEBNN,FEMALE,0,No,No,34,Month-to-month,Credit card (automatic),Fiber optic,73.95,2524,Yes,Low/Medium,25+ months
7594-LZNWR,MALE,1,No,No,34,Month-to-month,Credit card (automatic),Fiber optic,69.15,2275,No,Low/Medium,25+ months
7682-AZNDK,MALE,0,yes,Yes,34,Month-to-month,Electronic check,Fiber optic,89.85,3091,No,Low/Medium,25+ months
7758-UJWYS,MALE,0,yes,Yes,34,Two year,Electronic check,DSL,40.55,1325,No,Low/Medium,25+ months
8397-MVTAZ,MALE,0,yes,No,34,Month-to-month,Electronic check,Fiber optic,100.05,3480,Yes,Low/Medium,25+ months
8148-BPLZQ,MALE,0,No,No,34,Month-to-month,Electronic check,DSL,49.80,1734,No,Low/Medium,25+ months
8910-LEDAG,MALE,1,yes,No,34,Month-to-month,Credit card (automatic),Fiber optic,71.55,2427,No,Low/Medium,25+ months
8695-ARGXZ,MALE,1,yes,No,34,Month-to-month,Electronic check,Fiber optic,75.55,2425,No,Low/Medium,25+ months
8621-MNIHH,FEMALE,1,yes,No,34,Month-to-month,Electronic check,Fiber optic,94.25,3217,Yes,Low/Medium,25+ months
9259-PACGQ,FEMALE,0,yes,No,34,Month-to-month,Electronic check,DSL,62.65,2274,Yes,Low/Medium,25+ months
9086-YJYXS,MALE,0,yes,Yes,34,One year,Bank transfer (automatic),DSL,77.20,2753,No,Low/Medium,25+ months
8988-ECPJR,FEMALE,1,yes,Yes,34,Month-to-month,Mailed check,Fiber optic,79.60,2718,Yes,Low/Medium,25+ months
9695-IDRZR,FEMALE,0,No,Yes,34,Two year,Credit card (automatic),Fiber optic,116.15,3946,No,Low/Medium,25+ months
9508-ILZDG,FEMALE,1,No,No,34,Month-to-month,Electronic check,Fiber optic,96.35,3190,No,Low/Medium,25+ months
9522-BNTHX,FEMALE,1,No,No,34,Month-to-month,Electronic check,DSL,56.25,1765,No,Low/Medium,25+ months
9971-ZWPBF,MALE,1,yes,Yes,34,Month-to-month,Electronic check,Fiber optic,108.90,3625,No,Low/Medium,25+ months
9860-LISIZ,FEMALE,0,No,No,34,Month-to-month,Mailed check,No,20.35,673,No,Low/Medium,25+ months
9871-ELEYA,FEMALE,0,No,Yes,34,Two year,Credit card (automatic),DSL,67.65,2339,No,Low/Medium,25+ months
2519-ERQOJ,MALE,1,No,No,33,Month-to-month,Electronic check,DSL,54.60,1803,No,Low/Medium,25+ months
2650-GYRYL,MALE,0,yes,Yes,33,One year,Bank transfer (automatic),No,19.45,600,No,Low/Medium,25+ months
2616-UUTFK,MALE,0,yes,No,33,Month-to-month,Bank transfer (automatic),DSL,72.75,2447,No,Low/Medium,25+ months
2729-VNVAP,FEMALE,0,yes,Yes,33,Two year,Credit card (automatic),No,19.80,641,No,Low/Medium,25+ months
3023-GFLBR,FEMALE,0,yes,Yes,33,Month-to-month,Credit card (automatic),Fiber optic,86.15,2745,Yes,Low/Medium,25+ months
2242-MFOTG,MALE,0,No,No,33,One year,Bank transfer (automatic),Fiber optic,80.10,2603,No,Low/Medium,25+ months
2495-KZNFB,FEMALE,0,No,No,33,Month-to-month,Electronic check,Fiber optic,90.65,2989,No,Low/Medium,25+ months
1932-UEDCX,MALE,1,yes,No,33,Month-to-month,Bank transfer (automatic),Fiber optic,100.60,3270,No,Low/Medium,25+ months
1934-MKPXS,MALE,0,yes,Yes,33,One year,Credit card (automatic),No,20.10,620,No,Low/Medium,25+ months
2105-PHWON,FEMALE,0,yes,No,33,Month-to-month,Credit card (automatic),Fiber optic,95.00,3008,No,Low/Medium,25+ months
2037-XJFUP,MALE,0,yes,No,33,One year,Electronic check,Fiber optic,95.80,3036,Yes,Low/Medium,25+ months
2045-BMBTJ,FEMALE,1,No,No,33,Month-to-month,Bank transfer (automatic),DSL,59.45,1884,No,Low/Medium,25+ months
0983-TATYJ,FEMALE,0,yes,No,33,One year,Mailed check,DSL,51.45,1758,No,Low/Medium,25+ months
1153-GNOLC,MALE,0,No,No,33,One year,Electronic check,DSL,39.10,1309,No,Low/Medium,25+ months
1431-AIDJQ,MALE,0,yes,Yes,33,Two year,Credit card (automatic),DSL,82.10,2603,No,Low/Medium,25+ months
1403-LKLIK,FEMALE,0,yes,Yes,33,One year,Mailed check,No,20.10,579,No,Low/Medium,25+ months
1644-IRKSF,FEMALE,0,yes,Yes,33,One year,Electronic check,Fiber optic,93.80,3124,Yes,Low/Medium,25+ months
1518-OMDIK,MALE,0,yes,No,33,Month-to-month,Credit card (automatic),DSL,44.55,1462,No,Low/Medium,25+ months
0454-OKRCT,MALE,0,No,No,33,Two year,Bank transfer (automatic),Fiber optic,80.60,2651,No,Low/Medium,25+ months
0114-PEGZZ,FEMALE,0,No,No,33,Month-to-month,Electronic check,Fiber optic,107.55,3645,No,Low/Medium,25+ months
0177-PXBAT,MALE,1,yes,No,33,Month-to-month,Bank transfer (automatic),Fiber optic,109.90,3694,No,Low/Medium,25+ months
6147-CBCRA,FEMALE,0,yes,No,33,Month-to-month,Mailed check,No,20.05,669,No,Low/Medium,25+ months
6289-CPNLD,MALE,0,yes,Yes,33,One year,Mailed check,DSL,73.90,2405,Yes,Low/Medium,25+ months
5951-AOFIH,MALE,0,No,No,33,Month-to-month,Credit card (automatic),DSL,66.40,2245,No,Low/Medium,25+ months
5846-QFDFI,FEMALE,0,yes,Yes,33,Month-to-month,Credit card (automatic),Fiber optic,88.60,2888,No,Low/Medium,25+ months
5844-QVTAT,FEMALE,0,yes,Yes,33,One year,Mailed check,DSL,58.45,1955,No,Low/Medium,25+ months
5813-UECBU,MALE,1,No,No,33,Month-to-month,Credit card (automatic),Fiber optic,83.85,2716,Yes,Low/Medium,25+ months
5244-IRFIH,MALE,1,yes,No,33,Month-to-month,Electronic check,Fiber optic,94.50,3105,Yes,Low/Medium,25+ months
5219-YIPTK,FEMALE,0,yes,No,33,Month-to-month,Electronic check,Fiber optic,104.40,3409,Yes,Low/Medium,25+ months
5478-JJVZK,FEMALE,0,No,No,33,Month-to-month,Mailed check,DSL,60.90,2033,No,Low/Medium,25+ months
5519-TEEUH,MALE,0,No,Yes,33,One year,Mailed check,No,20.15,682,No,Low/Medium,25+ months
5524-KHNJP,MALE,0,yes,Yes,33,One year,Credit card (automatic),DSL,74.75,2453,No,Low/Medium,25+ months
5442-BXVND,FEMALE,0,yes,Yes,33,Month-to-month,Bank transfer (automatic),No,24.25,838,No,Low/Medium,25+ months
5199-FPUSP,MALE,0,No,Yes,33,One year,Credit card (automatic),DSL,34.05,1113,No,Low/Medium,25+ months
5136-KCKGI,FEMALE,0,yes,Yes,33,One year,Mailed check,Fiber optic,103.70,3467,Yes,Low/Medium,25+ months
4067-HLYQI,FEMALE,0,No,No,33,Month-to-month,Bank transfer (automatic),Fiber optic,70.40,2406,No,Low/Medium,25+ months
3769-MHZNV,FEMALE,0,yes,Yes,33,Two year,Mailed check,No,20.10,670,No,Low/Medium,25+ months
3336-JORSO,FEMALE,1,No,No,33,Month-to-month,Electronic check,Fiber optic,110.45,3655,Yes,Low/Medium,25+ months
3550-SAHFP,FEMALE,0,No,No,33,Month-to-month,Electronic check,Fiber optic,83.35,2757,Yes,Low/Medium,25+ months
4213-HKBJO,FEMALE,0,No,No,33,Two year,Credit card (automatic),No,25.70,826,No,Low/Medium,25+ months
4622-YNKIJ,MALE,0,No,No,33,Two year,Electronic check,Fiber optic,88.95,3027,No,Low/Medium,25+ months
4664-NJCMS,FEMALE,0,yes,No,33,Two year,Bank transfer (automatic),DSL,59.55,2016,No,Low/Medium,25+ months
9373-WSLOY,MALE,1,yes,No,33,Month-to-month,Electronic check,DSL,50.00,1750,No,Low/Medium,25+ months
9369-XFEHK,FEMALE,1,yes,No,33,Month-to-month,Bank transfer (automatic),Fiber optic,80.60,2656,Yes,Low/Medium,25+ months
9342-VNIMQ,MALE,0,No,No,33,Month-to-month,Bank transfer (automatic),DSL,54.65,1665,No,Low/Medium,25+ months
8709-KRDVL,FEMALE,0,No,No,33,Month-to-month,Electronic check,Fiber optic,100.00,3320,No,Low/Medium,25+ months
8849-AYPTR,MALE,0,yes,No,33,Month-to-month,Electronic check,Fiber optic,91.25,2964,No,Low/Medium,25+ months
8859-DZTGQ,MALE,0,No,No,33,Two year,Mailed check,No,20.35,689,No,Low/Medium,25+ months
8166-ORCHU,MALE,1,yes,No,33,One year,Electronic check,Fiber optic,93.55,3055,No,Low/Medium,25+ months
8383-SGHJU,FEMALE,0,No,No,33,One year,Electronic check,DSL,59.40,1952,No,Low/Medium,25+ months
8277-RVRSV,FEMALE,0,yes,Yes,33,One year,Credit card (automatic),No,24.15,800,No,Low/Medium,25+ months
8267-ZNYVZ,FEMALE,0,yes,No,33,One year,Electronic check,Fiber optic,103.75,3361,Yes,Low/Medium,25+ months
7674-YTAFD,FEMALE,0,No,No,33,One year,Bank transfer (automatic),Fiber optic,79.95,2684,No,Low/Medium,25+ months
7841-FCRQD,FEMALE,0,yes,No,33,One year,Credit card (automatic),DSL,53.75,1857,No,Low/Medium,25+ months
7951-QKZPL,FEMALE,0,yes,Yes,33,Two year,Mailed check,No,24.50,740,Yes,Low/Medium,25+ months
8059-UDZFY,FEMALE,1,No,Yes,33,Month-to-month,Bank transfer (automatic),Fiber optic,105.35,3465,No,Low/Medium,25+ months
7422-WNBTY,MALE,0,yes,No,33,Month-to-month,Electronic check,Fiber optic,93.35,3092,No,Low/Medium,25+ months
6603-YRDCJ,MALE,0,yes,No,33,Two year,Mailed check,DSL,61.05,2018,No,Low/Medium,25+ months
6551-ZCOTS,MALE,1,No,No,33,One year,Bank transfer (automatic),No,24.90,847,No,Low/Medium,25+ months
6563-VRERX,MALE,0,yes,Yes,33,One year,Mailed check,No,20.60,690,No,Low/Medium,25+ months
6538-POCHL,MALE,0,No,No,33,Month-to-month,Credit card (automatic),Fiber optic,79.00,2576,No,Low/Medium,25+ months
6574-MCOEH,FEMALE,0,yes,Yes,33,One year,Electronic check,DSL,79.15,2531,No,Low/Medium,25+ months
7112-OPOTK,MALE,0,No,No,33,Month-to-month,Electronic check,Fiber optic,68.25,2171,Yes,Low/Medium,25+ months
9921-EZKBY,MALE,0,No,Yes,33,Month-to-month,Bank transfer (automatic),Fiber optic,95.30,3275,No,Low/Medium,25+ months
0111-KLBQG,MALE,1,yes,Yes,32,Month-to-month,Mailed check,Fiber optic,93.95,2861,No,Low/Medium,25+ months
0363-QJVFX,MALE,0,No,No,32,Month-to-month,Credit card (automatic),Fiber optic,108.15,3432,Yes,Low/Medium,25+ months
0301-KOBTQ,MALE,0,No,No,32,Two year,Bank transfer (automatic),No,20.05,614,No,Low/Medium,25+ months
0257-KXZGU,FEMALE,0,yes,Yes,32,Month-to-month,Bank transfer (automatic),DSL,62.45,2045,No,Low/Medium,25+ months
0265-EDXBD,MALE,1,yes,No,32,Month-to-month,Electronic check,Fiber optic,74.90,2303,Yes,Low/Medium,25+ months
0484-FFVBJ,MALE,0,No,No,32,One year,Bank transfer (automatic),DSL,64.85,2010,No,Low/Medium,25+ months
0674-DGMAQ,MALE,1,yes,No,32,Month-to-month,Electronic check,Fiber optic,93.50,2970,No,Low/Medium,25+ months
1550-LOAHA,FEMALE,0,yes,No,32,Month-to-month,Bank transfer (automatic),Fiber optic,84.15,2585,Yes,Low/Medium,25+ months
1422-DGUBX,MALE,0,yes,No,32,One year,Electronic check,Fiber optic,79.25,2619,No,Low/Medium,25+ months
0963-ZBDRN,MALE,0,No,No,32,Month-to-month,Electronic check,Fiber optic,96.20,3183,Yes,Low/Medium,25+ months
1641-RQDAY,FEMALE,1,yes,Yes,32,Month-to-month,Electronic check,Fiber optic,100.40,3217,No,Low/Medium,25+ months
1730-ZMAME,FEMALE,1,No,No,32,Month-to-month,Electronic check,Fiber optic,79.50,2665,No,Low/Medium,25+ months
2325-WINES,FEMALE,0,No,No,32,One year,Credit card (automatic),Fiber optic,104.05,3416,No,Low/Medium,25+ months
2277-AXSDC,FEMALE,0,No,No,32,One year,Bank transfer (automatic),No,19.75,624,No,Low/Medium,25+ months
2171-UDMFD,MALE,0,yes,Yes,32,Month-to-month,Credit card (automatic),No,19.45,674,No,Low/Medium,25+ months
3001-CBHLQ,MALE,1,yes,No,32,Month-to-month,Electronic check,Fiber optic,104.90,3351,Yes,Low/Medium,25+ months
3043-SUDUA,FEMALE,0,No,No,32,Month-to-month,Bank transfer (automatic),No,19.90,601,No,Low/Medium,25+ months
2731-GJRDG,FEMALE,0,No,No,32,One year,Bank transfer (automatic),Fiber optic,109.55,3608,No,Low/Medium,25+ months
2809-ZMYOQ,FEMALE,0,No,No,32,Month-to-month,Electronic check,Fiber optic,101.35,3334,No,Low/Medium,25+ months
2498-XLDZR,FEMALE,0,yes,Yes,32,Two year,Mailed check,DSL,73.60,2316,No,Low/Medium,25+ months
4635-EJYPD,MALE,0,yes,Yes,32,Two year,Mailed check,No,18.95,613,No,Low/Medium,25+ months
4821-SJHJV,FEMALE,0,yes,Yes,32,Month-to-month,Electronic check,Fiber optic,89.60,2901,No,Low/Medium,25+ months
4377-VDHYI,MALE,0,yes,Yes,32,One year,Electronic check,Fiber optic,90.80,3023,No,Low/Medium,25+ months
3522-CDKHF,FEMALE,0,yes,No,32,Month-to-month,Bank transfer (automatic),Fiber optic,75.50,2324,No,Low/Medium,25+ months
3536-IQCTX,MALE,1,yes,No,32,Month-to-month,Electronic check,Fiber optic,85.30,2661,Yes,Low/Medium,25+ months
3648-GZPHF,MALE,0,yes,Yes,32,One year,Mailed check,DSL,36.25,1151,No,Low/Medium,25+ months
3282-ZISZV,MALE,0,No,Yes,32,One year,Credit card (automatic),DSL,83.70,2633,No,Low/Medium,25+ months
3312-UUMZW,MALE,0,yes,No,32,Month-to-month,Credit card (automatic),Fiber optic,98.85,3145,No,Low/Medium,25+ months
3757-NJYBX,MALE,1,yes,No,32,Month-to-month,Bank transfer (automatic),Fiber optic,106.35,3520,Yes,Low/Medium,25+ months
3707-LRWZD,FEMALE,0,No,No,32,One year,Electronic check,Fiber optic,84.05,2781,Yes,Low/Medium,25+ months
5061-PBXFW,FEMALE,0,yes,Yes,32,Month-to-month,Bank transfer (automatic),DSL,61.40,1864,No,Low/Medium,25+ months
5222-IMUKT,MALE,0,No,No,32,Month-to-month,Electronic check,Fiber optic,91.05,2871,No,Low/Medium,25+ months
4883-QICIH,MALE,0,yes,Yes,32,Month-to-month,Bank transfer (automatic),Fiber optic,69.75,2347,Yes,Low/Medium,25+ months
5423-BHIXO,FEMALE,0,No,No,32,Month-to-month,Electronic check,DSL,54.20,1739,No,Low/Medium,25+ months
5301-GAUUY,MALE,0,No,No,32,Month-to-month,Bank transfer (automatic),Fiber optic,80.35,2596,Yes,Low/Medium,25+ months
5307-DZCVC,FEMALE,1,yes,No,32,Month-to-month,Credit card (automatic),Fiber optic,85.95,2628,Yes,Low/Medium,25+ months
5389-FFVKB,MALE,1,yes,No,32,Month-to-month,Credit card (automatic),Fiber optic,80.30,2483,Yes,Low/Medium,25+ months
5393-HJZSM,FEMALE,0,yes,Yes,32,Month-to-month,Bank transfer (automatic),DSL,76.30,2404,No,Low/Medium,25+ months
5651-YLPRD,FEMALE,0,yes,Yes,32,Month-to-month,Electronic check,Fiber optic,86.10,2723,No,Low/Medium,25+ months
5871-DGTXZ,MALE,0,No,No,32,One year,Mailed check,No,19.80,607,No,Low/Medium,25+ months
5914-GXMDA,FEMALE,0,yes,No,32,One year,Mailed check,No,19.30,593,No,Low/Medium,25+ months
5917-RYRMG,MALE,1,No,No,32,One year,Credit card (automatic),No,19.80,587,No,Low/Medium,25+ months
5918-VUKWP,FEMALE,0,No,No,32,One year,Bank transfer (automatic),No,20.55,654,No,Low/Medium,25+ months
5959-BELXA,MALE,1,No,No,32,Month-to-month,Credit card (automatic),Fiber optic,96.15,3019,Yes,Low/Medium,25+ months
6022-UGGSO,FEMALE,1,No,No,32,Month-to-month,Electronic check,Fiber optic,74.40,2276,Yes,Low/Medium,25+ months
5985-TBABQ,FEMALE,0,No,No,32,One year,Mailed check,DSL,74.75,2282,No,Low/Medium,25+ months
6259-WJQLC,MALE,1,No,No,32,Month-to-month,Credit card (automatic),Fiber optic,81.10,2619,No,Low/Medium,25+ months
6088-BXMRG,FEMALE,0,yes,Yes,32,Month-to-month,Electronic check,Fiber optic,98.85,3089,No,Low/Medium,25+ months
6035-BXTTY,FEMALE,1,No,No,32,Month-to-month,Bank transfer (automatic),DSL,54.65,1830,No,Low/Medium,25+ months
6478-HRRCZ,MALE,0,yes,No,32,One year,Mailed check,DSL,70.50,2201,No,Low/Medium,25+ months
7078-NVFAM,FEMALE,0,yes,Yes,32,Month-to-month,Electronic check,DSL,35.15,1051,No,Low/Medium,25+ months
7241-AJHFS,MALE,0,No,No,32,Month-to-month,Bank transfer (automatic),Fiber optic,87.65,2766,No,Low/Medium,25+ months
6878-GGDWG,FEMALE,0,yes,No,32,Month-to-month,Bank transfer (automatic),No,19.40,641,No,Low/Medium,25+ months
6578-KRMAW,MALE,0,No,No,32,Month-to-month,Credit card (automatic),Fiber optic,93.40,2979,No,Low/Medium,25+ months
7321-KKSDU,MALE,0,No,Yes,32,Two year,Mailed check,No,20.50,696,No,Low/Medium,25+ months
7595-EHCDL,MALE,0,yes,Yes,32,Month-to-month,Credit card (automatic),DSL,50.60,1653,No,Low/Medium,25+ months
7739-LAXOG,FEMALE,0,yes,Yes,32,Month-to-month,Bank transfer (automatic),Fiber optic,91.05,2954,Yes,Low/Medium,25+ months
8290-YWKHZ,FEMALE,1,yes,No,32,Month-to-month,Electronic check,Fiber optic,93.20,2931,Yes,Low/Medium,25+ months
8189-XRIKE,FEMALE,1,No,No,32,Month-to-month,Electronic check,Fiber optic,90.95,2897,No,Low/Medium,25+ months
8818-XYFCQ,MALE,0,yes,Yes,32,Month-to-month,Credit card (automatic),Fiber optic,99.55,3204,Yes,Low/Medium,25+ months
8512-WIWYV,MALE,0,No,No,32,One year,Credit card (automatic),No,20.35,707,No,Low/Medium,25+ months
8947-YRTDV,MALE,0,yes,Yes,32,One year,Mailed check,Fiber optic,94.80,3131,No,Low/Medium,25+ months
9029-FEGVJ,FEMALE,1,yes,No,32,Month-to-month,Mailed check,Fiber optic,79.30,2570,No,Low/Medium,25+ months
9465-RWMXL,MALE,0,yes,No,32,Month-to-month,Electronic check,Fiber optic,78.90,2447,Yes,Low/Medium,25+ months
9730-DRTMJ,MALE,0,yes,No,32,One year,Credit card (automatic),DSL,72.80,2333,No,Low/Medium,25+ months
9606-PBKBQ,MALE,1,yes,No,32,Month-to-month,Electronic check,Fiber optic,85.00,2642,Yes,Low/Medium,25+ months
9750-BOOHV,FEMALE,0,No,No,32,One year,Mailed check,DSL,30.15,927,No,Low/Medium,25+ months
9904-EHEVJ,FEMALE,1,yes,Yes,32,Month-to-month,Mailed check,Fiber optic,91.35,2896,No,Low/Medium,25+ months
9944-AEXBM,MALE,0,No,No,32,Month-to-month,Bank transfer (automatic),Fiber optic,85.65,2664,No,Low/Medium,25+ months
2603-HVKCG,MALE,0,No,No,31,Month-to-month,Electronic check,Fiber optic,101.40,3143,No,Low/Medium,25+ months
2675-OTVVJ,MALE,1,yes,No,31,Month-to-month,Electronic check,Fiber optic,89.45,2807,No,Low/Medium,25+ months
2930-UOTMB,FEMALE,0,No,No,31,Month-to-month,Credit card (automatic),DSL,65.25,1994,Yes,Low/Medium,25+ months
2245-ADZFJ,FEMALE,0,yes,Yes,31,Two year,Bank transfer (automatic),DSL,80.55,2471,No,Low/Medium,25+ months
2486-WYVVE,MALE,0,yes,No,31,One year,Mailed check,DSL,79.30,2484,No,Low/Medium,25+ months
2484-DGXPZ,FEMALE,0,yes,Yes,31,Month-to-month,Mailed check,No,19.55,658,Yes,Low/Medium,25+ months
2455-USLMV,FEMALE,0,No,No,31,Month-to-month,Credit card (automatic),Fiber optic,84.75,2613,No,Low/Medium,25+ months
1855-AGAWH,MALE,0,yes,No,31,One year,Electronic check,Fiber optic,93.80,2939,No,Low/Medium,25+ months
2040-OBMLJ,MALE,0,No,No,31,One year,Credit card (automatic),Fiber optic,81.70,2548,No,Low/Medium,25+ months
2091-RFFBA,FEMALE,1,No,No,31,Month-to-month,Electronic check,Fiber optic,73.90,2217,Yes,Low/Medium,25+ months
1254-IZEYF,FEMALE,1,No,No,31,Month-to-month,Electronic check,Fiber optic,99.95,3186,Yes,Low/Medium,25+ months
1550-EENBN,FEMALE,0,No,No,31,Month-to-month,Electronic check,Fiber optic,104.35,3205,No,Low/Medium,25+ months
1488-SYSFC,MALE,0,yes,Yes,31,Month-to-month,Electronic check,No,20.65,702,No,Low/Medium,25+ months
0354-WYROK,FEMALE,1,yes,Yes,31,Month-to-month,Electronic check,Fiber optic,98.90,2911,Yes,Low/Medium,25+ months
0410-IPFTY,FEMALE,0,yes,No,31,Month-to-month,Bank transfer (automatic),Fiber optic,83.85,2674,No,Low/Medium,25+ months
6447-EGDIV,FEMALE,0,No,No,31,One year,Mailed check,No,20.95,683,No,Low/Medium,25+ months
6447-GORXK,MALE,0,No,Yes,31,Month-to-month,Credit card (automatic),DSL,25.00,789,No,Low/Medium,25+ months
6265-FRMTQ,MALE,0,No,No,31,Two year,Bank transfer (automatic),No,20.40,609,No,Low/Medium,25+ months
6302-JGYRJ,MALE,0,No,Yes,31,One year,Mailed check,DSL,79.45,2587,Yes,Low/Medium,25+ months
6341-JVQGF,FEMALE,0,yes,Yes,31,One year,Mailed check,DSL,81.15,2545,No,Low/Medium,25+ months
6360-SVNWV,FEMALE,1,No,No,31,Month-to-month,Credit card (automatic),Fiber optic,73.55,2094,No,Low/Medium,25+ months
5899-OUVKV,MALE,0,No,No,31,Month-to-month,Electronic check,Fiber optic,94.50,2979,No,Low/Medium,25+ months
5898-IGSLP,MALE,0,yes,Yes,31,Month-to-month,Electronic check,Fiber optic,89.30,2823,No,Low/Medium,25+ months
5650-YLIBA,MALE,0,No,No,31,Month-to-month,Electronic check,Fiber optic,81.15,2640,No,Low/Medium,25+ months
5692-ICXLW,MALE,1,No,No,31,Month-to-month,Electronic check,Fiber optic,90.70,2845,No,Low/Medium,25+ months
5325-UWTWJ,MALE,0,yes,No,31,Month-to-month,Credit card (automatic),Fiber optic,90.55,2929,No,Low/Medium,25+ months
5322-ZSMZY,MALE,0,yes,Yes,31,Two year,Mailed check,No,25.75,755,No,Low/Medium,25+ months
5480-XTFFL,FEMALE,0,yes,Yes,31,Two year,Mailed check,No,21.00,697,No,Low/Medium,25+ months
4911-BANWH,FEMALE,0,No,Yes,31,Month-to-month,Credit card (automatic),Fiber optic,86.55,2697,Yes,Low/Medium,25+ months
4926-UMJZD,FEMALE,0,yes,No,31,Month-to-month,Mailed check,DSL,49.20,1498,No,Low/Medium,25+ months
5012-YSPJJ,MALE,0,yes,Yes,31,Month-to-month,Mailed check,DSL,54.35,1647,No,Low/Medium,25+ months
5216-WASFJ,FEMALE,1,yes,No,31,Month-to-month,Electronic check,Fiber optic,84.85,2633,No,Low/Medium,25+ months
5150-LJNSR,MALE,0,yes,Yes,31,One year,Bank transfer (automatic),Fiber optic,98.05,3082,No,Low/Medium,25+ months
5136-RGMZO,MALE,0,No,No,31,Month-to-month,Electronic check,DSL,71.05,2168,No,Low/Medium,25+ months
5124-EOGYE,MALE,0,No,No,31,Two year,Mailed check,No,20.45,638,No,Low/Medium,25+ months
3814-MLAXC,FEMALE,0,No,No,31,Month-to-month,Credit card (automatic),Fiber optic,79.85,2404,Yes,Low/Medium,25+ months
4077-CROMM,FEMALE,0,yes,Yes,31,Month-to-month,Electronic check,Fiber optic,104.20,3243,Yes,Low/Medium,25+ months
4003-OCTMP,FEMALE,0,yes,No,31,One year,Electronic check,DSL,64.00,1910,No,Low/Medium,25+ months
4023-RTIQM,FEMALE,1,yes,No,31,One year,Credit card (automatic),DSL,50.40,1580,No,Low/Medium,25+ months
3410-YOQBQ,FEMALE,0,No,No,31,Two year,Mailed check,DSL,79.20,2497,No,Low/Medium,25+ months
3640-PHQXK,FEMALE,0,No,No,31,Month-to-month,Electronic check,Fiber optic,89.90,2806,Yes,Low/Medium,25+ months
3606-SBKRY,MALE,0,No,No,31,One year,Electronic check,DSL,50.05,1523,No,Low/Medium,25+ months
4508-OEBEY,MALE,0,yes,No,31,One year,Credit card (automatic),DSL,75.50,2424,No,Low/Medium,25+ months
4139-SUGLD,MALE,0,yes,Yes,31,Month-to-month,Bank transfer (automatic),DSL,35.40,1077,Yes,Low/Medium,25+ months
4183-WCSEP,MALE,0,No,No,31,Month-to-month,Electronic check,Fiber optic,78.45,2435,Yes,Low/Medium,25+ months
4701-MLJPN,MALE,0,No,No,31,Month-to-month,Electronic check,DSL,55.25,1715,Yes,Low/Medium,25+ months
4673-KKSLS,FEMALE,0,No,No,31,Month-to-month,Electronic check,Fiber optic,87.60,2724,No,Low/Medium,25+ months
9777-WJJPR,MALE,0,yes,No,31,Month-to-month,Credit card (automatic),Fiber optic,88.65,2683,No,Low/Medium,25+ months
9518-IMLHK,MALE,0,No,No,31,Month-to-month,Bank transfer (automatic),DSL,72.45,2156,No,Low/Medium,25+ months
8486-AYEQH,FEMALE,0,No,No,31,Month-to-month,Electronic check,Fiber optic,76.05,2227,No,Low/Medium,25+ months
8819-IMISP,MALE,0,No,No,31,Month-to-month,Electronic check,Fiber optic,80.45,2429,No,Low/Medium,25+ months
8914-RBTSB,MALE,0,yes,No,31,Month-to-month,Electronic check,Fiber optic,93.80,3019,Yes,Low/Medium,25+ months
8734-FNWVH,MALE,0,yes,Yes,31,Month-to-month,Bank transfer (automatic),DSL,59.70,1825,No,Low/Medium,25+ months
8714-EUHJO,FEMALE,0,yes,Yes,31,Month-to-month,Electronic check,Fiber optic,91.15,2995,Yes,Low/Medium,25+ months
8174-LNWMW,FEMALE,0,No,No,31,Two year,Credit card (automatic),No,20.90,689,No,Low/Medium,25+ months
7813-ZGGAW,MALE,1,No,No,31,Month-to-month,Bank transfer (automatic),Fiber optic,96.60,2877,No,Low/Medium,25+ months
7774-OJSXI,MALE,0,No,No,31,One year,Electronic check,Fiber optic,103.45,3066,Yes,Low/Medium,25+ months
7954-MLBUN,MALE,0,No,No,31,Two year,Bank transfer (automatic),Fiber optic,99.45,3109,No,Low/Medium,25+ months
7869-ZYDST,MALE,0,yes,No,31,Month-to-month,Credit card (automatic),DSL,59.05,1882,No,Low/Medium,25+ months
7605-BDWDC,FEMALE,0,No,No,31,Two year,Bank transfer (automatic),DSL,49.85,1520,No,Low/Medium,25+ months
7328-OWMOM,FEMALE,0,No,Yes,31,One year,Credit card (automatic),No,20.10,589,No,Low/Medium,25+ months
6486-LHTMA,FEMALE,1,yes,No,31,One year,Electronic check,Fiber optic,90.70,2835,No,Low/Medium,25+ months
6663-JOCQO,MALE,0,yes,Yes,31,One year,Bank transfer (automatic),DSL,75.25,2344,No,Low/Medium,25+ months
6933-VLYFX,MALE,0,yes,Yes,31,One year,Electronic check,DSL,59.95,1848,No,Low/Medium,25+ months
7036-ZZKBD,MALE,0,yes,No,31,Month-to-month,Credit card (automatic),DSL,66.40,2019,No,Low/Medium,25+ months
0096-FCPUF,MALE,0,No,No,30,Month-to-month,Mailed check,DSL,64.50,1888,No,Low/Medium,25+ months
0215-BQKGS,MALE,0,No,No,30,Month-to-month,Credit card (automatic),Fiber optic,84.30,2438,No,Low/Medium,25+ months
0191-ZHSKZ,MALE,1,No,No,30,Month-to-month,Electronic check,DSL,74.75,2111,No,Low/Medium,25+ months
0219-QAERP,MALE,0,yes,No,30,One year,Credit card (automatic),No,19.80,576,No,Low/Medium,25+ months
0730-KOAVE,MALE,0,No,No,30,Month-to-month,Credit card (automatic),Fiber optic,94.30,2679,No,Low/Medium,25+ months
0524-IAVZO,FEMALE,0,yes,No,30,Month-to-month,Electronic check,Fiber optic,85.00,2624,Yes,Low/Medium,25+ months
1482-OXZSY,MALE,0,No,No,30,Month-to-month,Bank transfer (automatic),Fiber optic,100.40,2936,No,Low/Medium,25+ months
1552-AAGRX,FEMALE,0,No,No,30,Month-to-month,Bank transfer (automatic),Fiber optic,106.40,3211,No,Low/Medium,25+ months
1577-HKTFG,FEMALE,0,yes,No,30,Month-to-month,Bank transfer (automatic),No,19.65,655,Yes,Low/Medium,25+ months
1270-XKUCC,FEMALE,0,yes,Yes,30,Two year,Mailed check,No,19.70,599,No,Low/Medium,25+ months
1421-HCERK,MALE,1,yes,No,30,Month-to-month,Bank transfer (automatic),Fiber optic,105.70,3181,No,Low/Medium,25+ months
1376-HHBDV,FEMALE,0,No,No,30,Month-to-month,Mailed check,DSL,48.80,1536,No,Low/Medium,25+ months
0942-KOWSM,FEMALE,0,yes,Yes,30,Two year,Bank transfer (automatic),DSL,80.80,2369,No,Low/Medium,25+ months
1028-FFNJK,MALE,1,yes,No,30,Month-to-month,Electronic check,Fiber optic,101.50,2917,No,Low/Medium,25+ months
0839-QNXME,FEMALE,0,No,No,30,Two year,Credit card (automatic),No,19.40,578,No,Low/Medium,25+ months
1137-DGOWI,FEMALE,0,yes,No,30,One year,Bank transfer (automatic),DSL,70.25,2198,No,Low/Medium,25+ months
2107-FBPTK,FEMALE,1,No,No,30,Month-to-month,Electronic check,Fiber optic,104.10,3121,No,Low/Medium,25+ months
2091-MJTFX,FEMALE,0,yes,Yes,30,Month-to-month,Credit card (automatic),DSL,51.20,1561,Yes,Low/Medium,25+ months
1958-RNRKS,MALE,0,yes,No,30,Month-to-month,Electronic check,DSL,49.90,1441,No,Low/Medium,25+ months
1810-MVMAI,MALE,0,yes,Yes,30,Month-to-month,Electronic check,DSL,67.60,2000,No,Low/Medium,25+ months
1821-BUCWY,MALE,0,No,No,30,Two year,Mailed check,DSL,55.65,1653,No,Low/Medium,25+ months
2475-MROZF,MALE,0,No,No,30,Month-to-month,Credit card (automatic),Fiber optic,95.00,2852,No,Low/Medium,25+ months
2364-UFROM,MALE,0,No,No,30,One year,Electronic check,DSL,70.40,2044,No,Low/Medium,25+ months
2925-MXLSX,FEMALE,0,No,No,30,One year,Credit card (automatic),DSL,68.95,2038,No,Low/Medium,25+ months
2684-EIWEO,FEMALE,1,No,No,30,Month-to-month,Credit card (automatic),Fiber optic,91.70,2758,Yes,Low/Medium,25+ months
3280-MRDOF,MALE,1,No,No,30,Two year,Credit card (automatic),DSL,69.10,2093,No,Low/Medium,25+ months
4641-FROLU,FEMALE,0,yes,Yes,30,Two year,Mailed check,No,19.30,602,No,Low/Medium,25+ months
4774-HHGGS,MALE,0,yes,No,30,Two year,Mailed check,No,19.05,637,No,Low/Medium,25+ months
4767-HZZHQ,MALE,0,yes,Yes,30,Month-to-month,Bank transfer (automatic),Fiber optic,82.05,2570,No,Low/Medium,25+ months
4811-JBUVU,MALE,0,No,No,30,Month-to-month,Credit card (automatic),Fiber optic,89.90,2723,No,Low/Medium,25+ months
4817-VYYWS,FEMALE,0,No,No,30,Month-to-month,Electronic check,Fiber optic,100.20,2983,Yes,Low/Medium,25+ months
4248-HCETZ,MALE,1,yes,No,30,Month-to-month,Mailed check,Fiber optic,79.65,2365,Yes,Low/Medium,25+ months
4459-BBGHE,MALE,0,No,Yes,30,Month-to-month,Electronic check,DSL,44.50,1307,No,Low/Medium,25+ months
3370-GQEAL,MALE,0,yes,Yes,30,Month-to-month,Electronic check,Fiber optic,85.45,2509,No,Low/Medium,25+ months
3373-DIUUN,MALE,0,yes,Yes,30,Two year,Mailed check,No,21.25,711,No,Low/Medium,25+ months
4079-VTGLK,MALE,1,yes,No,30,Two year,Electronic check,DSL,74.85,2181,No,Low/Medium,25+ months
3976-BWUCK,FEMALE,0,yes,No,30,Month-to-month,Credit card (automatic),Fiber optic,94.10,2804,Yes,Low/Medium,25+ months
3794-NFNCH,MALE,0,yes,No,30,Month-to-month,Mailed check,DSL,50.00,1474,No,Low/Medium,25+ months
5060-TQUQN,MALE,0,yes,Yes,30,Month-to-month,Bank transfer (automatic),Fiber optic,83.55,2570,No,Low/Medium,25+ months
4998-IKFSE,FEMALE,0,No,No,30,Month-to-month,Electronic check,Fiber optic,100.45,3096,No,Low/Medium,25+ months
4973-RLZVI,FEMALE,0,No,No,30,One year,Credit card (automatic),DSL,74.65,2308,No,Low/Medium,25+ months
5018-LXQQG,FEMALE,0,yes,Yes,30,Month-to-month,Bank transfer (automatic),DSL,66.30,1923,No,Low/Medium,25+ months
5419-JKZNQ,MALE,1,yes,No,30,Month-to-month,Mailed check,Fiber optic,77.90,2351,No,Low/Medium,25+ months
5640-CAXOA,FEMALE,0,No,No,30,One year,Credit card (automatic),DSL,40.35,1187,No,Low/Medium,25+ months
6267-DCFFZ,FEMALE,1,yes,No,30,Month-to-month,Electronic check,Fiber optic,90.05,2627,No,Low/Medium,25+ months
6032-KRXXO,MALE,0,No,No,30,Month-to-month,Electronic check,Fiber optic,90.25,2755,Yes,Low/Medium,25+ months
6440-DKQGE,MALE,0,No,Yes,30,One year,Credit card (automatic),DSL,64.50,1929,No,Low/Medium,25+ months
7026-YMSBE,MALE,0,No,No,30,One year,Mailed check,No,19.70,625,No,Low/Medium,25+ months
7061-OVMIM,FEMALE,0,yes,Yes,30,One year,Bank transfer (automatic),No,19.55,608,No,Low/Medium,25+ months
6647-ZEDXT,FEMALE,0,No,No,30,One year,Credit card (automatic),Fiber optic,110.45,3327,No,Low/Medium,25+ months
6635-MYYYZ,FEMALE,0,No,No,30,One year,Bank transfer (automatic),DSL,85.35,2530,Yes,Low/Medium,25+ months
6609-MXJHJ,FEMALE,0,yes,Yes,30,Two year,Mailed check,No,25.10,789,No,Low/Medium,25+ months
6543-XRMYR,FEMALE,1,No,No,30,Month-to-month,Electronic check,Fiber optic,99.70,2967,Yes,Low/Medium,25+ months
6865-JZNKO,FEMALE,0,No,No,30,Month-to-month,Bank transfer (automatic),DSL,55.30,1530,No,Low/Medium,25+ months
6874-SGLHU,MALE,0,No,No,30,One year,Bank transfer (automatic),Fiber optic,97.00,3021,No,Low/Medium,25+ months
6741-EGCBI,MALE,1,No,No,30,Month-to-month,Credit card (automatic),Fiber optic,90.50,2595,No,Low/Medium,25+ months
6754-WKSHP,MALE,0,No,Yes,30,One year,Bank transfer (automatic),No,25.35,723,No,Low/Medium,25+ months
7305-ZWMAJ,MALE,0,yes,No,30,One year,Credit card (automatic),No,20.70,587,No,Low/Medium,25+ months
7927-AUXBZ,FEMALE,0,No,No,30,Month-to-month,Electronic check,Fiber optic,85.15,2555,Yes,Low/Medium,25+ months
7776-QWNFX,MALE,1,yes,No,30,Month-to-month,Bank transfer (automatic),DSL,50.40,1527,Yes,Low/Medium,25+ months
7748-UMTRK,FEMALE,1,No,Yes,30,Month-to-month,Electronic check,Fiber optic,101.30,2974,No,Low/Medium,25+ months
8080-POTJR,FEMALE,0,No,No,30,One year,Credit card (automatic),DSL,79.30,2427,No,Low/Medium,25+ months
8294-UIMBA,FEMALE,0,No,No,30,One year,Bank transfer (automatic),Fiber optic,94.40,2638,No,Low/Medium,25+ months
8800-ZKRFW,FEMALE,0,yes,Yes,30,Month-to-month,Electronic check,Fiber optic,107.50,3242,No,Low/Medium,25+ months
8812-ZRHFP,FEMALE,0,yes,Yes,30,One year,Electronic check,Fiber optic,86.45,2538,No,Low/Medium,25+ months
8845-LWKGE,FEMALE,0,yes,Yes,30,One year,Electronic check,DSL,64.50,1985,No,Low/Medium,25+ months
8496-DMZUK,MALE,0,No,No,30,One year,Bank transfer (automatic),Fiber optic,90.40,2820,No,Low/Medium,25+ months
9554-DFKIC,MALE,0,yes,Yes,30,Month-to-month,Bank transfer (automatic),DSL,54.45,1588,No,Low/Medium,25+ months
9574-RKJIF,MALE,0,yes,Yes,30,Month-to-month,Electronic check,Fiber optic,94.40,2838,Yes,Low/Medium,25+ months
9600-UDOPK,MALE,0,yes,No,30,Month-to-month,Credit card (automatic),Fiber optic,94.05,2866,Yes,Low/Medium,25+ months
9667-EQRXU,FEMALE,1,No,No,30,Month-to-month,Electronic check,DSL,40.30,1172,Yes,Low/Medium,25+ months
9647-ERGBE,FEMALE,0,yes,Yes,30,Month-to-month,Electronic check,Fiber optic,100.05,3046,Yes,Low/Medium,25+ months
2692-BUCFV,MALE,1,No,No,29,Month-to-month,Bank transfer (automatic),Fiber optic,101.45,2948,No,Low/Medium,25+ months
2683-BPJSO,MALE,0,yes,No,29,Month-to-month,Electronic check,Fiber optic,84.45,2467,Yes,Low/Medium,25+ months
2829-HYVZP,MALE,0,No,No,29,One year,Mailed check,No,19.80,572,No,Low/Medium,25+ months
3001-UNBTL,MALE,1,yes,Yes,29,Month-to-month,Electronic check,Fiber optic,103.95,2964,No,Low/Medium,25+ months
3002-WQZWT,FEMALE,0,No,No,29,Month-to-month,Electronic check,Fiber optic,74.20,1993,No,Low/Medium,25+ months
3014-WJKSM,MALE,0,yes,No,29,Month-to-month,Credit card (automatic),Fiber optic,75.30,2263,No,Low/Medium,25+ months
3016-KSVCP,MALE,0,yes,No,29,Month-to-month,Mailed check,DSL,33.75,1009,No,Low/Medium,25+ months
2476-YGEFM,FEMALE,0,No,No,29,Month-to-month,Credit card (automatic),Fiber optic,76.00,2215,No,Low/Medium,25+ months
2282-YGNOR,FEMALE,0,No,No,29,One year,Credit card (automatic),DSL,58.00,1734,No,Low/Medium,25+ months
2186-QZEYA,FEMALE,1,No,No,29,Month-to-month,Bank transfer (automatic),DSL,58.55,1718,No,Low/Medium,25+ months
1771-OADNZ,MALE,1,yes,No,29,Month-to-month,Electronic check,Fiber optic,95.90,2745,Yes,Low/Medium,25+ months
1872-EBWSC,FEMALE,0,No,No,29,One year,Mailed check,No,20.35,617,No,Low/Medium,25+ months
1766-GKNMI,MALE,0,No,No,29,Month-to-month,Electronic check,Fiber optic,84.90,2516,No,Low/Medium,25+ months
1984-GPTEH,FEMALE,0,No,No,29,Month-to-month,Electronic check,No,25.15,702,No,Low/Medium,25+ months
2082-OJVTK,MALE,0,yes,Yes,29,Month-to-month,Electronic check,Fiber optic,89.20,2698,Yes,Low/Medium,25+ months
2065-MMKGR,FEMALE,0,No,No,29,One year,Credit card (automatic),DSL,71.00,2080,No,Low/Medium,25+ months
2038-YSEZE,FEMALE,0,No,No,29,Month-to-month,Mailed check,DSL,67.45,1801,No,Low/Medium,25+ months
1430-SFQSA,MALE,0,No,No,29,One year,Mailed check,DSL,35.60,1072,No,Low/Medium,25+ months
1432-FPAXX,FEMALE,0,No,No,29,Month-to-month,Electronic check,DSL,30.60,856,Yes,Low/Medium,25+ months
1301-LOPVR,MALE,0,yes,Yes,29,One year,Credit card (automatic),DSL,55.35,1636,No,Low/Medium,25+ months
1627-AFWVJ,FEMALE,0,No,No,29,Two year,Mailed check,No,19.40,554,No,Low/Medium,25+ months
1498-DQNRX,FEMALE,0,yes,No,29,Month-to-month,Mailed check,No,19.85,573,No,Low/Medium,25+ months
0468-YRPXN,MALE,0,No,No,29,Month-to-month,Credit card (automatic),Fiber optic,98.80,2807,No,Low/Medium,25+ months
0559-CKHUS,FEMALE,0,yes,No,29,Two year,Mailed check,No,19.55,521,No,Low/Medium,25+ months
0655-YDGFJ,MALE,0,No,No,29,Month-to-month,Bank transfer (automatic),DSL,48.95,1323,No,Low/Medium,25+ months
0625-AFOHS,FEMALE,0,yes,Yes,29,Two year,Mailed check,No,20.20,558,No,Low/Medium,25+ months
0082-OQIQY,MALE,0,No,No,29,Month-to-month,Electronic check,Fiber optic,94.20,2607,No,Low/Medium,25+ months
0076-LVEPS,MALE,0,No,Yes,29,Month-to-month,Mailed check,DSL,45.00,1242,No,Low/Medium,25+ months
6481-ESCNL,FEMALE,0,No,No,29,Month-to-month,Bank transfer (automatic),Fiber optic,100.55,2878,No,Low/Medium,25+ months
6114-TCFID,FEMALE,0,No,No,29,One year,Credit card (automatic),DSL,39.50,1082,No,Low/Medium,25+ months
6199-IPCAO,FEMALE,0,yes,Yes,29,Two year,Mailed check,No,26.10,692,No,Low/Medium,25+ months
6303-KFWSL,FEMALE,0,No,No,29,One year,Electronic check,DSL,55.25,1620,No,Low/Medium,25+ months
6311-UEUME,FEMALE,0,No,No,29,Month-to-month,Electronic check,Fiber optic,78.90,2384,Yes,Low/Medium,25+ months
5832-EXGTT,MALE,0,yes,Yes,29,Month-to-month,Mailed check,DSL,60.20,1834,No,Low/Medium,25+ months
5832-TRLPB,MALE,0,No,No,29,One year,Bank transfer (automatic),DSL,75.35,2243,No,Low/Medium,25+ months
5766-XQXMQ,FEMALE,0,No,No,29,Month-to-month,Bank transfer (automatic),DSL,68.85,1970,Yes,Low/Medium,25+ months
5294-DMSFH,FEMALE,0,yes,Yes,29,Month-to-month,Credit card (automatic),Fiber optic,87.80,2621,No,Low/Medium,25+ months
5233-AOZUF,FEMALE,0,yes,No,29,Month-to-month,Electronic check,Fiber optic,74.95,2149,No,Low/Medium,25+ months
5046-NUHWD,FEMALE,1,yes,No,29,Month-to-month,Electronic check,DSL,45.00,1228,No,Low/Medium,25+ months
4962-CHQPW,MALE,0,No,Yes,29,One year,Mailed check,No,19.85,535,No,Low/Medium,25+ months
4902-OHLSK,FEMALE,1,No,No,29,Month-to-month,Electronic check,Fiber optic,98.65,2862,Yes,Low/Medium,25+ months
4903-CNOZC,MALE,0,No,No,29,One year,Credit card (automatic),DSL,70.90,1964,No,Low/Medium,25+ months
5117-IFGPS,MALE,1,yes,No,29,Month-to-month,Electronic check,Fiber optic,84.30,2357,No,Low/Medium,25+ months
3689-MOZGR,FEMALE,0,No,No,29,Month-to-month,Electronic check,DSL,31.20,926,No,Low/Medium,25+ months
4021-RQSNY,MALE,1,yes,No,29,Month-to-month,Electronic check,Fiber optic,98.50,3004,Yes,Low/Medium,25+ months
3347-YJZZE,MALE,0,yes,Yes,29,Month-to-month,Credit card (automatic),DSL,80.10,2211,No,Low/Medium,25+ months
3312-ZWLGF,MALE,1,yes,No,29,Month-to-month,Electronic check,Fiber optic,79.30,2414,No,Low/Medium,25+ months
3301-LSLWQ,FEMALE,0,No,No,29,Month-to-month,Electronic check,DSL,66.10,1912,No,Low/Medium,25+ months
3417-TSCIC,MALE,0,No,No,29,One year,Mailed check,DSL,24.85,788,No,Low/Medium,25+ months
3565-UNOCC,FEMALE,1,yes,No,29,Month-to-month,Bank transfer (automatic),Fiber optic,99.05,2952,Yes,Low/Medium,25+ months
4109-CYRBD,MALE,1,yes,No,29,Month-to-month,Electronic check,DSL,51.60,1442,No,Low/Medium,25+ months
4115-BNPJY,MALE,0,yes,Yes,29,Two year,Mailed check,DSL,75.55,2054,No,Low/Medium,25+ months
4818-DRBQT,MALE,0,yes,No,29,Month-to-month,Bank transfer (automatic),Fiber optic,80.15,2265,Yes,Low/Medium,25+ months
4831-EOBFE,MALE,0,yes,Yes,29,Month-to-month,Credit card (automatic),Fiber optic,94.65,2649,Yes,Low/Medium,25+ months
4716-MRVEN,FEMALE,0,No,No,29,One year,Mailed check,No,20.00,599,No,Low/Medium,25+ months
4709-LKHYG,FEMALE,0,yes,Yes,29,One year,Electronic check,No,20.00,540,No,Low/Medium,25+ months
9722-UJOJR,MALE,0,yes,Yes,29,Month-to-month,Electronic check,Fiber optic,70.75,1974,Yes,Low/Medium,25+ months
8949-JTMAY,FEMALE,0,No,No,29,Month-to-month,Credit card (automatic),Fiber optic,98.60,2933,Yes,Low/Medium,25+ months
9253-QXKBE,MALE,1,yes,No,29,Month-to-month,Electronic check,Fiber optic,94.45,2653,Yes,Low/Medium,25+ months
9142-XMYJH,FEMALE,0,No,No,29,Month-to-month,Credit card (automatic),No,19.35,601,No,Low/Medium,25+ months
8690-UPCZI,MALE,0,yes,Yes,29,One year,Bank transfer (automatic),DSL,69.05,1958,No,Low/Medium,25+ months
8680-CGLTP,MALE,0,No,No,29,One year,Electronic check,DSL,58.75,1696,No,Low/Medium,25+ months
8681-ICONS,MALE,0,yes,Yes,29,Month-to-month,Mailed check,No,20.65,654,No,Low/Medium,25+ months
8873-TMKGR,MALE,0,No,No,29,One year,Mailed check,No,19.10,529,No,Low/Medium,25+ months
7663-ZTEGJ,MALE,0,No,Yes,29,One year,Credit card (automatic),Fiber optic,100.55,2830,No,Low/Medium,25+ months
6704-UTUKK,MALE,0,yes,No,29,Month-to-month,Electronic check,DSL,45.90,1332,No,Low/Medium,25+ months
6773-LQTVT,FEMALE,1,yes,Yes,29,Month-to-month,Mailed check,DSL,35.65,1025,No,Low/Medium,25+ months
7016-BPGEU,FEMALE,0,No,No,29,Month-to-month,Credit card (automatic),DSL,25.10,712,Yes,Low/Medium,25+ months
7016-NVRIC,MALE,1,yes,No,29,One year,Bank transfer (automatic),Fiber optic,90.10,2656,No,Low/Medium,25+ months
6907-CQGPN,MALE,0,No,No,29,Month-to-month,Electronic check,DSL,34.30,1004,No,Low/Medium,25+ months
6897-UUBNU,MALE,0,No,No,29,Month-to-month,Mailed check,Fiber optic,89.65,2623,No,Low/Medium,25+ months
9885-AIBVB,MALE,0,yes,No,29,Month-to-month,Electronic check,Fiber optic,85.80,2440,No,Low/Medium,25+ months
0369-ZGOVK,FEMALE,0,yes,Yes,28,One year,Bank transfer (automatic),Fiber optic,70.40,1992,No,Low/Medium,25+ months
0256-LTHVJ,FEMALE,0,yes,Yes,28,Month-to-month,Electronic check,Fiber optic,81.05,2227,Yes,Low/Medium,25+ months
0536-BGFMZ,FEMALE,0,yes,No,28,Month-to-month,Mailed check,No,20.50,563,No,Low/Medium,25+ months
0618-XWMSS,MALE,0,No,Yes,28,Month-to-month,Bank transfer (automatic),Fiber optic,74.90,2068,Yes,Low/Medium,25+ months
0431-APWVY,FEMALE,0,yes,Yes,28,One year,Bank transfer (automatic),Fiber optic,90.10,2598,Yes,Low/Medium,25+ months
0516-OOHAR,MALE,0,yes,Yes,28,One year,Bank transfer (automatic),Fiber optic,100.35,2799,No,Low/Medium,25+ months
1481-ZUWZA,MALE,0,No,No,28,Month-to-month,Credit card (automatic),Fiber optic,94.50,2659,Yes,Low/Medium,25+ months
1104-FEJAM,MALE,0,yes,Yes,28,Month-to-month,Electronic check,DSL,64.40,1802,No,Low/Medium,25+ months
1104-TNLZA,MALE,1,yes,No,28,Month-to-month,Electronic check,Fiber optic,105.80,2998,No,Low/Medium,25+ months
1174-FGIFN,FEMALE,0,yes,Yes,28,One year,Electronic check,Fiber optic,90.45,2509,No,Low/Medium,25+ months
1785-BPHTP,MALE,0,yes,Yes,28,Month-to-month,Electronic check,Fiber optic,85.45,2289,No,Low/Medium,25+ months
2155-AMQRX,FEMALE,0,No,No,28,Month-to-month,Credit card (automatic),DSL,54.90,1505,No,Low/Medium,25+ months
2357-COQEK,FEMALE,1,No,No,28,Month-to-month,Electronic check,Fiber optic,103.30,2890,Yes,Low/Medium,25+ months
2305-MRGLV,MALE,0,yes,No,28,Month-to-month,Bank transfer (automatic),Fiber optic,76.55,2065,No,Low/Medium,25+ months
2819-GWENI,FEMALE,0,yes,Yes,28,One year,Mailed check,No,19.90,543,No,Low/Medium,25+ months
3275-RHRNE,MALE,0,yes,Yes,28,One year,Credit card (automatic),DSL,60.00,1682,No,Low/Medium,25+ months
4134-BSXLX,MALE,0,yes,No,28,Month-to-month,Mailed check,DSL,60.90,1785,No,Low/Medium,25+ months
4203-QGNZA,FEMALE,0,No,Yes,28,Month-to-month,Mailed check,No,20.25,535,No,Low/Medium,25+ months
4291-HYEBC,FEMALE,1,yes,Yes,28,One year,Electronic check,DSL,39.10,1096,No,Low/Medium,25+ months
3422-WJOYD,MALE,0,yes,No,28,One year,Mailed check,DSL,54.35,1426,No,Low/Medium,25+ months
3482-ABPKK,FEMALE,0,No,No,28,One year,Mailed check,DSL,54.30,1546,No,Low/Medium,25+ months
3315-IKYZQ,MALE,0,yes,Yes,28,One year,Mailed check,DSL,50.80,1386,No,Low/Medium,25+ months
3325-FUYCG,MALE,0,yes,Yes,28,One year,Electronic check,Fiber optic,106.10,2847,Yes,Low/Medium,25+ months
3348-CFRNX,FEMALE,0,yes,No,28,Month-to-month,Mailed check,Fiber optic,92.35,2602,Yes,Low/Medium,25+ months
3957-LXOLK,FEMALE,1,No,No,28,Month-to-month,Electronic check,Fiber optic,106.15,3152,Yes,Low/Medium,25+ months
3956-MGXOG,FEMALE,0,No,No,28,Month-to-month,Electronic check,Fiber optic,80.60,2244,No,Low/Medium,25+ months
3736-BLEPA,MALE,0,No,No,28,One year,Bank transfer (automatic),Fiber optic,91.25,2483,No,Low/Medium,25+ months
5149-CUZUJ,MALE,0,yes,Yes,28,One year,Bank transfer (automatic),Fiber optic,92.90,2768,No,Low/Medium,25+ months
5155-AZQPB,FEMALE,0,yes,Yes,28,Month-to-month,Mailed check,DSL,49.90,1410,No,Low/Medium,25+ months
5213-TWWJU,MALE,0,No,No,28,Month-to-month,Electronic check,Fiber optic,91.00,2626,No,Low/Medium,25+ months
4945-RVMTE,FEMALE,0,No,No,28,Month-to-month,Bank transfer (automatic),DSL,59.55,1646,No,Low/Medium,25+ months
5315-CKEQK,MALE,1,yes,Yes,28,One year,Electronic check,DSL,51.00,1381,No,Low/Medium,25+ months
5353-WILCI,FEMALE,0,No,No,28,Month-to-month,Electronic check,DSL,56.05,1522,No,Low/Medium,25+ months
5539-HIVAK,FEMALE,1,yes,No,28,Month-to-month,Mailed check,No,25.70,734,No,Low/Medium,25+ months
5569-OUICF,FEMALE,1,yes,No,28,Month-to-month,Credit card (automatic),Fiber optic,101.30,2812,Yes,Low/Medium,25+ months
5753-QQWPW,FEMALE,0,No,No,28,One year,Electronic check,DSL,59.90,1654,No,Low/Medium,25+ months
5697-GOMBF,FEMALE,1,yes,Yes,28,Month-to-month,Electronic check,DSL,35.90,973,No,Low/Medium,25+ months
6030-REHUX,FEMALE,1,yes,No,28,Month-to-month,Electronic check,Fiber optic,110.85,3204,No,Low/Medium,25+ months
6421-SZVEM,FEMALE,0,yes,Yes,28,One year,Bank transfer (automatic),Fiber optic,82.85,2320,No,Low/Medium,25+ months
6823-SIDFQ,MALE,0,No,No,28,One year,Credit card (automatic),No,18.25,534,No,Low/Medium,25+ months
6506-EYCNH,FEMALE,0,yes,Yes,28,Month-to-month,Bank transfer (automatic),No,19.55,543,No,Low/Medium,25+ months
6635-CPNUN,MALE,0,yes,No,28,Month-to-month,Credit card (automatic),Fiber optic,96.60,2684,No,Low/Medium,25+ months
7746-AWNQW,FEMALE,0,No,No,28,Month-to-month,Mailed check,DSL,35.75,961,No,Low/Medium,25+ months
7892-POOKP,FEMALE,0,yes,No,28,Month-to-month,Electronic check,Fiber optic,104.80,3046,Yes,Low/Medium,25+ months
7272-QDCKA,MALE,0,No,No,28,One year,Electronic check,Fiber optic,100.20,2688,No,Low/Medium,25+ months
7361-YPXFS,FEMALE,1,No,No,28,Month-to-month,Bank transfer (automatic),DSL,64.45,1867,No,Low/Medium,25+ months
7622-NXQZR,MALE,0,No,No,28,Month-to-month,Credit card (automatic),DSL,30.10,810,No,Low/Medium,25+ months
8868-WOZGU,MALE,0,No,No,28,Month-to-month,Electronic check,Fiber optic,105.70,2979,Yes,Low/Medium,25+ months
8799-OXZMD,FEMALE,0,No,No,28,Month-to-month,Mailed check,DSL,29.75,790,No,Low/Medium,25+ months
8751-EDEKA,FEMALE,0,yes,No,28,Month-to-month,Credit card (automatic),Fiber optic,89.90,2433,No,Low/Medium,25+ months
8417-GSODA,MALE,0,yes,Yes,28,One year,Bank transfer (automatic),Fiber optic,92.20,2568,No,Low/Medium,25+ months
8182-BJDSI,FEMALE,0,No,No,28,Month-to-month,Electronic check,Fiber optic,89.95,2625,Yes,Low/Medium,25+ months
9473-CBZOP,FEMALE,0,No,No,28,One year,Mailed check,DSL,59.00,1654,No,Low/Medium,25+ months
9891-NQDBD,FEMALE,0,yes,No,28,One year,Mailed check,No,25.55,672,No,Low/Medium,25+ months
9950-MTGYX,MALE,0,yes,Yes,28,Two year,Credit card (automatic),No,20.30,487,No,Low/Medium,25+ months
9972-NKTFD,FEMALE,0,No,No,28,Month-to-month,Bank transfer (automatic),DSL,54.65,1517,No,Low/Medium,25+ months
9931-DCEZH,MALE,0,No,Yes,28,One year,Credit card (automatic),DSL,54.40,1516,No,Low/Medium,25+ months
2851-MMUTZ,FEMALE,0,No,No,27,Month-to-month,Mailed check,DSL,56.15,1439,No,Low/Medium,25+ months
2640-PMGFL,MALE,0,No,Yes,27,Month-to-month,Electronic check,Fiber optic,79.50,2180,Yes,Low/Medium,25+ months
2595-KIWPV,MALE,0,No,Yes,27,Two year,Credit card (automatic),No,19.70,509,No,Low/Medium,25+ months
2523-EWWZL,FEMALE,0,yes,No,27,Month-to-month,Electronic check,Fiber optic,76.10,2093,No,Low/Medium,25+ months
3096-JRDSO,FEMALE,1,yes,No,27,Month-to-month,Bank transfer (automatic),Fiber optic,104.30,2867,Yes,Low/Medium,25+ months
2346-CZYIL,MALE,0,No,No,27,Two year,Credit card (automatic),No,20.35,531,No,Low/Medium,25+ months
2150-OEGBV,MALE,0,No,No,27,One year,Bank transfer (automatic),No,20.10,562,No,Low/Medium,25+ months
2212-LYASK,MALE,0,yes,Yes,27,One year,Credit card (automatic),DSL,45.85,1246,No,Low/Medium,25+ months
1818-ESQMW,FEMALE,0,No,No,27,Month-to-month,Electronic check,Fiber optic,89.20,2383,No,Low/Medium,25+ months
2039-JONDJ,MALE,0,No,No,27,One year,Bank transfer (automatic),DSL,55.45,1477,No,Low/Medium,25+ months
1998-VHJHK,FEMALE,0,No,No,27,One year,Mailed check,No,19.15,501,No,Low/Medium,25+ months
1989-PRJHP,MALE,1,yes,No,27,Month-to-month,Electronic check,Fiber optic,75.50,1893,Yes,Low/Medium,25+ months
1134-YWTYF,MALE,0,yes,No,27,Month-to-month,Electronic check,DSL,53.80,1389,No,Low/Medium,25+ months
1194-HVAIF,FEMALE,0,yes,No,27,Month-to-month,Credit card (automatic),Fiber optic,95.00,2462,No,Low/Medium,25+ months
1173-NOEYG,FEMALE,0,yes,No,27,Month-to-month,Bank transfer (automatic),Fiber optic,90.15,2423,No,Low/Medium,25+ months
0886-QGENL,FEMALE,1,yes,No,27,Month-to-month,Electronic check,Fiber optic,101.25,2754,Yes,Low/Medium,25+ months
1544-JJMYL,MALE,0,No,No,27,One year,Credit card (automatic),DSL,69.35,1927,No,Low/Medium,25+ months
1666-JZPZT,MALE,0,No,No,27,Month-to-month,Mailed check,DSL,49.00,1291,No,Low/Medium,25+ months
1258-YMZNM,FEMALE,1,No,No,27,One year,Bank transfer (automatic),Fiber optic,110.50,2857,No,Low/Medium,25+ months
1352-VHKAJ,MALE,0,yes,Yes,27,Month-to-month,Bank transfer (automatic),DSL,71.60,1957,No,Low/Medium,25+ months
0504-HHAPI,FEMALE,1,No,No,27,Month-to-month,Credit card (automatic),Fiber optic,88.30,2467,Yes,Low/Medium,25+ months
0576-WNXXC,MALE,1,yes,No,27,Month-to-month,Electronic check,Fiber optic,95.55,2510,Yes,Low/Medium,25+ months
0822-QGCXA,FEMALE,1,yes,No,27,Month-to-month,Electronic check,DSL,83.85,2310,No,Low/Medium,25+ months
0818-OCPZO,MALE,1,No,No,27,Month-to-month,Electronic check,Fiber optic,81.45,2122,Yes,Low/Medium,25+ months
0257-ZESQC,FEMALE,1,yes,No,27,Month-to-month,Bank transfer (automatic),Fiber optic,75.20,1929,Yes,Low/Medium,25+ months
0285-INHLN,MALE,0,yes,Yes,27,Month-to-month,Credit card (automatic),DSL,54.75,1510,No,Low/Medium,25+ months
0068-FIGTF,FEMALE,0,No,No,27,One year,Mailed check,DSL,78.20,2078,No,Low/Medium,25+ months
0064-YIJGF,MALE,0,yes,Yes,27,Month-to-month,Bank transfer (automatic),Fiber optic,75.75,1929,No,Low/Medium,25+ months
0098-BOWSO,MALE,0,No,No,27,Month-to-month,Electronic check,No,19.40,529,No,Low/Medium,25+ months
0187-WZNAB,FEMALE,0,yes,Yes,27,Month-to-month,Mailed check,Fiber optic,74.40,1972,No,Low/Medium,25+ months
0141-YEAYS,FEMALE,1,No,No,27,Month-to-month,Bank transfer (automatic),Fiber optic,86.45,2401,No,Low/Medium,25+ months
6064-ZATLR,FEMALE,0,No,No,27,Two year,Bank transfer (automatic),DSL,52.85,1498,No,Low/Medium,25+ months
5649-TJHOV,MALE,1,yes,No,27,Month-to-month,Bank transfer (automatic),DSL,36.50,1032,Yes,Low/Medium,25+ months
5849-ASHZJ,MALE,0,No,Yes,27,One year,Credit card (automatic),No,20.05,552,No,Low/Medium,25+ months
5566-SOEZD,MALE,0,yes,Yes,27,One year,Credit card (automatic),Fiber optic,80.65,2209,No,Low/Medium,25+ months
5447-VYTKW,MALE,0,No,No,27,Month-to-month,Mailed check,DSL,53.45,1461,No,Low/Medium,25+ months
4939-KYYPY,MALE,0,No,No,27,Month-to-month,Electronic check,DSL,59.45,1611,No,Low/Medium,25+ months
4971-PUYQO,FEMALE,0,No,No,27,Month-to-month,Mailed check,Fiber optic,94.55,2724,Yes,Low/Medium,25+ months
5022-KVDQT,MALE,0,No,No,27,Month-to-month,Electronic check,Fiber optic,81.30,2272,No,Low/Medium,25+ months
5214-CHIWJ,MALE,0,No,No,27,One year,Mailed check,No,20.30,595,No,Low/Medium,25+ months
5171-EPLKN,MALE,0,No,No,27,Two year,Credit card (automatic),No,19.85,470,No,Low/Medium,25+ months
3721-WKIIL,FEMALE,0,No,No,27,Two year,Mailed check,No,19.60,561,No,Low/Medium,25+ months
3812-LRZIR,FEMALE,0,yes,Yes,27,Two year,Electronic check,No,24.50,761,No,Low/Medium,25+ months
4011-ARPHK,MALE,0,No,No,27,Month-to-month,Mailed check,DSL,50.35,1411,No,Low/Medium,25+ months
3597-MVHJT,FEMALE,0,No,No,27,Month-to-month,Bank transfer (automatic),Fiber optic,95.60,2595,No,Low/Medium,25+ months
4412-YLTKF,FEMALE,1,No,No,27,Month-to-month,Electronic check,Fiber optic,78.05,2135,Yes,Low/Medium,25+ months
4353-HYOJD,FEMALE,0,yes,Yes,27,Month-to-month,Mailed check,DSL,49.85,1336,No,Low/Medium,25+ months
4609-KNNWG,FEMALE,0,yes,Yes,27,Two year,Mailed check,No,19.90,550,No,Low/Medium,25+ months
9513-DXHDA,MALE,0,No,No,27,One year,Electronic check,DSL,81.70,2212,No,Low/Medium,25+ months
9445-ZUEQE,MALE,0,yes,Yes,27,Month-to-month,Credit card (automatic),Fiber optic,85.20,2151,No,Low/Medium,25+ months
9365-SRSZE,MALE,1,yes,No,27,Month-to-month,Electronic check,Fiber optic,70.55,1943,No,Low/Medium,25+ months
9392-XBGTD,MALE,0,No,Yes,27,Two year,Mailed check,No,20.60,581,No,Low/Medium,25+ months
9717-IOAAF,MALE,0,No,Yes,27,Two year,Credit card (automatic),No,25.85,788,No,Low/Medium,25+ months
9323-HGFWY,FEMALE,0,yes,No,27,One year,Credit card (automatic),Fiber optic,101.90,2681,No,Low/Medium,25+ months
8982-NHAVY,MALE,0,No,No,27,One year,Bank transfer (automatic),Fiber optic,100.50,2673,No,Low/Medium,25+ months
9046-JBFWA,MALE,0,No,Yes,27,Month-to-month,Mailed check,No,19.15,537,No,Low/Medium,25+ months
9057-MSWCO,MALE,1,yes,No,27,Month-to-month,Credit card (automatic),DSL,30.75,805,Yes,Low/Medium,25+ months
8224-IVVPA,FEMALE,0,No,No,27,Month-to-month,Mailed check,DSL,56.70,1652,No,Low/Medium,25+ months
8063-GBATB,FEMALE,1,No,No,27,Month-to-month,Electronic check,Fiber optic,85.25,2287,Yes,Low/Medium,25+ months
8329-UTMVM,MALE,1,No,No,27,One year,Bank transfer (automatic),Fiber optic,104.65,2964,No,Low/Medium,25+ months
8725-JEDFD,MALE,0,No,No,27,Month-to-month,Mailed check,Fiber optic,69.05,1793,No,Low/Medium,25+ months
8763-KIAFH,FEMALE,0,yes,Yes,27,One year,Mailed check,No,20.55,583,No,Low/Medium,25+ months
7596-IIWYC,FEMALE,0,No,No,27,Two year,Bank transfer (automatic),No,20.25,538,No,Low/Medium,25+ months
7552-KEYGT,MALE,0,yes,No,27,Two year,Bank transfer (automatic),No,19.55,520,No,Low/Medium,25+ months
7587-AOVVU,MALE,0,yes,Yes,27,Month-to-month,Electronic check,Fiber optic,100.75,2793,No,Low/Medium,25+ months
7336-RLLRH,MALE,0,yes,No,27,One year,Mailed check,DSL,80.85,2204,No,Low/Medium,25+ months
7956-XQWGU,MALE,0,No,No,27,Month-to-month,Credit card (automatic),No,19.40,460,No,Low/Medium,25+ months
7801-CEDNV,MALE,0,yes,No,27,One year,Credit card (automatic),DSL,48.70,1421,No,Low/Medium,25+ months
6584-VQMYT,MALE,0,No,Yes,27,One year,Mailed check,DSL,56.20,1567,No,Low/Medium,25+ months
6827-IEAUQ,FEMALE,0,yes,Yes,27,One year,Mailed check,DSL,66.15,1874,No,Low/Medium,25+ months
6726-WEXXK,MALE,1,yes,No,27,One year,Electronic check,Fiber optic,85.90,2220,No,Low/Medium,25+ months
9774-NRNAU,MALE,1,yes,No,27,Month-to-month,Bank transfer (automatic),DSL,84.80,2309,No,Low/Medium,25+ months
0142-GVYSN,MALE,0,No,No,26,Month-to-month,Electronic check,No,20.30,511,No,Low/Medium,25+ months
0118-JPNOY,FEMALE,1,No,No,26,Month-to-month,Credit card (automatic),Fiber optic,85.80,2193,No,Low/Medium,25+ months
0128-MKWSG,FEMALE,0,No,Yes,26,Month-to-month,Mailed check,DSL,45.80,1147,No,Low/Medium,25+ months
0042-JVWOJ,MALE,0,No,No,26,One year,Bank transfer (automatic),No,19.60,471,No,Low/Medium,25+ months
0311-UNPFF,FEMALE,0,No,No,26,Month-to-month,Bank transfer (automatic),Fiber optic,88.80,2274,Yes,Low/Medium,25+ months
0479-HMSWA,FEMALE,0,No,Yes,26,Two year,Electronic check,Fiber optic,105.45,2715,No,Low/Medium,25+ months
1439-LCGVL,FEMALE,0,yes,No,26,One year,Mailed check,No,19.20,459,No,Low/Medium,25+ months
1597-LHYNC,FEMALE,1,No,No,26,Month-to-month,Electronic check,Fiber optic,95.00,2497,Yes,Low/Medium,25+ months
0869-PAPRP,FEMALE,1,yes,No,26,Month-to-month,Credit card (automatic),Fiber optic,85.70,2067,No,Low/Medium,25+ months
1025-FALIX,FEMALE,0,No,No,26,Month-to-month,Credit card (automatic),Fiber optic,69.05,1815,No,Low/Medium,25+ months
0980-FEXWF,MALE,0,yes,Yes,26,One year,Mailed check,DSL,50.35,1285,No,Low/Medium,25+ months
0975-UYDTX,FEMALE,0,yes,No,26,One year,Credit card (automatic),DSL,90.10,2312,No,Low/Medium,25+ months
1853-ARAAQ,FEMALE,0,No,No,26,Month-to-month,Credit card (automatic),DSL,50.35,1277,No,Low/Medium,25+ months
2208-NQBCT,FEMALE,0,yes,Yes,26,Month-to-month,Electronic check,Fiber optic,81.95,2070,No,Low/Medium,25+ months
2320-SLKMB,FEMALE,0,No,No,26,Month-to-month,Credit card (automatic),DSL,44.45,1183,No,Low/Medium,25+ months
3223-WZWJM,MALE,0,No,No,26,Month-to-month,Electronic check,Fiber optic,83.95,2254,Yes,Low/Medium,25+ months
3205-MXZRA,MALE,0,No,No,26,One year,Credit card (automatic),DSL,59.45,1507,No,Low/Medium,25+ months
2665-NPTGL,FEMALE,1,yes,No,26,Month-to-month,Bank transfer (automatic),Fiber optic,98.10,2510,No,Low/Medium,25+ months
2657-ALMWY,FEMALE,1,yes,No,26,Month-to-month,Electronic check,Fiber optic,84.95,2169,Yes,Low/Medium,25+ months
2812-ENYMO,MALE,0,No,No,26,One year,Credit card (automatic),DSL,54.55,1362,No,Low/Medium,25+ months
4524-QCSSM,MALE,0,No,No,26,Month-to-month,Bank transfer (automatic),DSL,44.65,1156,No,Low/Medium,25+ months
4735-ASGMA,MALE,0,No,No,26,Month-to-month,Electronic check,Fiber optic,98.35,2515,Yes,Low/Medium,25+ months
4795-UXVCJ,MALE,0,No,No,26,One year,Credit card (automatic),No,19.80,457,No,Low/Medium,25+ months
4310-KEDTB,FEMALE,0,No,Yes,26,Month-to-month,Mailed check,DSL,29.80,786,No,Low/Medium,25+ months
4429-WYGFR,MALE,0,No,No,26,Month-to-month,Bank transfer (automatic),DSL,49.15,1237,No,Low/Medium,25+ months
4501-VCPFK,MALE,0,No,No,26,Month-to-month,Electronic check,DSL,35.75,1022,No,Low/Medium,25+ months
4189-NAKJS,MALE,0,No,No,26,One year,Credit card (automatic),DSL,51.55,1295,No,Low/Medium,25+ months
3523-BRGUW,MALE,1,No,No,26,One year,Credit card (automatic),No,19.30,504,No,Low/Medium,25+ months
3466-RITXD,MALE,0,No,No,26,Month-to-month,Credit card (automatic),Fiber optic,92.40,2349,No,Low/Medium,25+ months
3985-HOYPM,MALE,0,No,No,26,One year,Mailed check,No,19.40,525,No,Low/Medium,25+ months
3943-KDREE,FEMALE,0,No,No,26,Month-to-month,Bank transfer (automatic),Fiber optic,74.95,1834,Yes,Low/Medium,25+ months
3920-HIHMQ,FEMALE,0,No,Yes,26,Month-to-month,Mailed check,DSL,49.50,1265,No,Low/Medium,25+ months
3709-OIJEA,MALE,0,No,No,26,One year,Electronic check,Fiber optic,85.20,2184,No,Low/Medium,25+ months
5201-USSQZ,FEMALE,0,yes,No,26,Month-to-month,Credit card (automatic),Fiber optic,85.90,2196,No,Low/Medium,25+ months
5226-NOZFC,MALE,0,No,No,26,Month-to-month,Electronic check,Fiber optic,85.75,2146,No,Low/Medium,25+ months
5049-MUBWG,MALE,0,No,No,26,One year,Bank transfer (automatic),DSL,75.00,1908,No,Low/Medium,25+ months
4993-JCRGJ,MALE,0,No,No,26,Month-to-month,Mailed check,Fiber optic,84.30,2281,No,Low/Medium,25+ months
4922-CVPDX,FEMALE,0,yes,No,26,Two year,Credit card (automatic),DSL,73.50,1905,No,Low/Medium,25+ months
5260-UMPWX,FEMALE,0,yes,Yes,26,Month-to-month,Credit card (automatic),No,20.25,493,No,Low/Medium,25+ months
5859-HZYLF,MALE,0,yes,Yes,26,Two year,Credit card (automatic),No,19.15,515,No,Low/Medium,25+ months
6005-OBZPH,FEMALE,1,No,No,26,Month-to-month,Electronic check,Fiber optic,89.15,2277,Yes,Low/Medium,25+ months
5998-VVEJY,MALE,0,No,No,26,Month-to-month,Electronic check,Fiber optic,80.50,2088,Yes,Low/Medium,25+ months
5949-HGVJL,FEMALE,0,yes,No,26,Month-to-month,Electronic check,DSL,73.05,1959,No,Low/Medium,25+ months
5701-GUXDC,FEMALE,0,yes,No,26,One year,Credit card (automatic),DSL,35.40,978,No,Low/Medium,25+ months
6103-BOCOU,FEMALE,0,No,No,26,Month-to-month,Electronic check,Fiber optic,80.70,2193,No,Low/Medium,25+ months
6100-FJZDG,MALE,0,yes,Yes,26,One year,Bank transfer (automatic),No,20.05,505,No,Low/Medium,25+ months
6156-UZDLF,FEMALE,0,No,No,26,One year,Credit card (automatic),Fiber optic,87.15,2274,No,Low/Medium,25+ months
6261-LHRTG,FEMALE,0,No,No,26,Month-to-month,Credit card (automatic),DSL,54.75,1406,No,Low/Medium,25+ months
9754-CLVZW,FEMALE,0,yes,Yes,26,Month-to-month,Credit card (automatic),DSL,38.85,1025,No,Low/Medium,25+ months
6765-MBQNU,FEMALE,0,yes,No,26,One year,Mailed check,No,26.00,684,No,Low/Medium,25+ months
6712-OAWRH,FEMALE,1,No,No,26,Month-to-month,Electronic check,Fiber optic,91.25,2351,Yes,Low/Medium,25+ months
6839-ITVZJ,FEMALE,0,yes,Yes,26,Month-to-month,Electronic check,DSL,60.05,1616,Yes,Low/Medium,25+ months
6559-PDZLR,MALE,0,No,No,26,Month-to-month,Electronic check,Fiber optic,98.65,2537,No,Low/Medium,25+ months
6900-PXRMS,MALE,1,yes,Yes,26,Month-to-month,Electronic check,Fiber optic,105.75,2710,Yes,Low/Medium,25+ months
6933-FHBZC,FEMALE,0,No,No,26,One year,Mailed check,DSL,56.05,1553,No,Low/Medium,25+ months
6985-HAYWX,FEMALE,0,yes,No,26,Month-to-month,Bank transfer (automatic),Fiber optic,79.30,2015,No,Low/Medium,25+ months
7109-MFBYV,MALE,0,No,No,26,Month-to-month,Electronic check,DSL,45.45,1233,No,Low/Medium,25+ months
7105-MXJLL,FEMALE,1,yes,No,26,One year,Mailed check,DSL,60.70,1597,No,Low/Medium,25+ months
7850-THJMU,FEMALE,0,yes,Yes,26,Two year,Credit card (automatic),No,19.65,494,No,Low/Medium,25+ months
7714-YXSMB,FEMALE,0,No,No,26,Month-to-month,Bank transfer (automatic),Fiber optic,100.50,2599,No,Low/Medium,25+ months
7402-EYFXX,MALE,1,No,No,26,Month-to-month,Electronic check,Fiber optic,93.60,2404,No,Low/Medium,25+ months
8731-WBBMB,FEMALE,0,yes,No,26,Month-to-month,Bank transfer (automatic),DSL,81.90,2078,No,Low/Medium,25+ months
8663-UPDGF,FEMALE,0,No,No,26,Month-to-month,Bank transfer (automatic),DSL,69.50,1800,No,Low/Medium,25+ months
8623-ULFNQ,FEMALE,1,No,No,26,Month-to-month,Electronic check,DSL,66.05,1652,No,Low/Medium,25+ months
8319-QBEHW,MALE,0,No,Yes,26,One year,Bank transfer (automatic),DSL,39.95,1023,No,Low/Medium,25+ months
8436-BJUMM,MALE,0,yes,Yes,26,Month-to-month,Electronic check,Fiber optic,83.75,2070,Yes,Low/Medium,25+ months
8404-FYDIB,MALE,0,No,No,26,Month-to-month,Credit card (automatic),Fiber optic,86.65,2208,No,Low/Medium,25+ months
9052-DHNKM,MALE,0,No,No,26,One year,Electronic check,DSL,61.55,1581,No,Low/Medium,25+ months
9040-KZVWO,MALE,0,No,No,26,One year,Bank transfer (automatic),Fiber optic,75.50,2018,No,Low/Medium,25+ months
9313-QOLTZ,MALE,0,No,No,26,Month-to-month,Mailed check,No,20.90,518,No,Low/Medium,25+ months
9355-NPPFS,FEMALE,1,No,No,26,Month-to-month,Electronic check,Fiber optic,78.80,2006,No,Low/Medium,25+ months
9138-EFSMO,MALE,0,yes,Yes,26,One year,Bank transfer (automatic),Fiber optic,78.95,2034,No,Low/Medium,25+ months
9139-TWBAS,FEMALE,0,yes,No,26,One year,Bank transfer (automatic),DSL,47.85,1190,No,Low/Medium,25+ months
9172-JITSM,FEMALE,0,yes,Yes,26,Month-to-month,Electronic check,Fiber optic,90.80,2361,Yes,Low/Medium,25+ months
9534-NSXEM,MALE,0,No,No,26,One year,Credit card (automatic),No,20.65,595,No,Low/Medium,25+ months
9526-JAWYF,MALE,0,No,No,26,Month-to-month,Electronic check,Fiber optic,89.80,2335,Yes,Low/Medium,25+ months
9470-RTWDV,MALE,0,yes,Yes,26,One year,Credit card (automatic),DSL,82.00,2083,No,Low/Medium,25+ months
9912-GVSEQ,FEMALE,1,yes,No,26,Month-to-month,Electronic check,Fiber optic,93.85,2381,Yes,Low/Medium,25+ months
9909-DFRJA,FEMALE,0,No,No,26,One year,Bank transfer (automatic),Fiber optic,95.85,2475,No,Low/Medium,25+ months
2809-ILCYT,FEMALE,0,yes,No,25,One year,Mailed check,No,26.80,733,No,Low/Medium,25+ months
2805-AUFQN,FEMALE,0,No,No,25,Two year,Credit card (automatic),No,19.80,475,No,Low/Medium,25+ months
2685-SREOM,FEMALE,0,yes,Yes,25,Month-to-month,Electronic check,Fiber optic,89.10,2368,Yes,Low/Medium,25+ months
2519-TWKFS,MALE,0,yes,Yes,25,One year,Mailed check,DSL,55.10,1466,No,Low/Medium,25+ months
3196-NVXLZ,FEMALE,0,No,No,25,Month-to-month,Mailed check,Fiber optic,84.60,2088,No,Low/Medium,25+ months
3099-OONVS,MALE,0,yes,Yes,25,Month-to-month,Electronic check,DSL,54.30,1296,No,Low/Medium,25+ months
3003-CMDUU,FEMALE,0,yes,No,25,Month-to-month,Electronic check,Fiber optic,95.15,2395,No,Low/Medium,25+ months
2894-QOJRX,FEMALE,0,yes,No,25,Month-to-month,Bank transfer (automatic),DSL,34.00,853,Yes,Low/Medium,25+ months
2115-BFTIW,MALE,0,No,No,25,Month-to-month,Mailed check,Fiber optic,70.95,1767,Yes,Low/Medium,25+ months
2120-SMPEX,MALE,0,No,No,25,Month-to-month,Mailed check,No,20.15,536,No,Low/Medium,25+ months
1760-CAZHT,MALE,0,No,Yes,25,Month-to-month,Mailed check,No,20.80,460,No,Low/Medium,25+ months
2108-GLPQB,MALE,0,yes,No,25,Month-to-month,Credit card (automatic),DSL,55.55,1405,No,Low/Medium,25+ months
1042-HFUCW,FEMALE,0,No,Yes,25,One year,Credit card (automatic),DSL,54.75,1266,No,Low/Medium,25+ months
1216-JWVUX,MALE,0,yes,Yes,25,Month-to-month,Electronic check,Fiber optic,75.50,1901,No,Low/Medium,25+ months
1069-QJOEE,MALE,0,yes,Yes,25,One year,Electronic check,No,19.90,505,No,Low/Medium,25+ months
0428-AXXLJ,MALE,0,No,No,25,One year,Bank transfer (automatic),No,19.50,516,No,Low/Medium,25+ months
0487-VVUVK,MALE,0,yes,Yes,25,Month-to-month,Mailed check,No,19.15,477,No,Low/Medium,25+ months
0584-BJQGZ,FEMALE,0,No,No,25,Month-to-month,Bank transfer (automatic),DSL,78.35,1837,No,Low/Medium,25+ months
0357-NVCRI,FEMALE,0,No,Yes,25,Month-to-month,Credit card (automatic),No,20.05,471,No,Low/Medium,25+ months
0071-NDAFP,MALE,0,yes,Yes,25,Two year,Credit card (automatic),No,25.50,630,No,Low/Medium,25+ months
0074-HDKDG,MALE,0,yes,Yes,25,One year,Bank transfer (automatic),DSL,61.60,1611,No,Low/Medium,25+ months
0148-DCDOS,MALE,0,No,No,25,Month-to-month,Bank transfer (automatic),Fiber optic,94.70,2362,Yes,Low/Medium,25+ months
0191-EQUUH,FEMALE,0,No,Yes,25,Two year,Bank transfer (automatic),DSL,35.05,844,No,Low/Medium,25+ months
0203-HHYIJ,MALE,0,No,No,25,One year,Bank transfer (automatic),No,25.30,676,Yes,Low/Medium,25+ months
6402-SSEJG,FEMALE,0,No,No,25,One year,Electronic check,DSL,61.05,1540,No,Low/Medium,25+ months
6402-ZFPPI,FEMALE,1,No,No,25,Month-to-month,Mailed check,Fiber optic,102.80,2660,Yes,Low/Medium,25+ months
6207-WIOLX,FEMALE,0,yes,Yes,25,Month-to-month,Credit card (automatic),DSL,58.60,1502,Yes,Low/Medium,25+ months
6061-PQHMK,FEMALE,0,No,No,25,One year,Credit card (automatic),No,19.90,527,No,Low/Medium,25+ months
5419-KLXBN,FEMALE,0,yes,Yes,25,Month-to-month,Bank transfer (automatic),Fiber optic,89.15,2257,Yes,Low/Medium,25+ months
5522-NYKPB,MALE,0,yes,Yes,25,Month-to-month,Electronic check,Fiber optic,85.90,2199,No,Low/Medium,25+ months
4923-ADWXJ,FEMALE,0,No,No,25,Month-to-month,Bank transfer (automatic),DSL,65.80,1679,No,Low/Medium,25+ months
5062-CJJKH,MALE,0,yes,Yes,25,One year,Mailed check,DSL,53.65,1355,No,Low/Medium,25+ months
5129-JLPIS,MALE,0,No,No,25,Month-to-month,Electronic check,Fiber optic,105.50,2686,No,Low/Medium,25+ months
5130-IEKQT,MALE,1,No,No,25,Month-to-month,Mailed check,Fiber optic,105.95,2655,Yes,Low/Medium,25+ months
5201-FRKKS,MALE,0,No,No,25,Month-to-month,Bank transfer (automatic),Fiber optic,74.30,1952,No,Low/Medium,25+ months
4009-ALQFH,FEMALE,0,No,No,25,Month-to-month,Electronic check,Fiber optic,99.50,2369,Yes,Low/Medium,25+ months
4002-BQWPQ,MALE,0,No,No,25,Month-to-month,Bank transfer (automatic),DSL,81.75,2028,No,Low/Medium,25+ months
4016-BJKTZ,FEMALE,0,No,No,25,Two year,Electronic check,Fiber optic,108.90,2809,No,Low/Medium,25+ months
3452-FLHYD,MALE,0,yes,No,25,One year,Bank transfer (automatic),No,20.95,495,No,Low/Medium,25+ months
3458-IDMFK,MALE,0,No,No,25,Two year,Mailed check,No,20.75,499,No,Low/Medium,25+ months
3393-FMZPV,FEMALE,0,No,No,25,Month-to-month,Electronic check,Fiber optic,100.25,2387,Yes,Low/Medium,25+ months
4404-HIBDJ,FEMALE,0,No,No,25,One year,Mailed check,DSL,74.30,1863,Yes,Low/Medium,25+ months
4822-YCXMX,MALE,0,No,No,25,Month-to-month,Electronic check,Fiber optic,84.80,2043,Yes,Low/Medium,25+ months
4747-LCAQL,MALE,0,No,No,25,Month-to-month,Mailed check,DSL,79.00,1902,No,Low/Medium,25+ months
4526-ZJJTM,FEMALE,1,yes,No,25,Month-to-month,Bank transfer (automatic),Fiber optic,88.40,2191,No,Low/Medium,25+ months
4607-CHPCA,MALE,0,yes,Yes,25,One year,Electronic check,Fiber optic,90.40,2178,Yes,Low/Medium,25+ months
4598-XLKNJ,FEMALE,1,yes,No,25,Month-to-month,Electronic check,Fiber optic,98.50,2514,Yes,Low/Medium,25+ months
6479-OAUSD,MALE,0,No,No,25,One year,Credit card (automatic),No,19.90,510,No,Low/Medium,25+ months
9495-REDIY,MALE,0,No,Yes,25,One year,Credit card (automatic),DSL,40.65,970,No,Low/Medium,25+ months
9467-ROOLM,FEMALE,0,No,No,25,Month-to-month,Mailed check,No,19.05,461,No,Low/Medium,25+ months
9601-BRXPO,FEMALE,0,yes,No,25,Month-to-month,Bank transfer (automatic),Fiber optic,104.95,2566,Yes,Low/Medium,25+ months
9621-OUPYD,FEMALE,0,yes,No,25,One year,Bank transfer (automatic),No,20.20,507,No,Low/Medium,25+ months
8929-KSWIH,MALE,0,No,No,25,Two year,Bank transfer (automatic),Fiber optic,99.30,2513,No,Low/Medium,25+ months
8922-LIEGH,FEMALE,1,No,No,25,Month-to-month,Electronic check,Fiber optic,89.70,2187,Yes,Low/Medium,25+ months
8409-WQJUX,FEMALE,0,No,No,25,One year,Electronic check,DSL,54.20,1423,No,Low/Medium,25+ months
8393-DLHGA,MALE,0,No,Yes,25,Month-to-month,Electronic check,Fiber optic,95.90,2448,Yes,Low/Medium,25+ months
8201-AAXCB,MALE,0,yes,Yes,25,Month-to-month,Electronic check,DSL,60.35,1404,No,Low/Medium,25+ months
8515-OCTJS,FEMALE,0,No,No,25,Two year,Credit card (automatic),No,24.75,692,Yes,Low/Medium,25+ months
8739-WWKDU,MALE,1,No,No,25,Month-to-month,Electronic check,Fiber optic,89.50,2196,Yes,Low/Medium,25+ months
8780-RSYYU,FEMALE,0,No,No,25,Month-to-month,Credit card (automatic),No,19.20,532,No,Low/Medium,25+ months
8851-RAGOV,FEMALE,0,yes,No,25,Month-to-month,Mailed check,DSL,71.05,1837,No,Low/Medium,25+ months
8815-LMFLX,MALE,0,yes,Yes,25,Month-to-month,Bank transfer (automatic),No,25.40,546,No,Low/Medium,25+ months
7407-SUJIZ,MALE,0,No,No,25,Month-to-month,Mailed check,No,20.60,541,No,Low/Medium,25+ months
7319-ZNRTR,MALE,0,yes,Yes,25,One year,Electronic check,No,19.60,411,No,Low/Medium,25+ months
7267-FRMJW,FEMALE,0,yes,Yes,25,Two year,Mailed check,No,20.10,486,No,Low/Medium,25+ months
7504-UWHNB,MALE,0,No,No,25,Month-to-month,Electronic check,Fiber optic,69.75,1729,No,Low/Medium,25+ months
7632-YUTXB,FEMALE,0,yes,Yes,25,One year,Mailed check,No,20.05,520,No,Low/Medium,25+ months
7924-GJZFI,FEMALE,1,yes,No,25,Month-to-month,Electronic check,Fiber optic,69.30,1813,No,Low/Medium,25+ months
7895-VONWT,FEMALE,0,No,No,25,Month-to-month,Electronic check,DSL,48.25,1293,No,Low/Medium,25+ months
7978-DKUQH,FEMALE,0,yes,No,25,Month-to-month,Electronic check,Fiber optic,74.60,1797,No,Low/Medium,25+ months
7133-VBDCG,FEMALE,0,No,No,25,Month-to-month,Bank transfer (automatic),Fiber optic,79.85,2015,Yes,Low/Medium,25+ months
7089-XXAYG,MALE,0,yes,No,25,One year,Credit card (automatic),DSL,38.10,970,No,Low/Medium,25+ months
7175-NTIXE,FEMALE,0,No,No,25,Month-to-month,Credit card (automatic),DSL,76.15,1992,No,Low/Medium,25+ months
7011-CVEUC,MALE,0,yes,No,25,Month-to-month,Credit card (automatic),Fiber optic,95.70,2338,No,Low/Medium,25+ months
6946-LMSQS,MALE,1,yes,No,25,One year,Electronic check,Fiber optic,89.05,2177,Yes,Low/Medium,25+ months
6575-SUVOI,FEMALE,1,yes,No,25,Month-to-month,Credit card (automatic),DSL,69.50,1752,No,Low/Medium,25+ months
6595-YGXIT,MALE,1,No,No,25,Month-to-month,Electronic check,Fiber optic,88.95,2291,Yes,Low/Medium,25+ months
9945-PSVIP,FEMALE,0,yes,Yes,25,Two year,Mailed check,No,18.70,383,No,Low/Medium,25+ months
9881-VCZEP,FEMALE,0,yes,No,25,Month-to-month,Electronic check,DSL,54.10,1373,No,Low/Medium,25+ months
0164-XAIRP,FEMALE,0,No,No,24,Two year,Bank transfer (automatic),No,19.55,470,No,Low/Medium,13-24 months
0581-MDMPW,FEMALE,0,No,No,24,Month-to-month,Credit card (automatic),Fiber optic,88.95,2072,No,Low/Medium,13-24 months
0537-QYZZN,MALE,1,yes,Yes,24,Month-to-month,Electronic check,Fiber optic,79.85,1857,No,Low/Medium,13-24 months
0496-AHOOK,MALE,0,yes,No,24,One year,Bank transfer (automatic),DSL,74.40,1712,No,Low/Medium,13-24 months
0516-QREYC,FEMALE,1,No,No,24,Month-to-month,Mailed check,No,20.30,459,No,Low/Medium,13-24 months
0447-RXSGD,MALE,0,No,No,24,Month-to-month,Bank transfer (automatic),Fiber optic,99.65,2404,No,Low/Medium,13-24 months
0810-BDHAW,FEMALE,0,yes,Yes,24,One year,Electronic check,DSL,78.40,1832,No,Low/Medium,13-24 months
0733-VUNUW,MALE,0,No,No,24,Month-to-month,Bank transfer (automatic),DSL,55.65,1400,Yes,Low/Medium,13-24 months
1089-XZWHH,FEMALE,0,yes,Yes,24,Two year,Mailed check,No,19.70,494,No,Low/Medium,13-24 months
1131-ALZWV,FEMALE,0,No,No,24,One year,Bank transfer (automatic),No,24.60,605,No,Low/Medium,13-24 months
0835-DUUIQ,FEMALE,0,No,Yes,24,One year,Bank transfer (automatic),No,21.05,531,No,Low/Medium,13-24 months
1535-VTJOQ,FEMALE,0,No,No,24,Two year,Credit card (automatic),No,25.15,553,No,Low/Medium,13-24 months
1395-WSWXR,MALE,0,No,No,24,Two year,Mailed check,No,20.75,487,No,Low/Medium,13-24 months
1307-ATKGB,MALE,0,No,No,24,Month-to-month,Electronic check,Fiber optic,89.55,2187,No,Low/Medium,13-24 months
2034-CGRHZ,MALE,1,No,No,24,Month-to-month,Credit card (automatic),Fiber optic,102.95,2496,Yes,Low/Medium,13-24 months
1904-WAJAA,FEMALE,0,yes,Yes,24,Two year,Electronic check,DSL,64.35,1558,No,Low/Medium,13-24 months
1834-WULEG,MALE,0,yes,Yes,24,One year,Mailed check,No,20.25,439,No,Low/Medium,13-24 months
2203-GHNWN,FEMALE,0,yes,No,24,Month-to-month,Mailed check,Fiber optic,79.65,1928,No,Low/Medium,13-24 months
2229-VWQJH,FEMALE,0,No,No,24,Month-to-month,Credit card (automatic),DSL,49.30,1233,No,Low/Medium,13-24 months
2359-KMGLI,MALE,0,No,No,24,Month-to-month,Electronic check,Fiber optic,80.25,1861,Yes,Low/Medium,13-24 months
2371-JQHZZ,MALE,0,yes,No,24,Month-to-month,Electronic check,Fiber optic,93.00,2248,No,Low/Medium,13-24 months
2430-USGXP,MALE,0,yes,No,24,Month-to-month,Electronic check,Fiber optic,101.05,2391,Yes,Low/Medium,13-24 months
2960-NKRSO,MALE,0,No,No,24,Month-to-month,Electronic check,Fiber optic,85.95,2107,No,Low/Medium,13-24 months
2956-GGUCQ,MALE,1,yes,No,24,Month-to-month,Electronic check,Fiber optic,78.85,1772,Yes,Low/Medium,13-24 months
3221-CJMSG,MALE,0,No,No,24,Month-to-month,Credit card (automatic),DSL,51.10,1269,No,Low/Medium,13-24 months
2770-NSVDG,MALE,0,yes,No,24,Month-to-month,Electronic check,DSL,29.10,688,No,Low/Medium,13-24 months
2778-OCLGR,MALE,1,yes,No,24,Month-to-month,Bank transfer (automatic),DSL,39.10,971,Yes,Low/Medium,13-24 months
2801-NISEI,MALE,0,No,No,24,Month-to-month,Electronic check,DSL,54.95,1348,No,Low/Medium,13-24 months
2843-CQMEG,MALE,0,No,No,24,Month-to-month,Mailed check,DSL,49.70,1218,No,Low/Medium,13-24 months
2840-XANRC,MALE,1,yes,No,24,Month-to-month,Electronic check,Fiber optic,93.15,2231,Yes,Low/Medium,13-24 months
6427-FEFIG,FEMALE,0,yes,Yes,24,Two year,Credit card (automatic),DSL,78.60,1846,No,Low/Medium,13-24 months
4597-NUCQV,MALE,1,No,No,24,Month-to-month,Electronic check,Fiber optic,101.25,2440,Yes,Low/Medium,13-24 months
4335-UPJSI,FEMALE,0,No,Yes,24,Two year,Mailed check,No,19.75,498,No,Low/Medium,13-24 months
4104-PVRPS,MALE,0,yes,No,24,Month-to-month,Mailed check,DSL,53.60,1315,No,Low/Medium,13-24 months
4277-UDIEF,MALE,0,yes,Yes,24,Month-to-month,Bank transfer (automatic),DSL,81.00,1923,No,Low/Medium,13-24 months
3460-TJBWI,MALE,0,yes,Yes,24,Two year,Mailed check,No,24.20,609,No,Low/Medium,13-24 months
3521-MNKLV,MALE,0,No,No,24,Month-to-month,Mailed check,DSL,49.70,1167,No,Low/Medium,13-24 months
3509-GWQGF,MALE,1,No,No,24,Month-to-month,Credit card (automatic),Fiber optic,70.00,1732,No,Low/Medium,13-24 months
3569-EDBPQ,FEMALE,0,No,No,24,Month-to-month,Electronic check,Fiber optic,84.35,1938,No,Low/Medium,13-24 months
3594-BDSOA,FEMALE,0,yes,No,24,One year,Credit card (automatic),No,20.40,482,No,Low/Medium,13-24 months
3896-ZVNET,FEMALE,0,yes,Yes,24,Two year,Mailed check,No,24.70,571,No,Low/Medium,13-24 months
3948-XHGNA,MALE,0,No,No,24,Month-to-month,Bank transfer (automatic),DSL,49.55,1210,Yes,Low/Medium,13-24 months
3723-BFBGR,MALE,1,No,No,24,Month-to-month,Credit card (automatic),DSL,54.80,1291,No,Low/Medium,13-24 months
3737-XBQDD,MALE,0,No,No,24,Month-to-month,Bank transfer (automatic),Fiber optic,84.85,2048,No,Low/Medium,13-24 months
3778-FOAQW,FEMALE,0,yes,No,24,One year,Mailed check,No,20.15,456,No,Low/Medium,13-24 months
5092-STPKP,FEMALE,0,No,No,24,Month-to-month,Credit card (automatic),DSL,56.35,1381,No,Low/Medium,13-24 months
4873-ILOLJ,MALE,0,No,No,24,Month-to-month,Electronic check,Fiber optic,90.35,2238,Yes,Low/Medium,13-24 months
5593-SUAOO,FEMALE,0,yes,Yes,24,One year,Bank transfer (automatic),Fiber optic,83.15,2033,No,Low/Medium,13-24 months
5474-LAMUQ,MALE,0,yes,No,24,One year,Mailed check,No,20.10,533,No,Low/Medium,13-24 months
5480-TBGPH,FEMALE,0,yes,No,24,Month-to-month,Credit card (automatic),Fiber optic,99.30,2431,Yes,Low/Medium,13-24 months
6038-GCYEC,FEMALE,0,No,No,24,Month-to-month,Credit card (automatic),DSL,54.15,1240,Yes,Low/Medium,13-24 months
6122-EFVKN,MALE,0,No,Yes,24,Two year,Mailed check,DSL,35.75,830,No,Low/Medium,13-24 months
6365-MTGZX,MALE,0,No,No,24,Month-to-month,Electronic check,Fiber optic,96.00,2122,Yes,Low/Medium,13-24 months
5666-CYCYZ,FEMALE,0,No,No,24,Month-to-month,Electronic check,Fiber optic,89.55,2259,No,Low/Medium,13-24 months
5789-LDFXO,MALE,0,No,No,24,One year,Electronic check,No,24.60,592,No,Low/Medium,13-24 months
5989-OMNJE,FEMALE,0,yes,Yes,24,One year,Electronic check,DSL,57.60,1367,No,Low/Medium,13-24 months
6614-VBEGU,FEMALE,0,yes,No,24,Month-to-month,Bank transfer (automatic),DSL,69.45,1614,No,Low/Medium,13-24 months
6620-HVDUJ,MALE,0,No,No,24,Month-to-month,Bank transfer (automatic),DSL,60.45,1440,No,Low/Medium,13-24 months
6527-PZFPV,MALE,0,yes,Yes,24,One year,Credit card (automatic),No,20.80,469,No,Low/Medium,13-24 months
6840-RESVB,MALE,0,yes,Yes,24,One year,Mailed check,DSL,84.80,1990,No,Low/Medium,13-24 months
6867-ACCZI,FEMALE,0,yes,Yes,24,Two year,Mailed check,DSL,52.50,1208,No,Low/Medium,13-24 months
6778-EICRF,MALE,0,yes,Yes,24,One year,Mailed check,DSL,74.80,1821,No,Low/Medium,13-24 months
6778-JFCMK,MALE,0,No,No,24,One year,Mailed check,DSL,50.60,1288,No,Low/Medium,13-24 months
6892-XPFPU,MALE,1,yes,No,24,Month-to-month,Electronic check,Fiber optic,104.25,2433,Yes,Low/Medium,13-24 months
7030-NJVDP,MALE,0,yes,No,24,Month-to-month,Electronic check,Fiber optic,89.25,2210,No,Low/Medium,13-24 months
7244-KXYZN,FEMALE,0,No,No,24,One year,Credit card (automatic),No,20.45,527,No,Low/Medium,13-24 months
7217-JYHOQ,MALE,0,yes,Yes,24,Month-to-month,Credit card (automatic),DSL,70.30,1706,No,Low/Medium,13-24 months
7079-QRCBC,FEMALE,0,No,No,24,Month-to-month,Electronic check,Fiber optic,98.75,2407,Yes,Low/Medium,13-24 months
7979-CORPM,MALE,0,No,No,24,Month-to-month,Credit card (automatic),Fiber optic,90.55,2282,Yes,Low/Medium,13-24 months
7901-IIDQV,MALE,0,No,No,24,One year,Bank transfer (automatic),DSL,54.60,1242,No,Low/Medium,13-24 months
7964-YESJC,FEMALE,0,yes,No,24,Month-to-month,Mailed check,DSL,66.30,1559,No,Low/Medium,13-24 months
7826-VVKWT,FEMALE,1,yes,Yes,24,Two year,Electronic check,Fiber optic,96.55,2263,No,Low/Medium,13-24 months
7619-ODSGN,MALE,0,yes,Yes,24,Month-to-month,Electronic check,DSL,54.75,1338,Yes,Low/Medium,13-24 months
7534-BFESC,MALE,1,No,No,24,Month-to-month,Electronic check,Fiber optic,76.10,1712,Yes,Low/Medium,13-24 months
7508-KBIMB,MALE,0,yes,Yes,24,One year,Credit card (automatic),DSL,56.25,1454,No,Low/Medium,13-24 months
7567-ECMCM,MALE,0,No,No,24,Month-to-month,Credit card (automatic),Fiber optic,79.85,2001,No,Low/Medium,13-24 months
7278-CKDNC,MALE,1,No,No,24,Month-to-month,Electronic check,Fiber optic,80.50,2088,No,Low/Medium,13-24 months
8565-CLBZW,MALE,0,No,No,24,Month-to-month,Mailed check,Fiber optic,89.85,2165,Yes,Low/Medium,13-24 months
8625-AZYZY,MALE,0,yes,No,24,Month-to-month,Electronic check,Fiber optic,104.65,2542,Yes,Low/Medium,13-24 months
8194-PEEBY,FEMALE,0,yes,Yes,24,One year,Mailed check,No,19.90,533,No,Low/Medium,13-24 months
8173-RXAYP,FEMALE,0,yes,Yes,24,Two year,Mailed check,No,19.70,452,No,Low/Medium,13-24 months
8155-IBNHG,FEMALE,0,yes,No,24,Month-to-month,Credit card (automatic),Fiber optic,75.40,1747,Yes,Low/Medium,13-24 months
8067-NIOYM,FEMALE,0,yes,Yes,24,Two year,Credit card (automatic),No,21.10,490,No,Low/Medium,13-24 months
8070-AAWZP,MALE,1,yes,No,24,Month-to-month,Mailed check,DSL,34.25,828,No,Low/Medium,13-24 months
8313-NDOIA,FEMALE,0,No,No,24,Month-to-month,Electronic check,Fiber optic,104.15,2494,No,Low/Medium,13-24 months
9058-MJLZC,FEMALE,0,No,No,24,Month-to-month,Electronic check,Fiber optic,94.60,2283,No,Low/Medium,13-24 months
9189-JWSHV,FEMALE,1,yes,No,24,Month-to-month,Electronic check,Fiber optic,93.55,2264,Yes,Low/Medium,13-24 months
9178-JHUVJ,MALE,0,yes,Yes,24,Two year,Bank transfer (automatic),No,24.10,587,No,Low/Medium,13-24 months
9143-CANJF,FEMALE,0,yes,Yes,24,Month-to-month,Electronic check,DSL,55.15,1319,No,Low/Medium,13-24 months
9357-UJRUN,MALE,0,yes,No,24,One year,Electronic check,DSL,58.35,1346,No,Low/Medium,13-24 months
9360-OMDZZ,MALE,0,No,No,24,Month-to-month,Electronic check,Fiber optic,94.10,2322,No,Low/Medium,13-24 months
9381-NDKME,FEMALE,1,yes,No,24,Month-to-month,Credit card (automatic),DSL,40.65,933,Yes,Low/Medium,13-24 months
9548-LERKT,MALE,0,yes,No,24,Two year,Mailed check,No,19.75,483,No,Low/Medium,13-24 months
9828-QHFBK,MALE,0,No,No,24,Month-to-month,Electronic check,DSL,51.15,1275,No,Low/Medium,13-24 months
2811-POVEX,FEMALE,1,yes,Yes,23,Month-to-month,Bank transfer (automatic),Fiber optic,88.45,2130,No,Low/Medium,13-24 months
2808-CHTDM,FEMALE,0,yes,Yes,23,Two year,Mailed check,No,25.10,611,No,Low/Medium,13-24 months
2504-DSHIH,MALE,1,yes,No,23,Month-to-month,Electronic check,Fiber optic,86.80,1975,No,Low/Medium,13-24 months
3178-CIFOT,FEMALE,0,No,No,23,One year,Credit card (automatic),No,19.65,478,No,Low/Medium,13-24 months
3082-YVEKW,FEMALE,0,yes,Yes,23,Two year,Bank transfer (automatic),DSL,77.15,1759,No,Low/Medium,13-24 months
2958-NHPPS,MALE,0,No,No,23,Month-to-month,Electronic check,No,20.85,473,No,Low/Medium,13-24 months
2985-FMWYF,FEMALE,0,No,No,23,Month-to-month,Electronic check,Fiber optic,93.50,2341,No,Low/Medium,13-24 months
3070-FNFZQ,FEMALE,0,yes,Yes,23,Two year,Bank transfer (automatic),No,20.40,478,No,Low/Medium,13-24 months
2474-LCNUE,FEMALE,0,yes,No,23,Month-to-month,Credit card (automatic),DSL,73.65,1642,No,Low/Medium,13-24 months
2294-SALNE,MALE,0,yes,Yes,23,One year,Mailed check,Fiber optic,86.80,1940,No,Low/Medium,13-24 months
2335-GSODA,MALE,0,No,Yes,23,Two year,Mailed check,DSL,40.10,857,No,Low/Medium,13-24 months
2322-VCZHZ,MALE,1,yes,No,23,Month-to-month,Electronic check,Fiber optic,90.00,2024,No,Low/Medium,13-24 months
2070-XYMFH,FEMALE,1,No,No,23,Month-to-month,Mailed check,Fiber optic,79.35,1835,No,Low/Medium,13-24 months
1982-FEBTD,FEMALE,0,yes,Yes,23,Two year,Credit card (automatic),No,25.60,514,No,Low/Medium,13-24 months
1261-FWTTE,MALE,1,No,No,23,Month-to-month,Bank transfer (automatic),DSL,34.65,768,No,Low/Medium,13-24 months
1360-RCYRT,MALE,0,yes,Yes,23,Month-to-month,Bank transfer (automatic),DSL,30.35,678,No,Low/Medium,13-24 months
1401-FTHFQ,MALE,0,yes,Yes,23,One year,Credit card (automatic),No,20.00,445,No,Low/Medium,13-24 months
1682-VCOIO,MALE,0,No,No,23,One year,Mailed check,No,20.45,481,No,Low/Medium,13-24 months
1684-FLBGS,FEMALE,0,yes,Yes,23,Month-to-month,Credit card (automatic),DSL,69.50,1652,No,Low/Medium,13-24 months
0895-LMRSF,MALE,0,No,No,23,One year,Bank transfer (automatic),DSL,64.90,1509,No,Low/Medium,13-24 months
1208-DNHLN,MALE,0,yes,Yes,23,One year,Credit card (automatic),DSL,48.35,1067,Yes,Low/Medium,13-24 months
1183-CANVH,FEMALE,0,yes,No,23,One year,Bank transfer (automatic),DSL,60.00,1347,No,Low/Medium,13-24 months
0634-SZPQA,FEMALE,0,No,No,23,Month-to-month,Bank transfer (automatic),Fiber optic,90.05,2169,Yes,Low/Medium,13-24 months
0696-UKTOX,MALE,0,No,Yes,23,Month-to-month,Electronic check,DSL,54.15,1312,No,Low/Medium,13-24 months
0461-CVKMU,FEMALE,0,yes,Yes,23,Month-to-month,Electronic check,Fiber optic,83.80,1900,Yes,Low/Medium,13-24 months
0489-WMEMG,FEMALE,0,No,Yes,23,One year,Electronic check,DSL,49.45,1119,No,Low/Medium,13-24 months
0027-KWYKW,FEMALE,0,yes,Yes,23,Month-to-month,Electronic check,Fiber optic,83.75,1849,No,Low/Medium,13-24 months
0354-VXMJC,MALE,0,yes,Yes,23,Two year,Credit card (automatic),No,19.60,426,No,Low/Medium,13-24 months
0376-YMCJC,MALE,0,No,No,23,Month-to-month,Electronic check,Fiber optic,90.60,1943,Yes,Low/Medium,13-24 months
0396-UKGAI,MALE,0,No,Yes,23,Month-to-month,Bank transfer (automatic),DSL,55.30,1284,No,Low/Medium,13-24 months
0320-JDNQG,MALE,0,yes,Yes,23,Month-to-month,Electronic check,Fiber optic,99.85,2331,Yes,Low/Medium,13-24 months
0269-XFESX,MALE,0,yes,Yes,23,One year,Mailed check,No,24.35,538,No,Low/Medium,13-24 months
5995-SNNEW,MALE,1,yes,No,23,Month-to-month,Electronic check,Fiber optic,104.45,2184,No,Low/Medium,13-24 months
5982-PSMKW,FEMALE,0,yes,Yes,23,Two year,Credit card (automatic),DSL,91.10,2198,No,Low/Medium,13-24 months
5876-QMYLD,FEMALE,0,yes,Yes,23,One year,Mailed check,No,20.05,415,No,Low/Medium,13-24 months
5934-TSSAU,FEMALE,0,yes,Yes,23,Month-to-month,Credit card (automatic),Fiber optic,75.30,1702,No,Low/Medium,13-24 months
5829-NVSQN,FEMALE,0,yes,No,23,One year,Bank transfer (automatic),DSL,68.75,1689,No,Low/Medium,13-24 months
6243-OZGFH,FEMALE,0,No,No,23,Month-to-month,Electronic check,DSL,44.95,996,No,Low/Medium,13-24 months
6242-MBHPK,FEMALE,1,yes,No,23,Month-to-month,Electronic check,Fiber optic,95.10,2326,No,Low/Medium,13-24 months
6288-LBEAR,FEMALE,0,No,No,23,Month-to-month,Mailed check,Fiber optic,79.10,1783,No,Low/Medium,13-24 months
6082-OQFBA,MALE,0,yes,Yes,23,One year,Mailed check,No,19.65,436,No,Low/Medium,13-24 months
6064-PUPMC,MALE,0,yes,Yes,23,One year,Credit card (automatic),DSL,57.20,1423,No,Low/Medium,13-24 months
5016-IBERQ,MALE,0,yes,No,23,Month-to-month,Electronic check,Fiber optic,84.25,1968,No,Low/Medium,13-24 months
3858-VOBET,MALE,0,No,No,23,Month-to-month,Electronic check,Fiber optic,74.95,1710,Yes,Low/Medium,13-24 months
3934-HXCFZ,MALE,0,yes,No,23,Month-to-month,Electronic check,Fiber optic,99.25,2186,Yes,Low/Medium,13-24 months
3956-CJUST,FEMALE,1,No,No,23,Month-to-month,Bank transfer (automatic),Fiber optic,75.40,1643,No,Low/Medium,13-24 months
3511-APPBJ,MALE,0,No,No,23,One year,Credit card (automatic),Fiber optic,99.95,2292,No,Low/Medium,13-24 months
3323-CPBWR,MALE,0,No,No,23,Month-to-month,Credit card (automatic),Fiber optic,96.90,2085,No,Low/Medium,13-24 months
3389-KTRXV,FEMALE,0,yes,Yes,23,Two year,Mailed check,No,23.85,625,No,Low/Medium,13-24 months
3298-QEICA,FEMALE,0,yes,Yes,23,Two year,Mailed check,DSL,34.60,813,No,Low/Medium,13-24 months
4391-RESHN,MALE,0,No,No,23,Month-to-month,Mailed check,Fiber optic,104.05,2470,Yes,Low/Medium,13-24 months
4500-HKANN,MALE,0,yes,Yes,23,Two year,Mailed check,DSL,59.70,1414,No,Low/Medium,13-24 months
4816-LXZYW,FEMALE,0,No,No,23,Month-to-month,Electronic check,Fiber optic,79.15,1676,Yes,Low/Medium,13-24 months
6419-ZTTLE,MALE,1,yes,No,23,One year,Electronic check,No,20.75,485,No,Low/Medium,13-24 months
6475-VHUIZ,FEMALE,0,yes,No,23,Month-to-month,Electronic check,DSL,54.25,1221,No,Low/Medium,13-24 months
9391-TTOYH,FEMALE,0,No,No,23,Month-to-month,Mailed check,No,19.50,470,No,Low/Medium,13-24 months
9347-AERRL,MALE,0,yes,No,23,One year,Credit card (automatic),No,19.30,486,No,Low/Medium,13-24 months
9330-DHBFL,FEMALE,0,yes,Yes,23,One year,Mailed check,DSL,66.25,1533,No,Low/Medium,13-24 months
9133-AYJZG,FEMALE,0,No,No,23,Month-to-month,Credit card (automatic),Fiber optic,98.70,2249,No,Low/Medium,13-24 months
9069-LGEUL,MALE,0,yes,No,23,Month-to-month,Bank transfer (automatic),DSL,59.95,1406,No,Low/Medium,13-24 months
9099-FTUHS,FEMALE,0,No,No,23,Month-to-month,Electronic check,DSL,54.40,1249,No,Low/Medium,13-24 months
8970-ANWXO,FEMALE,0,No,No,23,One year,Mailed check,DSL,73.75,1756,No,Low/Medium,13-24 months
8328-SKJNO,MALE,0,No,Yes,23,One year,Bank transfer (automatic),DSL,40.65,947,No,Low/Medium,13-24 months
8143-ETQTI,FEMALE,0,yes,Yes,23,Two year,Mailed check,No,19.65,451,No,Low/Medium,13-24 months
8118-LSUEL,MALE,1,No,No,23,Month-to-month,Electronic check,Fiber optic,106.40,2483,Yes,Low/Medium,13-24 months
8204-TIFGJ,FEMALE,0,No,No,23,Month-to-month,Bank transfer (automatic),No,20.30,470,No,Low/Medium,13-24 months
7299-GNVPL,FEMALE,0,yes,Yes,23,Month-to-month,Mailed check,Fiber optic,84.40,1936,No,Low/Medium,13-24 months
7811-JIVPF,FEMALE,0,No,No,23,Month-to-month,Credit card (automatic),DSL,49.70,1081,No,Low/Medium,13-24 months
7850-VWJUU,FEMALE,0,No,No,23,Month-to-month,Bank transfer (automatic),Fiber optic,75.00,1778,No,Low/Medium,13-24 months
7673-LPRNY,FEMALE,0,No,No,23,One year,Electronic check,DSL,78.55,1843,No,Low/Medium,13-24 months
7703-ZEKEF,MALE,0,No,No,23,Month-to-month,Electronic check,Fiber optic,81.00,1917,Yes,Low/Medium,13-24 months
7892-QVYKW,FEMALE,0,yes,Yes,23,Month-to-month,Electronic check,Fiber optic,85.60,1868,No,Low/Medium,13-24 months
8017-LXHFA,FEMALE,1,No,No,23,Month-to-month,Electronic check,Fiber optic,94.75,2293,Yes,Low/Medium,13-24 months
7137-NAXML,MALE,0,No,No,23,One year,Bank transfer (automatic),No,20.15,405,No,Low/Medium,13-24 months
6923-AQONU,MALE,0,yes,Yes,23,Two year,Mailed check,No,20.90,454,No,Low/Medium,13-24 months
6825-UYPFK,FEMALE,0,No,No,23,Month-to-month,Bank transfer (automatic),Fiber optic,75.60,1758,Yes,Low/Medium,13-24 months
6510-UPNKS,FEMALE,0,No,No,23,One year,Credit card (automatic),No,24.80,615,No,Low/Medium,13-24 months
6507-ZJSUR,MALE,1,yes,No,23,Month-to-month,Electronic check,Fiber optic,90.45,2117,No,Low/Medium,13-24 months
6543-JXSOO,FEMALE,0,yes,Yes,23,One year,Mailed check,DSL,57.75,1282,No,Low/Medium,13-24 months
6617-WLBQC,FEMALE,0,yes,Yes,23,One year,Credit card (automatic),Fiber optic,81.85,1810,No,Low/Medium,13-24 months
6633-SYEUS,FEMALE,0,No,No,23,Month-to-month,Bank transfer (automatic),Fiber optic,83.20,2032,No,Low/Medium,13-24 months
9793-WECQC,MALE,0,No,No,23,Month-to-month,Mailed check,Fiber optic,95.30,2192,No,Low/Medium,13-24 months
9801-NOSHQ,MALE,0,No,Yes,23,One year,Mailed check,No,19.80,465,No,Low/Medium,13-24 months
9894-QMIMJ,FEMALE,0,No,No,23,One year,Bank transfer (automatic),DSL,55.80,1327,No,Low/Medium,13-24 months
9921-QFQUL,FEMALE,0,yes,No,23,Month-to-month,Mailed check,Fiber optic,90.15,2044,No,Low/Medium,13-24 months
0377-JBKKT,MALE,0,yes,Yes,22,Month-to-month,Mailed check,DSL,57.95,1271,No,Low/Medium,13-24 months
0156-FVPTA,MALE,0,yes,No,22,Month-to-month,Electronic check,DSL,54.20,1152,Yes,Low/Medium,13-24 months
0212-ISBBF,FEMALE,0,No,No,22,Month-to-month,Electronic check,DSL,50.35,1098,No,Low/Medium,13-24 months
0428-IKYCP,MALE,0,yes,No,22,Month-to-month,Bank transfer (automatic),Fiber optic,87.00,1850,No,Low/Medium,13-24 months
0578-SKVMF,FEMALE,0,yes,Yes,22,Month-to-month,Electronic check,Fiber optic,83.30,1845,Yes,Low/Medium,13-24 months
0628-CNQRM,MALE,0,yes,Yes,22,One year,Bank transfer (automatic),DSL,67.50,1544,Yes,Low/Medium,13-24 months
0661-WCQNQ,MALE,0,yes,No,22,One year,Credit card (automatic),DSL,56.25,1292,No,Low/Medium,13-24 months
0921-OHLVP,MALE,0,No,No,22,Month-to-month,Electronic check,Fiber optic,83.05,1799,No,Low/Medium,13-24 months
1452-KIOVK,MALE,0,No,Yes,22,Month-to-month,Credit card (automatic),Fiber optic,89.10,1949,No,Low/Medium,13-24 months
1431-CYWMH,FEMALE,0,yes,Yes,22,Month-to-month,Bank transfer (automatic),No,19.05,454,No,Low/Medium,13-24 months
1353-GHZOS,MALE,0,yes,No,22,One year,Bank transfer (automatic),DSL,59.75,1374,No,Low/Medium,13-24 months
1956-YIFGE,MALE,0,yes,Yes,22,One year,Mailed check,Fiber optic,100.05,2090,No,Low/Medium,13-24 months
2087-QAREY,FEMALE,0,yes,No,22,Month-to-month,Mailed check,DSL,54.70,1178,No,Low/Medium,13-24 months
1845-CSBRZ,FEMALE,1,yes,Yes,22,Month-to-month,Bank transfer (automatic),Fiber optic,85.35,1961,No,Low/Medium,13-24 months
1902-XBTFB,MALE,0,No,Yes,22,Month-to-month,Electronic check,Fiber optic,89.40,2001,Yes,Low/Medium,13-24 months
1894-IGFSG,FEMALE,0,No,No,22,Month-to-month,Electronic check,Fiber optic,89.25,1907,Yes,Low/Medium,13-24 months
1852-XEMDW,MALE,0,No,No,22,Month-to-month,Mailed check,DSL,65.05,1427,No,Low/Medium,13-24 months
1754-GKYPY,MALE,1,yes,No,22,Month-to-month,Bank transfer (automatic),Fiber optic,89.75,1938,No,Low/Medium,13-24 months
2433-KMEAS,MALE,0,No,No,22,Month-to-month,Electronic check,DSL,54.45,1127,Yes,Low/Medium,13-24 months
2436-QBZFP,FEMALE,0,yes,Yes,22,Month-to-month,Electronic check,DSL,39.20,849,No,Low/Medium,13-24 months
2189-UXTKY,FEMALE,0,yes,No,22,Month-to-month,Electronic check,DSL,79.20,1742,Yes,Low/Medium,13-24 months
2178-PMGCJ,MALE,0,No,No,22,Month-to-month,Mailed check,Fiber optic,69.70,1490,No,Low/Medium,13-24 months
2150-UWTFY,FEMALE,0,yes,Yes,22,Month-to-month,Mailed check,DSL,61.15,1422,Yes,Low/Medium,13-24 months
2978-XXSOG,FEMALE,0,No,No,22,Month-to-month,Mailed check,DSL,59.05,1253,No,Low/Medium,13-24 months
3125-RAHBV,MALE,0,No,No,22,One year,Credit card (automatic),No,20.30,467,No,Low/Medium,13-24 months
2582-FFFZR,FEMALE,0,No,No,22,Month-to-month,Electronic check,DSL,50.60,1073,No,Low/Medium,13-24 months
2682-KEVRP,FEMALE,1,No,No,22,One year,Mailed check,No,20.05,417,No,Low/Medium,13-24 months
2749-CTKAJ,MALE,0,yes,Yes,22,One year,Mailed check,No,20.15,419,No,Low/Medium,13-24 months
4824-GUCBY,FEMALE,1,No,No,22,Month-to-month,Electronic check,Fiber optic,81.70,1820,No,Low/Medium,13-24 months
4704-ERYFC,FEMALE,0,yes,No,22,Month-to-month,Electronic check,Fiber optic,69.25,1554,Yes,Low/Medium,13-24 months
4576-CSAJH,MALE,0,No,No,22,One year,Credit card (automatic),DSL,55.15,1193,Yes,Low/Medium,13-24 months
4623-ZKHLY,MALE,0,yes,No,22,Month-to-month,Bank transfer (automatic),No,20.45,471,No,Low/Medium,13-24 months
4632-PAOYU,MALE,0,yes,Yes,22,One year,Mailed check,No,19.95,433,No,Low/Medium,13-24 months
4391-LNRXK,MALE,0,No,No,22,Month-to-month,Bank transfer (automatic),Fiber optic,94.95,2142,No,Low/Medium,13-24 months
4124-MMETB,MALE,0,No,No,22,Month-to-month,Credit card (automatic),Fiber optic,94.65,2104,Yes,Low/Medium,13-24 months
3402-XRIUO,FEMALE,1,yes,No,22,Month-to-month,Mailed check,DSL,63.55,1381,No,Low/Medium,13-24 months
3523-QRQLL,FEMALE,0,yes,Yes,22,One year,Bank transfer (automatic),DSL,69.50,1498,Yes,Low/Medium,13-24 months
3530-VWVGU,FEMALE,0,yes,Yes,22,Month-to-month,Mailed check,No,19.90,400,No,Low/Medium,13-24 months
3647-GMGDH,MALE,0,yes,No,22,Month-to-month,Credit card (automatic),Fiber optic,94.70,1914,Yes,Low/Medium,13-24 months
4018-KJYUY,MALE,0,No,Yes,22,Month-to-month,Credit card (automatic),No,20.15,432,No,Low/Medium,13-24 months
3733-ZEECP,MALE,0,yes,Yes,22,Month-to-month,Electronic check,DSL,51.10,1232,No,Low/Medium,13-24 months
4883-KCPZJ,FEMALE,0,yes,Yes,22,Two year,Credit card (automatic),No,25.25,555,No,Low/Medium,13-24 months
4950-HKQTE,FEMALE,0,No,No,22,Two year,Mailed check,No,26.25,605,No,Low/Medium,13-24 months
5175-WLYXL,MALE,0,No,No,22,Month-to-month,Mailed check,Fiber optic,78.85,1600,No,Low/Medium,13-24 months
5180-UCIIQ,MALE,1,yes,Yes,22,Month-to-month,Mailed check,DSL,40.05,880,Yes,Low/Medium,13-24 months
5482-VXSXJ,MALE,0,No,No,22,Month-to-month,Mailed check,Fiber optic,93.20,2157,No,Low/Medium,13-24 months
5445-GLVOT,FEMALE,0,No,No,22,Month-to-month,Electronic check,DSL,49.80,1049,No,Low/Medium,13-24 months
5590-BYNII,MALE,0,No,No,22,Month-to-month,Electronic check,Fiber optic,100.75,2095,Yes,Low/Medium,13-24 months
5572-ZDXHY,FEMALE,0,No,No,22,Month-to-month,Mailed check,Fiber optic,84.30,1855,Yes,Low/Medium,13-24 months
5382-SOYZL,MALE,0,No,No,22,Month-to-month,Electronic check,Fiber optic,95.10,2162,No,Low/Medium,13-24 months
6072-NUQCB,MALE,0,yes,Yes,22,One year,Bank transfer (automatic),No,20.25,488,No,Low/Medium,13-24 months
6214-EDAKZ,FEMALE,0,yes,Yes,22,Month-to-month,Electronic check,DSL,55.15,1206,Yes,Low/Medium,13-24 months
6202-DYYFX,FEMALE,0,No,No,22,One year,Credit card (automatic),Fiber optic,76.00,1783,No,Low/Medium,13-24 months
6284-AHOOQ,MALE,1,No,No,22,Month-to-month,Bank transfer (automatic),Fiber optic,90.50,1910,Yes,Low/Medium,13-24 months
6298-QDFNH,MALE,0,No,No,22,Month-to-month,Electronic check,Fiber optic,79.35,1730,Yes,Low/Medium,13-24 months
6234-PFPXL,MALE,0,yes,No,22,Month-to-month,Credit card (automatic),Fiber optic,95.90,2234,No,Low/Medium,13-24 months
5760-WRAHC,FEMALE,1,No,No,22,Month-to-month,Mailed check,DSL,69.75,1545,No,Low/Medium,13-24 months
5934-RMPOV,FEMALE,0,No,Yes,22,Month-to-month,Electronic check,Fiber optic,84.75,1816,No,Low/Medium,13-24 months
5847-MXBEO,MALE,0,No,No,22,One year,Mailed check,No,20.30,475,No,Low/Medium,13-24 months
9779-DPNEJ,FEMALE,0,yes,Yes,22,Month-to-month,Electronic check,Fiber optic,80.15,1790,No,Low/Medium,13-24 months
6518-KZXCB,MALE,0,No,No,22,Two year,Mailed check,No,25.25,566,No,Low/Medium,13-24 months
7184-LRUUR,FEMALE,0,No,No,22,One year,Bank transfer (automatic),DSL,65.25,1441,No,Low/Medium,13-24 months
7163-OCEQI,MALE,0,yes,Yes,22,One year,Mailed check,DSL,78.65,1663,No,Low/Medium,13-24 months
8022-BECSI,MALE,0,No,No,22,One year,Mailed check,No,19.60,422,No,Low/Medium,13-24 months
8050-WYBND,FEMALE,0,No,Yes,22,One year,Credit card (automatic),DSL,49.45,1031,No,Low/Medium,13-24 months
7854-EDSSA,MALE,0,No,No,22,Month-to-month,Electronic check,DSL,59.00,1254,Yes,Low/Medium,13-24 months
7771-ZONAT,MALE,0,No,No,22,Two year,Bank transfer (automatic),DSL,56.75,1304,No,Low/Medium,13-24 months
7277-OZCGZ,FEMALE,0,No,No,22,Month-to-month,Electronic check,Fiber optic,89.05,1886,No,Low/Medium,13-24 months
7270-BDIOA,FEMALE,0,No,No,22,Month-to-month,Electronic check,Fiber optic,90.00,1993,Yes,Low/Medium,13-24 months
7392-YYPYJ,MALE,0,No,No,22,Month-to-month,Electronic check,Fiber optic,100.65,2415,No,Low/Medium,13-24 months
7639-SUPCW,FEMALE,0,No,No,22,Month-to-month,Credit card (automatic),DSL,48.80,1054,Yes,Low/Medium,13-24 months
7611-YKYTC,MALE,0,yes,Yes,22,Month-to-month,Bank transfer (automatic),Fiber optic,75.00,1573,No,Low/Medium,13-24 months
8205-OTCHB,MALE,0,No,No,22,One year,Bank transfer (automatic),DSL,43.75,903,Yes,Low/Medium,13-24 months
8212-CRQXP,FEMALE,0,yes,No,22,Month-to-month,Credit card (automatic),Fiber optic,80.00,1706,No,Low/Medium,13-24 months
8429-XIBUM,MALE,0,No,No,22,Month-to-month,Bank transfer (automatic),Fiber optic,101.35,2317,Yes,Low/Medium,13-24 months
8467-WYNSR,MALE,0,No,No,22,Month-to-month,Mailed check,DSL,55.10,1253,No,Low/Medium,13-24 months
8685-WHQPW,FEMALE,1,No,No,22,Month-to-month,Bank transfer (automatic),Fiber optic,74.40,1692,Yes,Low/Medium,13-24 months
8595-SIZNC,FEMALE,1,yes,No,22,One year,Bank transfer (automatic),No,25.60,548,No,Low/Medium,13-24 months
8966-OIQHG,FEMALE,0,yes,Yes,22,One year,Bank transfer (automatic),No,20.75,452,No,Low/Medium,13-24 months
8963-MQVYN,FEMALE,0,No,Yes,22,Month-to-month,Electronic check,No,20.55,469,No,Low/Medium,13-24 months
9092-GDZKO,MALE,0,No,No,22,Month-to-month,Credit card (automatic),No,24.85,493,No,Low/Medium,13-24 months
9054-FOWNV,MALE,0,yes,Yes,22,Month-to-month,Electronic check,Fiber optic,88.75,1885,No,Low/Medium,13-24 months
9167-APMXZ,FEMALE,0,No,No,22,Month-to-month,Bank transfer (automatic),Fiber optic,84.15,1821,No,Low/Medium,13-24 months
9617-UDPEU,FEMALE,0,No,No,22,One year,Mailed check,No,19.25,412,No,Low/Medium,13-24 months
9746-UGFAC,FEMALE,0,No,No,22,One year,Bank transfer (automatic),No,20.85,450,No,Low/Medium,13-24 months
9927-DSWDF,MALE,0,yes,No,22,Month-to-month,Electronic check,Fiber optic,104.60,2180,No,Low/Medium,13-24 months
9992-RRAMN,MALE,0,yes,No,22,Month-to-month,Electronic check,Fiber optic,85.10,1873,Yes,Low/Medium,13-24 months
9867-NNXLC,FEMALE,0,No,No,22,Month-to-month,Mailed check,No,20.05,470,No,Low/Medium,13-24 months
9800-ONTFE,FEMALE,0,yes,Yes,22,Month-to-month,Bank transfer (automatic),Fiber optic,75.80,1615,No,Low/Medium,13-24 months
9809-IMGCQ,MALE,1,No,No,22,Month-to-month,Electronic check,Fiber optic,96.70,2082,Yes,Low/Medium,13-24 months
2782-JEEBU,MALE,0,No,No,21,Month-to-month,Mailed check,DSL,36.00,780,No,Low/Medium,13-24 months
3179-GBRWV,MALE,1,yes,No,21,Month-to-month,Bank transfer (automatic),DSL,64.95,1339,No,Low/Medium,13-24 months
2898-LSJGD,FEMALE,0,yes,Yes,21,One year,Electronic check,DSL,55.95,1157,Yes,Low/Medium,13-24 months
2999-AANRQ,FEMALE,0,No,No,21,Two year,Credit card (automatic),DSL,71.05,1524,No,Low/Medium,13-24 months
2227-JRSJX,FEMALE,0,No,No,21,Month-to-month,Bank transfer (automatic),Fiber optic,99.15,1956,No,Low/Medium,13-24 months
1866-ZSLJM,MALE,0,No,No,21,Month-to-month,Credit card (automatic),No,20.50,402,No,Low/Medium,13-24 months
2057-ZBLPD,FEMALE,0,yes,No,21,Month-to-month,Electronic check,Fiber optic,86.50,1808,Yes,Low/Medium,13-24 months
1930-BZLHI,MALE,0,No,No,21,One year,Mailed check,No,20.35,422,No,Low/Medium,13-24 months
1396-QWFBJ,FEMALE,0,yes,Yes,21,Month-to-month,Bank transfer (automatic),Fiber optic,74.05,1565,Yes,Low/Medium,13-24 months
1309-BXVOQ,MALE,0,yes,No,21,Month-to-month,Electronic check,Fiber optic,106.10,2249,Yes,Low/Medium,13-24 months
1228-ZLNBX,MALE,0,No,No,21,Month-to-month,Mailed check,Fiber optic,75.30,1570,No,Low/Medium,13-24 months
0654-HMSHN,MALE,0,yes,Yes,21,Month-to-month,Electronic check,Fiber optic,104.40,2157,Yes,Low/Medium,13-24 months
0668-OGMHD,FEMALE,0,yes,No,21,Month-to-month,Electronic check,DSL,28.50,629,No,Low/Medium,13-24 months
0682-USIXD,FEMALE,0,yes,No,21,Month-to-month,Electronic check,Fiber optic,86.05,1818,No,Low/Medium,13-24 months
0623-IIHUG,FEMALE,1,No,No,21,Month-to-month,Electronic check,DSL,41.90,840,Yes,Low/Medium,13-24 months
0491-KAPQG,MALE,0,No,No,21,Month-to-month,Electronic check,Fiber optic,73.70,1558,No,Low/Medium,13-24 months
0115-TFERT,MALE,0,yes,No,21,Month-to-month,Electronic check,Fiber optic,111.20,2317,Yes,Low/Medium,13-24 months
5956-YHHRX,MALE,1,No,No,21,Month-to-month,Electronic check,Fiber optic,104.35,2271,No,Low/Medium,13-24 months
5837-LXSDN,FEMALE,0,yes,Yes,21,One year,Credit card (automatic),DSL,58.85,1215,No,Low/Medium,13-24 months
5372-FBKBN,FEMALE,0,No,Yes,21,Month-to-month,Mailed check,No,20.75,452,No,Low/Medium,13-24 months
5628-FCGYG,MALE,0,No,No,21,Month-to-month,Electronic check,Fiber optic,84.10,1737,No,Low/Medium,13-24 months
5519-YLDGW,FEMALE,0,yes,No,21,Month-to-month,Electronic check,Fiber optic,103.90,2254,Yes,Low/Medium,13-24 months
5149-TGWDZ,FEMALE,0,No,No,21,One year,Mailed check,Fiber optic,104.55,2239,No,Low/Medium,13-24 months
3744-ZRRDZ,MALE,0,No,No,21,Month-to-month,Electronic check,Fiber optic,82.35,1852,Yes,Low/Medium,13-24 months
3703-TTEPD,MALE,0,No,No,21,Month-to-month,Bank transfer (automatic),DSL,65.35,1424,No,Low/Medium,13-24 months
3787-TRIAL,MALE,0,yes,Yes,21,Month-to-month,Electronic check,DSL,26.05,565,No,Low/Medium,13-24 months
4012-ZTHBR,FEMALE,0,yes,Yes,21,Month-to-month,Electronic check,DSL,44.95,926,No,Low/Medium,13-24 months
3623-FQBOX,MALE,0,No,No,21,Month-to-month,Mailed check,No,19.95,416,No,Low/Medium,13-24 months
3398-ZOUAA,MALE,1,yes,No,21,Month-to-month,Electronic check,Fiber optic,69.10,1474,Yes,Low/Medium,13-24 months
3470-BTGQO,MALE,0,No,Yes,21,Month-to-month,Mailed check,DSL,45.65,985,No,Low/Medium,13-24 months
3486-KHMLI,MALE,0,No,Yes,21,Month-to-month,Mailed check,No,24.70,467,No,Low/Medium,13-24 months
4094-NSEDU,FEMALE,1,No,No,21,Month-to-month,Electronic check,Fiber optic,94.25,1973,Yes,Low/Medium,13-24 months
4183-MYFRB,FEMALE,0,No,No,21,Month-to-month,Electronic check,Fiber optic,90.05,1862,No,Low/Medium,13-24 months
4223-BKEOR,FEMALE,0,No,Yes,21,One year,Mailed check,DSL,64.85,1336,No,Low/Medium,13-24 months
4338-EYCER,MALE,0,yes,No,21,Month-to-month,Bank transfer (automatic),DSL,54.60,1125,No,Low/Medium,13-24 months
4423-YLHDV,FEMALE,0,yes,No,21,Month-to-month,Bank transfer (automatic),Fiber optic,104.40,2200,Yes,Low/Medium,13-24 months
4658-HCOHW,FEMALE,0,yes,Yes,21,Month-to-month,Electronic check,Fiber optic,102.80,2110,Yes,Low/Medium,13-24 months
4700-UBQMV,MALE,0,yes,Yes,21,One year,Bank transfer (automatic),DSL,75.90,1549,No,Low/Medium,13-24 months
4703-MQYKT,MALE,0,No,No,21,Two year,Mailed check,No,19.60,390,No,Low/Medium,13-24 months
4692-NNQRU,FEMALE,0,yes,No,21,One year,Electronic check,Fiber optic,79.20,1742,No,Low/Medium,13-24 months
4686-UXDML,FEMALE,0,No,No,21,Month-to-month,Credit card (automatic),Fiber optic,99.85,1992,No,Low/Medium,13-24 months
9236-NDUCW,FEMALE,0,No,No,21,Two year,Mailed check,DSL,35.10,770,No,Low/Medium,13-24 months
9279-CJEOJ,FEMALE,1,No,No,21,Month-to-month,Bank transfer (automatic),Fiber optic,95.40,2025,No,Low/Medium,13-24 months
8992-OBVDG,MALE,0,No,No,21,Month-to-month,Mailed check,DSL,61.65,1393,No,Low/Medium,13-24 months
8559-CIZFV,MALE,0,yes,Yes,21,One year,Mailed check,DSL,77.50,1625,Yes,Low/Medium,13-24 months
8706-HRADD,MALE,0,No,No,21,Month-to-month,Mailed check,DSL,43.55,1011,No,Low/Medium,13-24 months
8908-SLFCJ,FEMALE,0,No,No,21,Two year,Credit card (automatic),No,20.85,435,No,Low/Medium,13-24 months
8779-YIQQA,MALE,0,yes,Yes,21,One year,Mailed check,No,19.80,350,No,Low/Medium,13-24 months
8746-BFOAJ,MALE,1,No,No,21,One year,Bank transfer (automatic),No,20.50,429,No,Low/Medium,13-24 months
8399-YNDCH,MALE,1,No,No,21,Month-to-month,Bank transfer (automatic),DSL,60.05,1236,Yes,Low/Medium,13-24 months
8220-OCUFY,FEMALE,0,No,No,21,One year,Electronic check,DSL,60.25,1258,No,Low/Medium,13-24 months
8200-KLNYW,FEMALE,0,yes,No,21,One year,Mailed check,DSL,80.90,1714,No,Low/Medium,13-24 months
7658-UYUQS,MALE,1,yes,No,21,Month-to-month,Bank transfer (automatic),Fiber optic,86.55,1857,No,Low/Medium,13-24 months
7855-DIWPO,FEMALE,0,No,No,21,Month-to-month,Electronic check,Fiber optic,68.65,1493,No,Low/Medium,13-24 months
7969-AULMZ,FEMALE,0,No,No,21,Month-to-month,Electronic check,Fiber optic,97.35,2119,Yes,Low/Medium,13-24 months
7977-HXJKU,MALE,0,No,Yes,21,Two year,Mailed check,No,19.60,397,No,Low/Medium,13-24 months
7964-VEXDG,MALE,0,No,Yes,21,Month-to-month,Electronic check,Fiber optic,80.35,1747,No,Low/Medium,13-24 months
7181-OQCUT,MALE,0,No,No,21,Month-to-month,Mailed check,Fiber optic,103.85,2215,No,Low/Medium,13-24 months
7108-DGVUU,FEMALE,1,yes,No,21,One year,Bank transfer (automatic),DSL,71.70,1497,No,Low/Medium,13-24 months
7047-YXDMZ,MALE,0,No,No,21,Month-to-month,Mailed check,No,20.00,417,No,Low/Medium,13-24 months
9867-XOBQA,FEMALE,0,No,Yes,21,Two year,Mailed check,DSL,53.15,1183,No,Low/Medium,13-24 months
9961-JBNMK,MALE,1,No,No,21,Month-to-month,Bank transfer (automatic),Fiber optic,96.80,2030,Yes,Low/Medium,13-24 months
9919-KNPOO,FEMALE,0,yes,No,21,Month-to-month,Electronic check,Fiber optic,94.30,1948,No,Low/Medium,13-24 months
0056-EPFBG,MALE,0,yes,Yes,20,Two year,Credit card (automatic),DSL,39.40,825,No,Low/Medium,13-24 months
0384-RVBPI,MALE,0,No,No,20,Month-to-month,Credit card (automatic),DSL,64.40,1398,No,Low/Medium,13-24 months
0519-DRGTI,FEMALE,0,yes,Yes,20,Month-to-month,Mailed check,No,20.35,442,No,Low/Medium,13-24 months
0611-DFXKO,MALE,0,yes,No,20,Month-to-month,Mailed check,Fiber optic,89.00,1820,Yes,Low/Medium,13-24 months
0599-XNYDO,FEMALE,0,yes,No,20,Month-to-month,Bank transfer (automatic),Fiber optic,69.80,1540,No,Low/Medium,13-24 months
0564-MUUQK,FEMALE,0,yes,Yes,20,Month-to-month,Bank transfer (automatic),Fiber optic,95.50,1916,No,Low/Medium,13-24 months
0829-XXPLX,FEMALE,0,No,No,20,Month-to-month,Bank transfer (automatic),Fiber optic,89.40,1871,No,Low/Medium,13-24 months
1223-UNPKS,MALE,0,yes,Yes,20,Two year,Mailed check,No,20.05,400,No,Low/Medium,13-24 months
1208-NBVFH,MALE,0,yes,Yes,20,Month-to-month,Electronic check,DSL,49.60,939,No,Low/Medium,13-24 months
1047-NNCBF,MALE,0,No,No,20,Month-to-month,Credit card (automatic),Fiber optic,70.55,1493,No,Low/Medium,13-24 months
0867-MKZVY,FEMALE,0,yes,No,20,Month-to-month,Electronic check,Fiber optic,82.40,1592,Yes,Low/Medium,13-24 months
0947-MUGVO,MALE,1,yes,No,20,Month-to-month,Electronic check,Fiber optic,73.65,1463,Yes,Low/Medium,13-24 months
1302-UHBDD,MALE,1,No,No,20,Month-to-month,Electronic check,Fiber optic,89.95,1648,No,Low/Medium,13-24 months
1389-WNUIB,FEMALE,0,yes,Yes,20,One year,Bank transfer (automatic),DSL,76.00,1588,No,Low/Medium,13-24 months
1626-ERCMM,MALE,1,yes,No,20,Month-to-month,Electronic check,Fiber optic,94.55,1899,Yes,Low/Medium,13-24 months
1964-SVLEA,MALE,0,No,No,20,One year,Mailed check,No,19.70,415,No,Low/Medium,13-24 months
1891-UAWWU,FEMALE,1,yes,No,20,Month-to-month,Electronic check,Fiber optic,90.80,1951,Yes,Low/Medium,13-24 months
1840-BIUOG,MALE,0,No,No,20,One year,Electronic check,DSL,68.70,1416,No,Low/Medium,13-24 months
2249-YPRNG,FEMALE,0,yes,Yes,20,Month-to-month,Bank transfer (automatic),Fiber optic,105.85,2239,Yes,Low/Medium,13-24 months
2243-FNMMI,MALE,0,No,No,20,Month-to-month,Mailed check,No,19.40,415,No,Low/Medium,13-24 months
2164-SOQXL,FEMALE,0,yes,Yes,20,Month-to-month,Mailed check,No,20.05,406,No,Low/Medium,13-24 months
2466-FCCPT,FEMALE,0,yes,Yes,20,One year,Bank transfer (automatic),No,19.70,395,No,Low/Medium,13-24 months
2320-TZRRH,FEMALE,0,No,No,20,One year,Mailed check,No,19.50,403,No,Low/Medium,13-24 months
3211-AAPKX,MALE,0,No,No,20,Month-to-month,Mailed check,Fiber optic,98.55,2031,No,Low/Medium,13-24 months
2860-RANUS,FEMALE,1,No,No,20,Month-to-month,Credit card (automatic),Fiber optic,85.80,1727,Yes,Low/Medium,13-24 months
2604-IJPDU,FEMALE,0,yes,No,20,Month-to-month,Electronic check,Fiber optic,96.55,1901,No,Low/Medium,13-24 months
4716-HHKQH,MALE,1,yes,No,20,Month-to-month,Electronic check,Fiber optic,107.05,2172,No,Low/Medium,13-24 months
4712-UYOOI,FEMALE,0,yes,Yes,20,Month-to-month,Electronic check,No,20.00,417,No,Low/Medium,13-24 months
4827-USJHP,MALE,0,No,No,20,Month-to-month,Mailed check,DSL,51.80,1023,No,Low/Medium,13-24 months
4818-QIUFN,FEMALE,1,No,No,20,Month-to-month,Electronic check,Fiber optic,79.15,1520,Yes,Low/Medium,13-24 months
4619-EVPHY,FEMALE,1,yes,No,20,One year,Bank transfer (automatic),Fiber optic,91.00,1859,No,Low/Medium,13-24 months
4612-SSVHJ,FEMALE,1,No,No,20,Month-to-month,Electronic check,Fiber optic,81.45,1671,No,Low/Medium,13-24 months
4425-OWHWB,FEMALE,0,No,No,20,One year,Credit card (automatic),No,19.35,433,No,Low/Medium,13-24 months
4468-KAZHE,FEMALE,1,yes,No,20,Month-to-month,Electronic check,DSL,60.00,1259,No,Low/Medium,13-24 months
4329-YPDDQ,MALE,0,No,No,20,Month-to-month,Bank transfer (automatic),Fiber optic,108.20,2203,No,Low/Medium,13-24 months
4332-MUOEZ,MALE,1,yes,Yes,20,One year,Credit card (automatic),Fiber optic,94.30,1818,No,Low/Medium,13-24 months
4092-OFQZS,MALE,0,yes,No,20,One year,Mailed check,No,20.65,417,No,Low/Medium,13-24 months
3318-ISQFQ,FEMALE,0,No,No,20,Month-to-month,Bank transfer (automatic),No,19.50,413,No,Low/Medium,13-24 months
3556-BVQGL,FEMALE,0,yes,No,20,One year,Mailed check,No,20.00,416,No,Low/Medium,13-24 months
3955-JBZZM,MALE,0,No,No,20,Month-to-month,Electronic check,Fiber optic,78.80,1641,No,Low/Medium,13-24 months
3771-PZOBW,MALE,0,No,No,20,Month-to-month,Credit card (automatic),Fiber optic,90.70,1781,No,Low/Medium,13-24 months
3808-HFKDE,FEMALE,0,No,No,20,Month-to-month,Electronic check,DSL,44.35,927,No,Low/Medium,13-24 months
5148-HKFIR,FEMALE,0,No,No,20,Two year,Mailed check,No,19.70,406,No,Low/Medium,13-24 months
5025-GOOKI,FEMALE,0,No,No,20,Month-to-month,Credit card (automatic),No,18.90,347,No,Low/Medium,13-24 months
5495-GPSRW,MALE,0,No,No,20,Two year,Mailed check,No,19.70,419,No,Low/Medium,13-24 months
5616-PRTNT,MALE,0,No,Yes,20,Month-to-month,Electronic check,No,19.40,374,Yes,Low/Medium,13-24 months
5609-CEBID,FEMALE,1,No,No,20,Month-to-month,Electronic check,Fiber optic,94.10,1782,Yes,Low/Medium,13-24 months
5590-YRFJT,FEMALE,0,yes,No,20,Month-to-month,Electronic check,DSL,24.45,482,Yes,Low/Medium,13-24 months
5537-UXXVS,FEMALE,0,yes,No,20,Month-to-month,Bank transfer (automatic),No,19.25,375,No,Low/Medium,13-24 months
5366-IJEQJ,MALE,0,No,No,20,Month-to-month,Electronic check,Fiber optic,88.70,1761,Yes,Low/Medium,13-24 months
5815-HGGHV,MALE,0,yes,No,20,One year,Mailed check,DSL,64.15,1274,No,Low/Medium,13-24 months
5626-MGTUK,FEMALE,0,No,No,20,Month-to-month,Bank transfer (automatic),Fiber optic,89.10,1879,No,Low/Medium,13-24 months
6017-PPLPX,MALE,0,yes,Yes,20,Month-to-month,Electronic check,Fiber optic,70.45,1470,Yes,Low/Medium,13-24 months
6319-IEJWJ,MALE,0,yes,Yes,20,Month-to-month,Electronic check,Fiber optic,90.20,1776,Yes,Low/Medium,13-24 months
6286-ZHAOK,FEMALE,0,yes,Yes,20,Month-to-month,Bank transfer (automatic),No,25.55,507,No,Low/Medium,13-24 months
6344-SFJVH,FEMALE,0,No,No,20,Month-to-month,Credit card (automatic),DSL,24.90,505,No,Low/Medium,13-24 months
6331-EWIEB,MALE,0,No,No,20,Month-to-month,Electronic check,Fiber optic,85.25,1734,Yes,Low/Medium,13-24 months
7000-WCEVQ,FEMALE,1,No,No,20,Month-to-month,Mailed check,DSL,61.60,1174,Yes,Low/Medium,13-24 months
6927-WTFIV,MALE,1,No,No,20,Month-to-month,Credit card (automatic),Fiber optic,71.30,1389,Yes,Low/Medium,13-24 months
6705-LNMDD,MALE,0,No,No,20,Month-to-month,Mailed check,DSL,50.00,1003,No,Low/Medium,13-24 months
6683-VLCTZ,MALE,1,No,No,20,Month-to-month,Electronic check,Fiber optic,98.55,1842,Yes,Low/Medium,13-24 months
6729-GDNGC,FEMALE,1,No,No,20,Month-to-month,Bank transfer (automatic),Fiber optic,80.70,1614,No,Low/Medium,13-24 months
7929-DMBCV,FEMALE,0,yes,No,20,Month-to-month,Mailed check,Fiber optic,81.00,1683,No,Low/Medium,13-24 months
7813-TKCVO,FEMALE,0,yes,No,20,One year,Mailed check,No,20.35,393,No,Low/Medium,13-24 months
7395-XWZOY,MALE,0,No,No,20,Month-to-month,Credit card (automatic),DSL,55.00,1165,No,Low/Medium,13-24 months
8457-XIGKN,MALE,0,No,No,20,Month-to-month,Credit card (automatic),No,19.60,356,No,Low/Medium,13-24 months
8263-OKETD,FEMALE,0,No,No,20,Month-to-month,Credit card (automatic),DSL,68.90,1370,No,Low/Medium,13-24 months
8875-AKBYH,MALE,1,No,No,20,Month-to-month,Electronic check,Fiber optic,84.35,1745,No,Low/Medium,13-24 months
8883-GRDWQ,MALE,1,No,No,20,One year,Mailed check,DSL,54.00,1055,No,Low/Medium,13-24 months
9504-DSHWM,MALE,0,No,No,20,Month-to-month,Bank transfer (automatic),DSL,59.20,1191,No,Low/Medium,13-24 months
9909-IDLEK,MALE,0,yes,Yes,20,Month-to-month,Mailed check,Fiber optic,96.80,1826,No,Low/Medium,13-24 months
2828-SLQPF,MALE,0,No,No,19,Month-to-month,Bank transfer (automatic),DSL,45.00,865,No,Low/Medium,13-24 months
3197-ARFOY,FEMALE,1,No,No,19,Month-to-month,Mailed check,Fiber optic,105.00,2007,No,Low/Medium,13-24 months
3254-YRILK,MALE,1,No,No,19,Month-to-month,Electronic check,Fiber optic,88.20,1775,Yes,Low/Medium,13-24 months
3097-IDVPU,MALE,0,yes,Yes,19,Month-to-month,Credit card (automatic),DSL,50.10,910,No,Low/Medium,13-24 months
3129-AAQOU,FEMALE,0,yes,Yes,19,Two year,Mailed check,No,25.60,485,No,Low/Medium,13-24 months
2995-YWTCD,FEMALE,0,yes,Yes,19,Two year,Bank transfer (automatic),No,24.90,467,No,Low/Medium,13-24 months
3011-WQKSZ,MALE,0,No,Yes,19,Month-to-month,Electronic check,No,20.00,377,No,Low/Medium,13-24 months
2916-BQZLN,MALE,0,No,No,19,Month-to-month,Electronic check,Fiber optic,84.75,1651,No,Low/Medium,13-24 months
2139-FQHLM,MALE,0,No,No,19,Month-to-month,Mailed check,Fiber optic,89.95,1682,No,Low/Medium,13-24 months
1697-NVVGY,MALE,1,yes,No,19,Month-to-month,Bank transfer (automatic),DSL,66.40,1286,No,Low/Medium,13-24 months
1635-HDGFT,FEMALE,0,No,Yes,19,Two year,Mailed check,No,20.50,398,No,Low/Medium,13-24 months
1580-BMCMR,MALE,1,No,No,19,Month-to-month,Electronic check,Fiber optic,87.30,1637,No,Low/Medium,13-24 months
1559-DTODC,MALE,0,No,No,19,Month-to-month,Bank transfer (automatic),DSL,25.15,468,No,Low/Medium,13-24 months
1561-BWHIN,MALE,0,yes,Yes,19,One year,Mailed check,No,19.80,344,No,Low/Medium,13-24 months
1038-RQOST,MALE,0,yes,Yes,19,Month-to-month,Mailed check,No,20.60,414,No,Low/Medium,13-24 months
0997-YTLNY,FEMALE,0,No,Yes,19,Month-to-month,Mailed check,DSL,48.80,953,No,Low/Medium,13-24 months
1178-PZGAB,FEMALE,0,No,No,19,One year,Credit card (automatic),No,20.25,383,No,Low/Medium,13-24 months
1169-WCVAK,MALE,0,yes,No,19,Month-to-month,Credit card (automatic),Fiber optic,88.80,1672,No,Low/Medium,13-24 months
0480-BIXDE,FEMALE,0,yes,No,19,Month-to-month,Electronic check,Fiber optic,96.80,1743,No,Low/Medium,13-24 months
0297-RBCSG,MALE,0,No,No,19,One year,Bank transfer (automatic),DSL,65.35,1231,No,Low/Medium,13-24 months
0228-MAUWC,MALE,0,No,No,19,Month-to-month,Electronic check,DSL,59.55,1144,No,Low/Medium,13-24 months
0168-XZKBB,FEMALE,0,yes,No,19,Month-to-month,Electronic check,Fiber optic,86.85,1564,No,Low/Medium,13-24 months
6296-DDOOR,FEMALE,0,No,No,19,One year,Electronic check,DSL,58.20,1045,No,Low/Medium,13-24 months
6131-IUNXN,FEMALE,0,yes,Yes,19,Month-to-month,Mailed check,No,20.20,382,No,Low/Medium,13-24 months
5940-NFXKV,MALE,0,yes,Yes,19,Month-to-month,Electronic check,Fiber optic,83.65,1465,Yes,Low/Medium,13-24 months
5883-GTGVD,MALE,0,No,No,19,Month-to-month,Electronic check,Fiber optic,99.95,1931,Yes,Low/Medium,13-24 months
5939-XAIXZ,FEMALE,0,No,No,19,Month-to-month,Mailed check,DSL,56.10,1033,No,Low/Medium,13-24 months
5922-ABDVO,FEMALE,0,yes,No,19,Month-to-month,Mailed check,Fiber optic,89.65,1761,Yes,Low/Medium,13-24 months
5828-AVIPD,MALE,0,yes,Yes,19,One year,Electronic check,Fiber optic,100.95,1875,Yes,Low/Medium,13-24 months
5438-QMDDL,FEMALE,0,yes,No,19,Month-to-month,Mailed check,DSL,59.80,1130,No,Low/Medium,13-24 months
5469-NUJUR,MALE,0,No,No,19,Two year,Mailed check,No,19.95,373,No,Low/Medium,13-24 months
5448-VWNAM,FEMALE,0,No,Yes,19,Month-to-month,Mailed check,DSL,75.90,1375,No,Low/Medium,13-24 months
5449-FIBXJ,MALE,0,yes,Yes,19,Month-to-month,Electronic check,Fiber optic,103.30,2012,Yes,Low/Medium,13-24 months
4976-LNFVV,MALE,1,yes,No,19,Month-to-month,Credit card (automatic),DSL,34.30,577,No,Low/Medium,13-24 months
5204-QZXPU,MALE,0,No,No,19,Month-to-month,Electronic check,DSL,39.65,733,Yes,Low/Medium,13-24 months
3865-ZFZIB,MALE,0,No,No,19,Two year,Mailed check,No,19.65,358,No,Low/Medium,13-24 months
4013-TLDHQ,MALE,0,No,No,19,Month-to-month,Electronic check,Fiber optic,78.25,1490,Yes,Low/Medium,13-24 months
4003-FUSHP,MALE,0,No,No,19,Month-to-month,Credit card (automatic),DSL,61.55,1093,No,Low/Medium,13-24 months
3978-YNKDD,MALE,0,No,Yes,19,Two year,Credit card (automatic),No,20.85,467,No,Low/Medium,13-24 months
3639-XJHKQ,FEMALE,0,No,Yes,19,Month-to-month,Electronic check,DSL,60.60,1297,No,Low/Medium,13-24 months
3665-JATSN,FEMALE,0,No,No,19,Month-to-month,Electronic check,DSL,39.70,710,No,Low/Medium,13-24 months
3472-OAOOR,MALE,0,yes,Yes,19,Month-to-month,Mailed check,DSL,34.95,610,No,Low/Medium,13-24 months
3452-GWUIN,FEMALE,1,yes,No,19,Month-to-month,Electronic check,Fiber optic,94.95,1760,No,Low/Medium,13-24 months
3427-GGZZI,FEMALE,0,yes,No,19,Month-to-month,Electronic check,Fiber optic,89.10,1620,No,Low/Medium,13-24 months
4081-DYXAV,FEMALE,0,No,No,19,One year,Credit card (automatic),DSL,44.85,893,Yes,Low/Medium,13-24 months
4283-FUTGF,MALE,1,No,No,19,Month-to-month,Electronic check,Fiber optic,79.85,1471,Yes,Low/Medium,13-24 months
4325-NFSKC,MALE,1,No,No,19,Month-to-month,Electronic check,Fiber optic,90.60,1660,Yes,Low/Medium,13-24 months
4456-RHSNB,FEMALE,0,yes,Yes,19,Month-to-month,Bank transfer (automatic),DSL,49.60,962,No,Low/Medium,13-24 months
4659-NZRUF,FEMALE,0,No,No,19,Month-to-month,Electronic check,Fiber optic,95.15,1789,Yes,Low/Medium,13-24 months
4804-NCPET,MALE,0,yes,Yes,19,Two year,Mailed check,No,20.20,387,No,Low/Medium,13-24 months
4830-FAXFM,MALE,0,No,Yes,19,Month-to-month,Credit card (automatic),No,24.10,439,No,Low/Medium,13-24 months
6429-SHBCB,MALE,0,No,No,19,Month-to-month,Mailed check,DSL,69.60,1394,No,Low/Medium,13-24 months
9546-KDTRB,FEMALE,0,No,No,19,Month-to-month,Bank transfer (automatic),No,24.70,465,No,Low/Medium,13-24 months
8999-EXMNO,FEMALE,0,yes,Yes,19,Two year,Mailed check,No,20.15,387,No,Low/Medium,13-24 months
9190-MFJLN,MALE,1,No,No,19,Month-to-month,Credit card (automatic),Fiber optic,95.90,1777,Yes,Low/Medium,13-24 months
8748-HFWBO,MALE,0,yes,Yes,19,One year,Mailed check,No,19.90,357,No,Low/Medium,13-24 months
8496-EJAUI,MALE,0,No,No,19,Month-to-month,Credit card (automatic),Fiber optic,73.85,1424,Yes,Low/Medium,13-24 months
8292-TYSPY,MALE,0,No,No,19,Month-to-month,Credit card (automatic),DSL,55.00,1046,Yes,Low/Medium,13-24 months
8456-QDAVC,MALE,0,No,No,19,Month-to-month,Bank transfer (automatic),Fiber optic,78.70,1495,No,Low/Medium,13-24 months
8096-LOIST,FEMALE,0,No,No,19,Month-to-month,Electronic check,DSL,56.20,1093,No,Low/Medium,13-24 months
7369-TRPFD,MALE,0,No,No,19,One year,Mailed check,No,18.80,279,No,Low/Medium,13-24 months
7661-CPURM,MALE,0,No,No,19,One year,Credit card (automatic),Fiber optic,87.70,1725,No,Low/Medium,13-24 months
7517-SAWMO,FEMALE,0,yes,No,19,Month-to-month,Electronic check,Fiber optic,73.20,1441,Yes,Low/Medium,13-24 months
7825-ECJRF,FEMALE,0,No,No,19,Month-to-month,Electronic check,Fiber optic,106.60,1934,Yes,Low/Medium,13-24 months
7883-ROJOC,FEMALE,0,yes,No,19,Month-to-month,Mailed check,DSL,44.90,839,No,Low/Medium,13-24 months
7909-FIOIY,FEMALE,0,yes,Yes,19,Month-to-month,Mailed check,DSL,24.85,434,No,Low/Medium,13-24 months
6746-WAUWT,MALE,0,No,No,19,One year,Credit card (automatic),No,19.70,386,No,Low/Medium,13-24 months
6849-OYAMU,MALE,0,yes,Yes,19,One year,Bank transfer (automatic),Fiber optic,100.00,1888,Yes,Low/Medium,13-24 months
6668-CNMFP,FEMALE,0,yes,Yes,19,One year,Bank transfer (automatic),Fiber optic,89.35,1686,No,Low/Medium,13-24 months
6937-GCDGQ,MALE,0,yes,Yes,19,One year,Bank transfer (automatic),DSL,48.95,955,No,Low/Medium,13-24 months
9967-ATRFS,FEMALE,0,No,No,19,Month-to-month,Mailed check,No,19.90,367,No,Low/Medium,13-24 months
9862-KJTYK,MALE,0,No,Yes,19,Month-to-month,Credit card (automatic),DSL,25.35,566,No,Low/Medium,13-24 months
9866-QEVEE,MALE,0,No,No,19,Month-to-month,Bank transfer (automatic),Fiber optic,86.00,1532,Yes,Low/Medium,13-24 months
0365-GXEZS,MALE,0,yes,No,18,Month-to-month,Electronic check,Fiber optic,78.20,1468,No,Low/Medium,13-24 months
0439-IFYUN,FEMALE,1,No,No,18,Month-to-month,Electronic check,Fiber optic,74.70,1294,No,Low/Medium,13-24 months
0516-VRYBW,FEMALE,0,No,Yes,18,One year,Bank transfer (automatic),No,20.15,390,Yes,Low/Medium,13-24 months
0557-ASKVU,FEMALE,0,yes,Yes,18,One year,Credit card (automatic),DSL,54.40,957,No,Low/Medium,13-24 months
0650-BWOZN,FEMALE,1,No,No,18,Month-to-month,Electronic check,Fiber optic,73.55,1359,No,Low/Medium,13-24 months
1057-FOGLZ,FEMALE,0,No,No,18,Month-to-month,Mailed check,No,19.65,391,No,Low/Medium,13-24 months
1133-KXCGE,FEMALE,0,No,No,18,One year,Mailed check,No,20.10,407,No,Low/Medium,13-24 months
1092-WPIVQ,FEMALE,0,yes,Yes,18,Two year,Mailed check,No,25.10,428,No,Low/Medium,13-24 months
0991-BRRFB,MALE,0,No,No,18,Month-to-month,Electronic check,DSL,49.40,874,Yes,Low/Medium,13-24 months
0859-YGKFW,MALE,0,yes,Yes,18,One year,Bank transfer (automatic),No,20.05,345,No,Low/Medium,13-24 months
1658-BYGOY,MALE,1,No,No,18,Month-to-month,Electronic check,Fiber optic,95.45,1752,Yes,Low/Medium,13-24 months
1402-PTHGN,FEMALE,0,yes,Yes,18,One year,Mailed check,DSL,61.50,1087,No,Low/Medium,13-24 months
1310-QRITU,FEMALE,0,No,No,18,Month-to-month,Electronic check,DSL,50.30,913,No,Low/Medium,13-24 months
1337-BOZWO,MALE,0,yes,Yes,18,One year,Credit card (automatic),DSL,46.40,812,No,Low/Medium,13-24 months
1328-EUZHC,FEMALE,0,yes,No,18,Two year,Mailed check,No,20.10,370,No,Low/Medium,13-24 months
1237-WIYYZ,FEMALE,0,No,No,18,Month-to-month,Mailed check,No,19.55,389,No,Low/Medium,13-24 months
1763-KUAAW,FEMALE,1,No,No,18,One year,Bank transfer (automatic),No,20.35,369,No,Low/Medium,13-24 months
1769-GRUIK,FEMALE,0,No,No,18,Month-to-month,Electronic check,Fiber optic,71.10,1247,No,Low/Medium,13-24 months
1986-PHGZF,MALE,1,No,No,18,Month-to-month,Credit card (automatic),DSL,58.40,964,No,Low/Medium,13-24 months
2023-VQFDL,MALE,0,No,No,18,Month-to-month,Electronic check,No,19.00,348,No,Low/Medium,13-24 months
2011-TRQYE,MALE,0,No,No,18,Month-to-month,Credit card (automatic),DSL,33.50,600,Yes,Low/Medium,13-24 months
2027-CWDNU,MALE,0,yes,Yes,18,Month-to-month,Electronic check,Fiber optic,85.60,1601,No,Low/Medium,13-24 months
2122-YWVYA,FEMALE,0,No,No,18,Month-to-month,Electronic check,Fiber optic,75.40,1380,No,Low/Medium,13-24 months
2195-VVRJF,MALE,1,yes,No,18,Month-to-month,Credit card (automatic),DSL,59.10,1011,No,Low/Medium,13-24 months
2333-KWEWW,MALE,0,No,No,18,Two year,Credit card (automatic),No,20.05,388,No,Low/Medium,13-24 months
2446-ZKVAF,MALE,0,yes,No,18,Month-to-month,Credit card (automatic),DSL,56.80,1074,No,Low/Medium,13-24 months
2432-TFSMK,MALE,0,No,No,18,One year,Credit card (automatic),Fiber optic,89.60,1633,No,Low/Medium,13-24 months
2911-WDXMV,MALE,0,No,Yes,18,Month-to-month,Credit card (automatic),Fiber optic,80.55,1406,No,Low/Medium,13-24 months
2937-FTHUR,FEMALE,0,No,Yes,18,Month-to-month,Electronic check,DSL,64.80,1166,No,Low/Medium,13-24 months
3094-JOJAI,MALE,0,No,No,18,Month-to-month,Mailed check,Fiber optic,74.15,1387,No,Low/Medium,13-24 months
3096-GKWEB,MALE,0,yes,No,18,Month-to-month,Electronic check,Fiber optic,94.75,1691,No,Low/Medium,13-24 months
3255-GRXMG,MALE,0,No,Yes,18,Month-to-month,Credit card (automatic),DSL,45.65,747,No,Low/Medium,13-24 months
3230-WYKIR,MALE,0,No,No,18,One year,Credit card (automatic),DSL,82.00,1425,Yes,Low/Medium,13-24 months
2823-LKABH,FEMALE,0,No,No,18,Month-to-month,Bank transfer (automatic),Fiber optic,95.05,1679,No,Low/Medium,13-24 months
2892-GESUL,FEMALE,0,yes,Yes,18,Two year,Mailed check,No,19.35,309,No,Low/Medium,13-24 months
4819-HJPIW,MALE,0,No,No,18,Month-to-month,Mailed check,DSL,25.15,476,No,Low/Medium,13-24 months
4712-AUQZO,MALE,0,No,No,18,Month-to-month,Mailed check,DSL,33.60,550,No,Low/Medium,13-24 months
4695-VADHF,MALE,0,yes,Yes,18,Month-to-month,Electronic check,DSL,57.45,990,Yes,Low/Medium,13-24 months
4660-IRIBM,MALE,0,yes,Yes,18,Month-to-month,Mailed check,Fiber optic,87.90,1500,No,Low/Medium,13-24 months
4654-GGUII,FEMALE,0,No,No,18,One year,Mailed check,DSL,40.20,711,No,Low/Medium,13-24 months
4647-MUZON,FEMALE,0,yes,No,18,Month-to-month,Credit card (automatic),Fiber optic,95.95,1745,No,Low/Medium,13-24 months
4685-TFLLS,MALE,0,yes,Yes,18,One year,Bank transfer (automatic),No,19.80,342,No,Low/Medium,13-24 months
4521-YEEHE,FEMALE,0,yes,No,18,Month-to-month,Electronic check,Fiber optic,88.85,1594,No,Low/Medium,13-24 months
4495-LHSSK,FEMALE,0,No,Yes,18,Month-to-month,Mailed check,DSL,57.65,992,No,Low/Medium,13-24 months
4465-VDKIQ,FEMALE,0,No,No,18,Month-to-month,Electronic check,Fiber optic,77.80,1358,No,Low/Medium,13-24 months
4360-PNRQB,MALE,0,No,No,18,Month-to-month,Bank transfer (automatic),Fiber optic,75.60,1395,No,Low/Medium,13-24 months
3346-BRMIS,FEMALE,1,yes,No,18,Month-to-month,Electronic check,DSL,48.35,810,Yes,Low/Medium,13-24 months
3583-KRKMD,MALE,0,No,No,18,Month-to-month,Bank transfer (automatic),Fiber optic,75.90,1373,No,Low/Medium,13-24 months
4054-CUMIA,FEMALE,0,yes,Yes,18,Month-to-month,Mailed check,No,20.25,401,No,Low/Medium,13-24 months
5087-SUURX,FEMALE,0,yes,No,18,Month-to-month,Electronic check,DSL,39.05,669,Yes,Low/Medium,13-24 months
4929-ROART,MALE,0,No,No,18,Month-to-month,Mailed check,DSL,56.25,969,No,Low/Medium,13-24 months
5366-OBVMR,FEMALE,0,yes,No,18,Month-to-month,Mailed check,DSL,50.30,908,No,Low/Medium,13-24 months
5843-TTHGI,FEMALE,0,No,No,18,Month-to-month,Mailed check,DSL,50.00,892,No,Low/Medium,13-24 months
5651-WYIPH,FEMALE,1,No,No,18,Month-to-month,Credit card (automatic),DSL,49.85,865,No,Low/Medium,13-24 months
5914-DVBWJ,FEMALE,1,No,No,18,Month-to-month,Electronic check,Fiber optic,85.45,1505,Yes,Low/Medium,13-24 months
5955-ERIHD,MALE,0,yes,No,18,Month-to-month,Electronic check,Fiber optic,94.70,1687,Yes,Low/Medium,13-24 months
5950-AAAGJ,MALE,0,No,No,18,Month-to-month,Bank transfer (automatic),Fiber optic,84.30,1537,No,Low/Medium,13-24 months
6133-OZILE,FEMALE,0,No,No,18,Month-to-month,Electronic check,DSL,35.20,607,No,Low/Medium,13-24 months
6082-GLJIX,MALE,0,No,No,18,Month-to-month,Mailed check,No,19.25,331,No,Low/Medium,13-24 months
6240-EURKS,FEMALE,0,No,Yes,18,Month-to-month,Electronic check,DSL,35.00,553,Yes,Low/Medium,13-24 months
6954-OOYZZ,MALE,0,yes,No,18,Month-to-month,Bank transfer (automatic),DSL,44.35,768,No,Low/Medium,13-24 months
6890-PFRQX,MALE,0,No,No,18,Month-to-month,Mailed check,DSL,69.50,1199,No,Low/Medium,13-24 months
6877-LGWXO,MALE,1,yes,No,18,Month-to-month,Electronic check,Fiber optic,78.55,1422,Yes,Low/Medium,13-24 months
7010-ZMVBF,FEMALE,0,yes,Yes,18,Month-to-month,Mailed check,No,20.45,357,No,Low/Medium,13-24 months
7240-FQLHE,FEMALE,1,yes,No,18,Month-to-month,Bank transfer (automatic),Fiber optic,99.75,1836,Yes,Low/Medium,13-24 months
6620-JDYNW,FEMALE,0,No,No,18,Month-to-month,Mailed check,DSL,60.60,1156,No,Low/Medium,13-24 months
6791-YBNAK,MALE,0,yes,Yes,18,Month-to-month,Credit card (automatic),DSL,25.55,467,No,Low/Medium,13-24 months
6693-FRIRW,MALE,0,No,No,18,Month-to-month,Credit card (automatic),Fiber optic,101.30,1794,No,Low/Medium,13-24 months
7989-VCQOH,MALE,0,yes,Yes,18,Month-to-month,Electronic check,DSL,83.25,1611,No,Low/Medium,13-24 months
7831-QGOXH,FEMALE,0,No,No,18,Month-to-month,Electronic check,Fiber optic,85.20,1553,Yes,Low/Medium,13-24 months
7801-KICAO,FEMALE,0,No,No,18,Month-to-month,Electronic check,Fiber optic,74.15,1345,No,Low/Medium,13-24 months
7799-DSEWS,MALE,0,No,No,18,Month-to-month,Electronic check,DSL,68.35,1299,No,Low/Medium,13-24 months
7780-OTDSO,MALE,0,yes,No,18,Month-to-month,Electronic check,Fiber optic,99.40,1742,Yes,Low/Medium,13-24 months
7542-CYDDM,MALE,0,No,No,18,Month-to-month,Mailed check,No,20.05,358,No,Low/Medium,13-24 months
7382-DFJTU,MALE,0,No,No,18,Month-to-month,Credit card (automatic),DSL,55.20,1058,No,Low/Medium,13-24 months
7401-RUBNK,FEMALE,0,yes,No,18,Month-to-month,Electronic check,Fiber optic,74.80,1438,No,Low/Medium,13-24 months
7410-KTVFV,MALE,0,yes,No,18,Month-to-month,Mailed check,DSL,49.55,878,Yes,Low/Medium,13-24 months
7268-IGMFD,MALE,1,No,No,18,Month-to-month,Bank transfer (automatic),Fiber optic,93.90,1743,No,Low/Medium,13-24 months
8490-BXHEO,MALE,1,No,No,18,Month-to-month,Credit card (automatic),Fiber optic,80.55,1411,No,Low/Medium,13-24 months
8499-BRXTD,MALE,0,No,No,18,One year,Mailed check,No,20.10,401,No,Low/Medium,13-24 months
8606-OEGQZ,FEMALE,0,No,Yes,18,Two year,Credit card (automatic),No,25.30,454,No,Low/Medium,13-24 months
8630-FJLIB,FEMALE,0,No,No,18,Month-to-month,Electronic check,Fiber optic,69.80,1221,No,Low/Medium,13-24 months
8784-CGILN,FEMALE,0,No,No,18,Month-to-month,Bank transfer (automatic),Fiber optic,99.85,1776,Yes,Low/Medium,13-24 months
8854-CCVSQ,MALE,0,No,No,18,Month-to-month,Electronic check,Fiber optic,80.65,1451,Yes,Low/Medium,13-24 months
9208-OLGAQ,FEMALE,1,No,No,18,Month-to-month,Electronic check,Fiber optic,84.95,1443,No,Low/Medium,13-24 months
9129-UXERG,FEMALE,1,No,No,18,Month-to-month,Credit card (automatic),Fiber optic,103.60,1806,No,Low/Medium,13-24 months
9229-RQABD,MALE,0,No,No,18,One year,Mailed check,No,23.75,424,No,Low/Medium,13-24 months
8969-PRHFK,MALE,0,No,No,18,One year,Mailed check,No,19.65,411,No,Low/Medium,13-24 months
8930-XOTDP,FEMALE,0,yes,Yes,18,Month-to-month,Mailed check,DSL,55.95,1082,No,Low/Medium,13-24 months
9050-QLROH,MALE,0,No,No,18,Month-to-month,Credit card (automatic),Fiber optic,90.70,1597,Yes,Low/Medium,13-24 months
9524-EGPJC,FEMALE,0,No,No,18,Month-to-month,Electronic check,Fiber optic,90.10,1612,Yes,Low/Medium,13-24 months
9512-UIBFX,MALE,0,yes,Yes,18,Month-to-month,Mailed check,Fiber optic,95.15,1779,Yes,Low/Medium,13-24 months
9492-TOKRI,FEMALE,0,No,No,18,Month-to-month,Credit card (automatic),Fiber optic,90.00,1527,Yes,Low/Medium,13-24 months
9415-DPEWS,FEMALE,0,No,No,18,Month-to-month,Electronic check,Fiber optic,88.35,1639,Yes,Low/Medium,13-24 months
9648-BCHKM,FEMALE,0,yes,Yes,18,Two year,Credit card (automatic),No,24.65,471,No,Low/Medium,13-24 months
9692-TUSXH,FEMALE,0,No,No,18,Month-to-month,Electronic check,Fiber optic,96.05,1740,Yes,Low/Medium,13-24 months
9903-LYSAB,MALE,0,yes,No,18,Month-to-month,Electronic check,Fiber optic,73.15,1305,No,Low/Medium,13-24 months
2858-MOFSQ,FEMALE,0,No,Yes,17,One year,Mailed check,DSL,55.85,937,Yes,Low/Medium,13-24 months
2739-CACDQ,FEMALE,1,No,No,17,Month-to-month,Credit card (automatic),Fiber optic,82.65,1470,No,Low/Medium,13-24 months
2719-BDAQO,MALE,0,No,No,17,Month-to-month,Electronic check,Fiber optic,93.85,1625,Yes,Low/Medium,13-24 months
2528-HFYZX,MALE,1,yes,No,17,Month-to-month,Electronic check,Fiber optic,76.45,1233,Yes,Low/Medium,13-24 months
3266-FTKHB,MALE,0,No,No,17,Two year,Mailed check,No,19.15,343,No,Low/Medium,13-24 months
3211-ILJTT,MALE,0,yes,No,17,Month-to-month,Bank transfer (automatic),Fiber optic,70.40,1214,Yes,Low/Medium,13-24 months
3137-NYQQI,MALE,0,yes,No,17,One year,Mailed check,DSL,64.80,1175,No,Low/Medium,13-24 months
2955-BJZHG,MALE,0,yes,Yes,17,Month-to-month,Electronic check,Fiber optic,80.85,1400,Yes,Low/Medium,13-24 months
2979-SXESE,FEMALE,0,yes,Yes,17,Month-to-month,Electronic check,Fiber optic,94.40,1607,Yes,Low/Medium,13-24 months
2387-KDZQY,MALE,0,No,No,17,One year,Mailed check,No,20.10,279,No,Low/Medium,13-24 months
2233-TXSIU,MALE,0,yes,Yes,17,One year,Credit card (automatic),DSL,44.45,792,No,Low/Medium,13-24 months
2085-BOJKI,MALE,0,yes,No,17,One year,Bank transfer (automatic),Fiber optic,96.65,1588,No,Low/Medium,13-24 months
2074-GUHPQ,FEMALE,0,No,Yes,17,Month-to-month,Credit card (automatic),Fiber optic,92.70,1556,No,Low/Medium,13-24 months
1792-UXAFY,FEMALE,1,No,No,17,Month-to-month,Electronic check,Fiber optic,89.15,1496,Yes,Low/Medium,13-24 months
1703-MGIAB,FEMALE,0,No,No,17,Month-to-month,Mailed check,DSL,69.00,1108,No,Low/Medium,13-24 months
1585-MQSSU,MALE,0,No,No,17,Month-to-month,Mailed check,DSL,51.50,900,Yes,Low/Medium,13-24 months
1536-YHDOE,MALE,0,yes,Yes,17,One year,Mailed check,DSL,62.10,1096,No,Low/Medium,13-24 months
0872-JCPIB,MALE,0,No,No,17,Month-to-month,Bank transfer (automatic),DSL,65.75,1111,No,Low/Medium,13-24 months
1049-FYSYG,FEMALE,0,yes,No,17,Month-to-month,Credit card (automatic),DSL,35.65,646,No,Low/Medium,13-24 months
1100-DDVRV,MALE,0,yes,No,17,Month-to-month,Mailed check,DSL,49.80,836,No,Low/Medium,13-24 months
1092-GANHU,MALE,0,No,No,17,Month-to-month,Electronic check,Fiber optic,76.65,1313,Yes,Low/Medium,13-24 months
1140-UKVZG,FEMALE,0,No,No,17,Month-to-month,Mailed check,No,24.80,475,No,Low/Medium,13-24 months
0820-FNRNX,MALE,0,yes,Yes,17,Month-to-month,Mailed check,DSL,66.70,1077,No,Low/Medium,13-24 months
0378-NHQXU,FEMALE,0,yes,Yes,17,Month-to-month,Electronic check,Fiber optic,88.25,1460,Yes,Low/Medium,13-24 months
0365-BZUWY,MALE,0,yes,No,17,Month-to-month,Electronic check,Fiber optic,102.55,1742,No,Low/Medium,13-24 months
6413-XKKPU,MALE,0,yes,Yes,17,Month-to-month,Electronic check,Fiber optic,89.40,1539,Yes,Low/Medium,13-24 months
6029-CSMJE,MALE,0,No,No,17,Month-to-month,Mailed check,DSL,25.65,440,No,Low/Medium,13-24 months
6100-QQHEB,MALE,0,yes,Yes,17,Month-to-month,Electronic check,Fiber optic,92.55,1515,Yes,Low/Medium,13-24 months
6198-RTPMF,FEMALE,0,yes,No,17,Month-to-month,Electronic check,Fiber optic,92.60,1579,No,Low/Medium,13-24 months
6217-TOWGS,FEMALE,0,yes,No,17,Month-to-month,Bank transfer (automatic),DSL,75.40,1322,No,Low/Medium,13-24 months
5935-FCCNB,FEMALE,1,No,No,17,Month-to-month,Electronic check,Fiber optic,94.20,1608,No,Low/Medium,13-24 months
5696-EXCYS,MALE,0,No,No,17,Two year,Credit card (automatic),No,19.45,369,No,Low/Medium,13-24 months
5686-CMAWK,MALE,0,No,No,17,One year,Electronic check,Fiber optic,86.75,1410,No,Low/Medium,13-24 months
5453-AXEPF,MALE,0,yes,No,17,Month-to-month,Bank transfer (automatic),Fiber optic,80.50,1336,No,Low/Medium,13-24 months
5505-OVWQW,FEMALE,0,No,No,17,One year,Mailed check,No,20.15,353,No,Low/Medium,13-24 months
4933-IKULF,FEMALE,1,No,No,17,One year,Mailed check,No,20.65,330,No,Low/Medium,13-24 months
4987-GQWPO,MALE,0,No,No,17,Month-to-month,Credit card (automatic),DSL,25.10,382,No,Low/Medium,13-24 months
5084-OOVCJ,FEMALE,0,yes,Yes,17,Month-to-month,Credit card (automatic),DSL,55.35,920,No,Low/Medium,13-24 months
5206-HPJKM,MALE,0,No,No,17,Month-to-month,Credit card (automatic),DSL,55.50,934,No,Low/Medium,13-24 months
5160-UXJED,MALE,0,No,Yes,17,One year,Mailed check,DSL,44.60,681,No,Low/Medium,13-24 months
3884-HCSWG,FEMALE,0,No,No,17,Month-to-month,Electronic check,Fiber optic,70.00,1144,Yes,Low/Medium,13-24 months
3853-LYGAM,MALE,0,No,No,17,Month-to-month,Bank transfer (automatic),Fiber optic,95.65,1640,No,Low/Medium,13-24 months
3824-RHKVR,FEMALE,0,No,No,17,Month-to-month,Credit card (automatic),No,19.70,340,No,Low/Medium,13-24 months
3525-DVKFN,FEMALE,0,No,No,17,Two year,Mailed check,No,19.40,358,No,Low/Medium,13-24 months
3629-ZNKXA,MALE,1,No,No,17,Month-to-month,Electronic check,Fiber optic,101.80,1752,No,Low/Medium,13-24 months
3633-CDBUW,MALE,0,No,Yes,17,One year,Electronic check,DSL,80.85,1445,No,Low/Medium,13-24 months
3365-SAIGS,FEMALE,0,No,No,17,Month-to-month,Electronic check,Fiber optic,83.55,1329,No,Low/Medium,13-24 months
3307-TLCUD,MALE,0,yes,No,17,Month-to-month,Mailed check,DSL,34.40,592,No,Low/Medium,13-24 months
4359-INNWN,FEMALE,0,No,No,17,One year,Credit card (automatic),No,20.05,337,No,Low/Medium,13-24 months
4378-BZYFP,MALE,0,No,No,17,One year,Mailed check,No,20.50,365,No,Low/Medium,13-24 months
4316-XCSLJ,MALE,0,No,Yes,17,Month-to-month,Mailed check,DSL,50.30,846,No,Low/Medium,13-24 months
4248-QPAVC,FEMALE,1,yes,No,17,Month-to-month,Bank transfer (automatic),Fiber optic,85.35,1463,Yes,Low/Medium,13-24 months
4558-FANTW,FEMALE,0,yes,Yes,17,Month-to-month,Electronic check,Fiber optic,91.85,1574,Yes,Low/Medium,13-24 months
4644-PIZRT,MALE,0,yes,Yes,17,One year,Bank transfer (automatic),DSL,70.35,1201,No,Low/Medium,13-24 months
4690-LLKUA,MALE,1,No,No,17,Month-to-month,Electronic check,DSL,45.05,770,Yes,Low/Medium,13-24 months
9658-WYUFB,FEMALE,0,No,No,17,Month-to-month,Electronic check,Fiber optic,94.40,1617,Yes,Low/Medium,13-24 months
9584-EXCDZ,FEMALE,0,No,No,17,Month-to-month,Bank transfer (automatic),Fiber optic,70.50,1165,No,Low/Medium,13-24 months
9432-VOFYX,MALE,0,No,No,17,Month-to-month,Electronic check,Fiber optic,70.80,1207,No,Low/Medium,13-24 months
9102-IAYHT,FEMALE,0,yes,Yes,17,Month-to-month,Electronic check,Fiber optic,85.45,1451,Yes,Low/Medium,13-24 months
9254-RBFON,FEMALE,0,yes,Yes,17,One year,Bank transfer (automatic),Fiber optic,98.60,1704,Yes,Low/Medium,13-24 months
9170-CCKOU,MALE,0,yes,No,17,Month-to-month,Credit card (automatic),Fiber optic,90.20,1454,Yes,Low/Medium,13-24 months
8884-MRNSU,MALE,0,yes,Yes,17,One year,Bank transfer (automatic),No,19.90,329,No,Low/Medium,13-24 months
8773-HHUOZ,FEMALE,0,No,Yes,17,Month-to-month,Mailed check,DSL,64.70,1093,Yes,Low/Medium,13-24 months
8573-JGCZW,MALE,0,No,No,17,One year,Bank transfer (automatic),No,19.65,351,No,Low/Medium,13-24 months
8563-OYMQY,MALE,0,No,No,17,Month-to-month,Credit card (automatic),Fiber optic,90.95,1612,No,Low/Medium,13-24 months
8109-YUOHE,MALE,0,No,No,17,One year,Mailed check,DSL,56.10,946,No,Low/Medium,13-24 months
8246-SHFGA,MALE,0,No,No,17,Month-to-month,Credit card (automatic),No,21.10,385,No,Low/Medium,13-24 months
7279-NMVJC,FEMALE,0,No,No,17,One year,Bank transfer (automatic),No,19.90,323,No,Low/Medium,13-24 months
7395-IGJOS,MALE,1,yes,No,17,Month-to-month,Bank transfer (automatic),Fiber optic,81.50,1329,Yes,Low/Medium,13-24 months
7527-QNRUS,MALE,0,yes,Yes,17,Two year,Mailed check,No,25.15,412,No,Low/Medium,13-24 months
7609-NRNCA,FEMALE,0,No,No,17,One year,Mailed check,No,19.55,280,No,Low/Medium,13-24 months
7812-FZHPE,FEMALE,0,yes,Yes,17,Month-to-month,Mailed check,No,24.10,409,Yes,Low/Medium,13-24 months
7668-XCFYV,FEMALE,1,yes,No,17,Month-to-month,Electronic check,Fiber optic,92.55,1614,No,Low/Medium,13-24 months
6591-QGOYB,MALE,0,No,No,17,Month-to-month,Bank transfer (automatic),Fiber optic,106.65,1672,No,Low/Medium,13-24 months
6576-FBXOJ,MALE,0,yes,No,17,One year,Electronic check,DSL,54.60,934,No,Low/Medium,13-24 months
7225-CBZPL,MALE,1,yes,No,17,Month-to-month,Electronic check,Fiber optic,94.80,1563,No,Low/Medium,13-24 months
7126-RBHSD,FEMALE,0,yes,No,17,Month-to-month,Electronic check,Fiber optic,78.90,1348,No,Low/Medium,13-24 months
7129-CAKJW,FEMALE,0,No,No,17,Month-to-month,Bank transfer (automatic),Fiber optic,80.05,1345,No,Low/Medium,13-24 months
7088-FBAWU,FEMALE,0,yes,Yes,17,Month-to-month,Mailed check,DSL,74.55,1215,No,Low/Medium,13-24 months
7049-GKVZY,FEMALE,0,No,No,17,One year,Credit card (automatic),DSL,79.85,1387,No,Low/Medium,13-24 months
7029-RPUAV,MALE,1,yes,No,17,Month-to-month,Credit card (automatic),Fiber optic,100.45,1622,Yes,Low/Medium,13-24 months
9798-DRYDS,FEMALE,0,yes,Yes,17,One year,Mailed check,DSL,61.95,1070,No,Low/Medium,13-24 months
9766-HGEDE,FEMALE,0,yes,No,17,One year,Mailed check,No,19.35,307,No,Low/Medium,13-24 months
9867-JCZSP,FEMALE,0,yes,Yes,17,One year,Mailed check,No,20.75,418,No,Low/Medium,13-24 months
9847-HNVGP,MALE,0,No,No,17,One year,Mailed check,No,19.95,310,No,Low/Medium,13-24 months
9874-QLCLH,FEMALE,0,yes,Yes,17,Month-to-month,Electronic check,Fiber optic,104.20,1743,Yes,Low/Medium,13-24 months
9824-BEMCV,MALE,0,yes,Yes,17,Month-to-month,Electronic check,Fiber optic,69.00,1149,Yes,Low/Medium,13-24 months
0307-BCOPK,FEMALE,0,No,No,16,One year,Mailed check,No,19.05,326,No,Low/Medium,13-24 months
0265-PSUAE,FEMALE,0,yes,Yes,16,Month-to-month,Bank transfer (automatic),Fiber optic,100.70,1522,No,Low/Medium,13-24 months
0112-QAWRZ,MALE,0,yes,Yes,16,Month-to-month,Bank transfer (automatic),Fiber optic,90.80,1442,No,Low/Medium,13-24 months
0106-GHRQR,MALE,0,No,No,16,Month-to-month,Bank transfer (automatic),DSL,71.40,1212,No,Low/Medium,13-24 months
0786-VSSUD,MALE,1,No,No,16,Month-to-month,Mailed check,DSL,39.00,679,Yes,Low/Medium,13-24 months
0787-LHDYT,MALE,0,No,No,16,Month-to-month,Credit card (automatic),No,20.60,330,No,Low/Medium,13-24 months
0771-WLCLA,FEMALE,0,yes,Yes,16,Month-to-month,Electronic check,Fiber optic,112.95,1882,No,Low/Medium,13-24 months
0637-YLETY,FEMALE,0,No,No,16,Month-to-month,Credit card (automatic),Fiber optic,95.60,1555,Yes,Low/Medium,13-24 months
0577-WHMEV,FEMALE,0,yes,No,16,Month-to-month,Electronic check,Fiber optic,90.70,1374,No,Low/Medium,13-24 months
1159-WFSGR,FEMALE,0,yes,Yes,16,Month-to-month,Electronic check,No,20.40,321,No,Low/Medium,13-24 months
1226-IENZN,MALE,1,No,No,16,Month-to-month,Electronic check,Fiber optic,78.75,1218,No,Low/Medium,13-24 months
1075-BGWOH,MALE,1,yes,No,16,Month-to-month,Electronic check,Fiber optic,98.75,1587,Yes,Low/Medium,13-24 months
1120-BMWUB,FEMALE,0,No,No,16,Month-to-month,Mailed check,DSL,53.90,834,Yes,Low/Medium,13-24 months
0848-ZGQIJ,FEMALE,0,yes,No,16,Month-to-month,Bank transfer (automatic),Fiber optic,94.65,1461,No,Low/Medium,13-24 months
1268-ASBGA,FEMALE,1,yes,No,16,Month-to-month,Credit card (automatic),Fiber optic,85.35,1375,Yes,Low/Medium,13-24 months
1384-RCUXW,MALE,0,No,No,16,Month-to-month,Mailed check,Fiber optic,80.55,1248,No,Low/Medium,13-24 months
1699-TLDLZ,FEMALE,0,yes,Yes,16,Two year,Mailed check,No,19.70,301,No,Low/Medium,13-24 months
1915-OAKWD,FEMALE,0,No,Yes,16,One year,Bank transfer (automatic),No,19.30,360,No,Low/Medium,13-24 months
2096-XOTMO,FEMALE,0,yes,Yes,16,Month-to-month,Mailed check,No,19.35,275,No,Low/Medium,13-24 months
1965-DDBWU,MALE,0,No,No,16,Month-to-month,Credit card (automatic),Fiber optic,89.05,1448,Yes,Low/Medium,13-24 months
2332-EFBJY,MALE,0,No,No,16,Month-to-month,Mailed check,No,19.70,342,Yes,Low/Medium,13-24 months
2311-QYMUQ,FEMALE,0,yes,Yes,16,Month-to-month,Credit card (automatic),Fiber optic,89.45,1430,Yes,Low/Medium,13-24 months
3181-MIZBN,MALE,0,yes,Yes,16,Month-to-month,Electronic check,No,19.75,313,No,Low/Medium,13-24 months
3243-ZHOHY,FEMALE,0,No,No,16,One year,Mailed check,No,20.10,296,No,Low/Medium,13-24 months
2810-FTLEM,FEMALE,0,No,No,16,Month-to-month,Electronic check,DSL,50.15,762,Yes,Low/Medium,13-24 months
4828-FAZPK,FEMALE,0,yes,Yes,16,Month-to-month,Credit card (automatic),Fiber optic,79.95,1267,No,Low/Medium,13-24 months
4616-EWBNJ,FEMALE,0,No,No,16,One year,Bank transfer (automatic),No,20.10,318,No,Low/Medium,13-24 months
4652-NNHNY,MALE,0,yes,No,16,Month-to-month,Bank transfer (automatic),Fiber optic,73.85,1284,Yes,Low/Medium,13-24 months
4583-PARNH,MALE,1,yes,No,16,Month-to-month,Electronic check,Fiber optic,91.55,1540,No,Low/Medium,13-24 months
4514-GFCFI,FEMALE,1,No,No,16,Month-to-month,Electronic check,Fiber optic,84.75,1350,Yes,Low/Medium,13-24 months
4546-FOKWR,FEMALE,0,No,No,16,Month-to-month,Credit card (automatic),Fiber optic,74.75,1129,No,Low/Medium,13-24 months
4547-LYTDD,FEMALE,0,No,No,16,Month-to-month,Electronic check,Fiber optic,72.65,1194,Yes,Low/Medium,13-24 months
4301-VVZKA,MALE,0,yes,No,16,Month-to-month,Electronic check,Fiber optic,75.40,1189,No,Low/Medium,13-24 months
4311-QTTAI,FEMALE,0,No,No,16,One year,Credit card (automatic),No,19.35,295,No,Low/Medium,13-24 months
4385-GZQXV,FEMALE,1,No,No,16,Month-to-month,Electronic check,Fiber optic,94.45,1511,Yes,Low/Medium,13-24 months
4488-PSYCG,MALE,0,No,No,16,Month-to-month,Bank transfer (automatic),No,20.25,327,Yes,Low/Medium,13-24 months
3372-KWFBM,MALE,1,No,No,16,Month-to-month,Electronic check,Fiber optic,86.60,1281,Yes,Low/Medium,13-24 months
3351-NGXYI,FEMALE,1,No,No,16,Month-to-month,Electronic check,DSL,54.10,889,No,Low/Medium,13-24 months
3466-WAESX,MALE,0,No,Yes,16,Month-to-month,Electronic check,DSL,69.10,1083,No,Low/Medium,13-24 months
3473-XIIIT,FEMALE,0,yes,No,16,Month-to-month,Electronic check,Fiber optic,100.00,1534,Yes,Low/Medium,13-24 months
3842-QTGDL,MALE,0,yes,No,16,Month-to-month,Bank transfer (automatic),Fiber optic,80.75,1321,No,Low/Medium,13-24 months
3845-JHAMY,FEMALE,0,yes,Yes,16,Month-to-month,Credit card (automatic),DSL,35.50,552,No,Low/Medium,13-24 months
3688-FTHLT,FEMALE,0,No,No,16,Month-to-month,Bank transfer (automatic),DSL,63.05,1067,No,Low/Medium,13-24 months
3703-KBKZP,MALE,1,No,No,16,Month-to-month,Bank transfer (automatic),Fiber optic,74.45,1261,No,Low/Medium,13-24 months
3755-JBMNH,MALE,1,yes,No,16,Month-to-month,Bank transfer (automatic),Fiber optic,71.80,1167,Yes,Low/Medium,13-24 months
3890-RTCMS,MALE,0,No,No,16,Month-to-month,Mailed check,DSL,49.45,799,No,Low/Medium,13-24 months
4079-ULGFR,MALE,0,No,No,16,Month-to-month,Mailed check,No,20.00,275,No,Low/Medium,13-24 months
5146-CBVOE,FEMALE,0,No,No,16,Month-to-month,Bank transfer (automatic),Fiber optic,75.10,1212,No,Low/Medium,13-24 months
5565-FILXA,FEMALE,1,No,No,16,Month-to-month,Electronic check,Fiber optic,96.15,1529,Yes,Low/Medium,13-24 months
5402-HTOTQ,MALE,0,No,No,16,Month-to-month,Electronic check,DSL,55.30,875,No,Low/Medium,13-24 months
5839-SUYVZ,MALE,0,No,No,16,Month-to-month,Credit card (automatic),Fiber optic,74.55,1170,No,Low/Medium,13-24 months
5840-NVDCG,FEMALE,0,yes,Yes,16,Two year,Bank transfer (automatic),DSL,68.25,1114,No,Low/Medium,13-24 months
5989-PGKJB,FEMALE,0,No,No,16,Month-to-month,Electronic check,Fiber optic,86.25,1340,No,Low/Medium,13-24 months
6087-MVHJH,FEMALE,0,No,No,16,Month-to-month,Electronic check,Fiber optic,88.45,1422,Yes,Low/Medium,13-24 months
6127-ISGTU,FEMALE,0,yes,No,16,Month-to-month,Electronic check,Fiber optic,84.95,1378,Yes,Low/Medium,13-24 months
6036-TTFYU,FEMALE,0,yes,No,16,Month-to-month,Mailed check,No,19.60,314,No,Low/Medium,13-24 months
6371-NZYEG,MALE,0,yes,Yes,16,Two year,Mailed check,DSL,64.25,1024,No,Low/Medium,13-24 months
6473-ULUHT,MALE,0,yes,Yes,16,Month-to-month,Electronic check,DSL,84.90,1398,No,Low/Medium,13-24 months
7130-CTCUS,MALE,1,yes,No,16,Month-to-month,Bank transfer (automatic),DSL,54.55,825,No,Low/Medium,13-24 months
6581-NQCBA,FEMALE,0,yes,No,16,Month-to-month,Electronic check,DSL,49.95,810,Yes,Low/Medium,13-24 months
6557-BZXLQ,MALE,1,No,No,16,Month-to-month,Electronic check,Fiber optic,69.65,1043,No,Low/Medium,13-24 months
6537-QLGEX,FEMALE,0,No,No,16,Month-to-month,Electronic check,DSL,38.90,664,No,Low/Medium,13-24 months
6648-INWPS,MALE,0,yes,Yes,16,Month-to-month,Electronic check,No,20.15,341,No,Low/Medium,13-24 months
6692-YQHXC,MALE,0,No,No,16,Month-to-month,Credit card (automatic),Fiber optic,69.95,1205,No,Low/Medium,13-24 months
6696-YDAYZ,MALE,0,yes,Yes,16,Two year,Mailed check,No,20.50,290,No,Low/Medium,13-24 months
7746-QYVCO,MALE,0,yes,Yes,16,One year,Mailed check,DSL,55.85,857,No,Low/Medium,13-24 months
7916-VCCPB,FEMALE,0,yes,Yes,16,Month-to-month,Bank transfer (automatic),Fiber optic,73.25,1195,No,Low/Medium,13-24 months
7503-QQRVF,MALE,1,yes,No,16,Month-to-month,Credit card (automatic),Fiber optic,74.30,1178,Yes,Low/Medium,13-24 months
7562-GSUHK,FEMALE,0,No,No,16,Month-to-month,Credit card (automatic),Fiber optic,93.20,1573,Yes,Low/Medium,13-24 months
7469-LKBCI,MALE,0,No,No,16,Two year,Credit card (automatic),No,18.95,326,No,Low/Medium,13-24 months
8245-UMPYT,FEMALE,1,No,No,16,Month-to-month,Electronic check,Fiber optic,96.40,1581,Yes,Low/Medium,13-24 months
8063-RJYNF,MALE,0,No,No,16,Month-to-month,Electronic check,Fiber optic,94.25,1483,Yes,Low/Medium,13-24 months
8208-EUMTE,MALE,0,No,No,16,Two year,Mailed check,DSL,54.85,916,No,Low/Medium,13-24 months
8573-CGOCC,MALE,0,No,No,16,Month-to-month,Credit card (automatic),No,19.75,294,No,Low/Medium,13-24 months
8652-YHIYU,FEMALE,0,No,Yes,16,One year,Credit card (automatic),Fiber optic,79.50,1264,No,Low/Medium,13-24 months
8679-JOEVF,FEMALE,1,No,No,16,Month-to-month,Electronic check,DSL,59.40,1023,Yes,Low/Medium,13-24 months
9227-UAQFT,MALE,0,No,No,16,Two year,Mailed check,No,19.75,284,No,Low/Medium,13-24 months
9121-PHQSR,MALE,1,yes,No,16,Month-to-month,Credit card (automatic),Fiber optic,85.05,1391,No,Low/Medium,13-24 months
9578-VRMNM,FEMALE,0,No,No,16,Month-to-month,Credit card (automatic),DSL,65.20,1043,Yes,Low/Medium,13-24 months
9560-ARGQJ,FEMALE,0,No,Yes,16,Month-to-month,Electronic check,Fiber optic,81.00,1312,Yes,Low/Medium,13-24 months
2834-JKOOW,FEMALE,0,No,No,15,One year,Mailed check,DSL,45.90,693,No,Low/Medium,13-24 months
2706-QZIHY,FEMALE,0,yes,No,15,Two year,Mailed check,No,25.20,387,No,Low/Medium,13-24 months
2774-LVQUS,FEMALE,1,yes,No,15,Month-to-month,Electronic check,Fiber optic,83.05,1258,Yes,Low/Medium,13-24 months
2533-TIBIX,MALE,0,yes,Yes,15,Month-to-month,Bank transfer (automatic),DSL,30.20,469,No,Low/Medium,13-24 months
2507-QZPQS,MALE,0,No,No,15,Month-to-month,Electronic check,Fiber optic,95.70,1451,No,Low/Medium,13-24 months
2656-FMOKZ,FEMALE,1,No,No,15,Month-to-month,Mailed check,Fiber optic,74.45,1145,Yes,Low/Medium,13-24 months
2223-KAGMX,FEMALE,0,No,No,15,Month-to-month,Bank transfer (automatic),No,19.40,289,Yes,Low/Medium,13-24 months
2266-FUBDZ,MALE,0,yes,Yes,15,Two year,Mailed check,No,19.35,278,No,Low/Medium,13-24 months
2189-WWOEW,FEMALE,0,No,Yes,15,Month-to-month,Bank transfer (automatic),Fiber optic,85.90,1269,Yes,Low/Medium,13-24 months
2154-KVJFF,FEMALE,0,No,No,15,Month-to-month,Electronic check,Fiber optic,79.75,1111,Yes,Low/Medium,13-24 months
1794-SWWKL,MALE,0,yes,Yes,15,Month-to-month,Bank transfer (automatic),DSL,59.65,867,No,Low/Medium,13-24 months
1379-FRVEB,MALE,0,No,Yes,15,Month-to-month,Electronic check,Fiber optic,91.00,1430,No,Low/Medium,13-24 months
1272-ILHFG,MALE,0,yes,Yes,15,One year,Mailed check,No,19.65,332,No,Low/Medium,13-24 months
1324-NLTJE,FEMALE,1,No,No,15,Month-to-month,Credit card (automatic),DSL,55.00,757,Yes,Low/Medium,13-24 months
0851-DFJKB,FEMALE,0,No,No,15,Month-to-month,Electronic check,DSL,58.95,955,No,Low/Medium,13-24 months
1112-CUNAO,FEMALE,1,No,No,15,Month-to-month,Electronic check,Fiber optic,89.85,1424,Yes,Low/Medium,13-24 months
1101-SSWAG,FEMALE,0,yes,No,15,Month-to-month,Electronic check,DSL,51.10,711,No,Low/Medium,13-24 months
0529-ONKER,MALE,1,No,No,15,Month-to-month,Electronic check,Fiber optic,75.65,1146,Yes,Low/Medium,13-24 months
0430-IHCDJ,MALE,0,No,No,15,Month-to-month,Electronic check,DSL,49.00,749,No,Low/Medium,13-24 months
0422-OHQHQ,FEMALE,0,yes,Yes,15,One year,Mailed check,No,20.55,295,No,Low/Medium,13-24 months
0680-DFNNY,MALE,0,yes,No,15,Month-to-month,Electronic check,Fiber optic,101.10,1504,Yes,Low/Medium,13-24 months
0799-DDIHE,FEMALE,0,yes,Yes,15,Month-to-month,Electronic check,DSL,46.30,639,No,Low/Medium,13-24 months
0829-DDVLK,FEMALE,0,No,No,15,One year,Credit card (automatic),No,20.10,302,No,Low/Medium,13-24 months
0125-LZQXK,MALE,0,No,No,15,Month-to-month,Electronic check,Fiber optic,101.35,1553,Yes,Low/Medium,13-24 months
0207-MDKNV,FEMALE,0,No,No,15,Month-to-month,Electronic check,Fiber optic,105.10,1582,Yes,Low/Medium,13-24 months
0236-HFWSV,MALE,0,No,No,15,Month-to-month,Electronic check,Fiber optic,93.35,1444,Yes,Low/Medium,13-24 months
0347-UBKUZ,FEMALE,0,No,No,15,Month-to-month,Mailed check,No,19.90,320,No,Low/Medium,13-24 months
6476-YHMGA,FEMALE,0,yes,Yes,15,Month-to-month,Bank transfer (automatic),DSL,76.50,1155,No,Low/Medium,13-24 months
6040-CGACY,FEMALE,0,No,No,15,Month-to-month,Mailed check,No,19.60,299,No,Low/Medium,13-24 months
6227-HWPWX,FEMALE,0,No,Yes,15,Month-to-month,Bank transfer (automatic),Fiber optic,69.00,994,Yes,Low/Medium,13-24 months
6215-NQCPY,MALE,0,No,No,15,Month-to-month,Electronic check,Fiber optic,99.70,1566,No,Low/Medium,13-24 months
5947-SGKCL,FEMALE,0,yes,Yes,15,Month-to-month,Bank transfer (automatic),Fiber optic,105.35,1559,No,Low/Medium,13-24 months
5937-EORGB,MALE,1,yes,No,15,Month-to-month,Electronic check,Fiber optic,96.50,1392,No,Low/Medium,13-24 months
5908-QMGOE,MALE,1,No,No,15,Month-to-month,Credit card (automatic),Fiber optic,74.20,1133,Yes,Low/Medium,13-24 months
5688-KZTSN,MALE,0,yes,Yes,15,Month-to-month,Electronic check,No,20.00,288,Yes,Low/Medium,13-24 months
5384-ZTTWP,FEMALE,0,yes,Yes,15,Month-to-month,Mailed check,No,19.80,272,No,Low/Medium,13-24 months
5312-TSZVC,FEMALE,0,No,Yes,15,One year,Mailed check,No,19.65,270,No,Low/Medium,13-24 months
5577-OTWWW,FEMALE,0,No,No,15,Month-to-month,Bank transfer (automatic),No,19.75,297,Yes,Low/Medium,13-24 months
5609-IMCGG,FEMALE,0,No,No,15,Month-to-month,Credit card (automatic),Fiber optic,84.35,1302,No,Low/Medium,13-24 months
5003-OKNNK,FEMALE,0,yes,Yes,15,One year,Credit card (automatic),No,20.35,335,No,Low/Medium,13-24 months
4957-TIALW,FEMALE,0,No,Yes,15,One year,Credit card (automatic),DSL,65.60,1010,No,Low/Medium,13-24 months
4925-LMHOK,MALE,0,No,No,15,Month-to-month,Credit card (automatic),DSL,58.60,939,Yes,Low/Medium,13-24 months
3753-TSEMP,FEMALE,0,yes,No,15,Month-to-month,Electronic check,Fiber optic,88.15,1390,Yes,Low/Medium,13-24 months
3721-CNZHX,MALE,0,No,No,15,One year,Mailed check,No,19.80,304,No,Low/Medium,13-24 months
3733-LSYCE,FEMALE,0,yes,No,15,Month-to-month,Bank transfer (automatic),Fiber optic,75.35,1114,No,Low/Medium,13-24 months
3466-BYAVD,MALE,0,yes,Yes,15,Month-to-month,Mailed check,DSL,69.50,1071,No,Low/Medium,13-24 months
3426-NIYYL,MALE,0,No,No,15,Month-to-month,Electronic check,DSL,51.55,765,Yes,Low/Medium,13-24 months
3315-TOTBP,MALE,0,No,No,15,Month-to-month,Mailed check,Fiber optic,76.00,1130,Yes,Low/Medium,13-24 months
3635-JBPSG,FEMALE,0,No,No,15,Two year,Mailed check,DSL,38.80,603,No,Low/Medium,13-24 months
3663-MITLP,FEMALE,0,No,No,15,Month-to-month,Electronic check,Fiber optic,101.25,1457,Yes,Low/Medium,13-24 months
3500-RMZLT,FEMALE,1,No,No,15,Month-to-month,Mailed check,Fiber optic,96.30,1426,Yes,Low/Medium,13-24 months
3540-RZJYU,FEMALE,0,No,No,15,Month-to-month,Electronic check,Fiber optic,86.20,1270,Yes,Low/Medium,13-24 months
4452-ROHMO,FEMALE,0,No,No,15,Two year,Mailed check,No,19.60,331,No,Low/Medium,13-24 months
4451-RWASJ,MALE,0,yes,Yes,15,One year,Mailed check,No,19.50,239,No,Low/Medium,13-24 months
4298-OYIFC,MALE,0,yes,No,15,Month-to-month,Electronic check,Fiber optic,103.45,1539,No,Low/Medium,13-24 months
4631-OACRM,MALE,1,No,No,15,Month-to-month,Electronic check,Fiber optic,79.40,1156,Yes,Low/Medium,13-24 months
9578-FOMUK,MALE,0,No,Yes,15,Month-to-month,Electronic check,No,24.80,324,No,Low/Medium,13-24 months
9420-LOJKX,FEMALE,0,No,No,15,Month-to-month,Credit card (automatic),Fiber optic,99.10,1426,Yes,Low/Medium,13-24 months
9402-ORRAH,FEMALE,1,No,No,15,Month-to-month,Electronic check,Fiber optic,91.50,1400,No,Low/Medium,13-24 months
9396-ZSFLL,FEMALE,0,No,No,15,Month-to-month,Mailed check,DSL,48.85,631,No,Low/Medium,13-24 months
9364-YKUVW,MALE,0,No,No,15,Month-to-month,Mailed check,No,19.80,309,No,Low/Medium,13-24 months
9474-PHLYD,FEMALE,0,No,No,15,Month-to-month,Electronic check,DSL,59.45,892,Yes,Low/Medium,13-24 months
9529-OFXHY,MALE,0,No,No,15,Month-to-month,Bank transfer (automatic),Fiber optic,87.75,1242,No,Low/Medium,13-24 months
9163-GHAYE,FEMALE,0,No,No,15,Month-to-month,Electronic check,DSL,48.85,736,No,Low/Medium,13-24 months
9274-UARKJ,FEMALE,0,No,No,15,Month-to-month,Bank transfer (automatic),Fiber optic,83.20,1130,No,Low/Medium,13-24 months
9103-TCIHJ,FEMALE,0,No,No,15,Month-to-month,Mailed check,DSL,55.70,899,Yes,Low/Medium,13-24 months
9094-AZPHK,FEMALE,0,No,No,15,Month-to-month,Electronic check,Fiber optic,100.15,1415,No,Low/Medium,13-24 months
8944-AILEF,MALE,0,yes,No,15,Month-to-month,Credit card (automatic),No,19.45,340,No,Low/Medium,13-24 months
8614-VGMMV,FEMALE,0,No,No,15,Month-to-month,Electronic check,DSL,49.10,679,Yes,Low/Medium,13-24 months
8519-IMDHU,MALE,1,yes,No,15,Month-to-month,Bank transfer (automatic),Fiber optic,85.60,1345,Yes,Low/Medium,13-24 months
8903-WMRNW,FEMALE,0,yes,No,15,Month-to-month,Electronic check,Fiber optic,101.75,1669,No,Low/Medium,13-24 months
8138-EALND,MALE,0,No,No,15,Month-to-month,Mailed check,No,19.75,311,No,Low/Medium,13-24 months
8404-VLQFB,FEMALE,0,yes,Yes,15,Month-to-month,Electronic check,No,25.25,394,No,Low/Medium,13-24 months
8387-UGUSU,FEMALE,0,yes,Yes,15,Month-to-month,Mailed check,No,20.05,284,No,Low/Medium,13-24 months
7459-RRWQZ,FEMALE,0,No,No,15,Month-to-month,Bank transfer (automatic),DSL,64.65,994,Yes,Low/Medium,13-24 months
7508-SMHXL,FEMALE,1,No,No,15,Month-to-month,Credit card (automatic),Fiber optic,89.00,1288,No,Low/Medium,13-24 months
7610-TVOPG,MALE,0,No,No,15,Month-to-month,Electronic check,No,26.35,378,No,Low/Medium,13-24 months
7861-UVUFT,FEMALE,0,yes,No,15,Month-to-month,Electronic check,Fiber optic,84.30,1308,Yes,Low/Medium,13-24 months
7876-BEUTG,FEMALE,0,No,No,15,Month-to-month,Mailed check,DSL,48.80,720,No,Low/Medium,13-24 months
7993-NQLJE,MALE,0,yes,Yes,15,Month-to-month,Mailed check,Fiber optic,75.10,1151,No,Low/Medium,13-24 months
8010-EZLOU,MALE,1,No,No,15,Month-to-month,Electronic check,Fiber optic,80.20,1217,Yes,Low/Medium,13-24 months
8007-YYPWD,FEMALE,0,No,No,15,Two year,Bank transfer (automatic),No,25.05,369,No,Low/Medium,13-24 months
7998-ZLXWN,FEMALE,0,yes,No,15,Month-to-month,Credit card (automatic),No,20.45,330,No,Low/Medium,13-24 months
8020-BWHYL,FEMALE,1,No,No,15,Month-to-month,Credit card (automatic),Fiber optic,75.30,1147,Yes,Low/Medium,13-24 months
7758-XKCBS,MALE,0,No,No,15,Month-to-month,Electronic check,DSL,29.70,438,Yes,Low/Medium,13-24 months
7718-RXDGG,MALE,0,yes,No,15,Month-to-month,Bank transfer (automatic),Fiber optic,68.60,1108,No,Low/Medium,13-24 months
6728-CZFEI,FEMALE,0,No,No,15,One year,Mailed check,DSL,56.15,931,No,Low/Medium,13-24 months
6719-OXYBR,MALE,0,No,No,15,Month-to-month,Electronic check,Fiber optic,85.30,1219,No,Low/Medium,13-24 months
6833-JMZYP,FEMALE,0,No,No,15,Month-to-month,Credit card (automatic),Fiber optic,94.00,1505,No,Low/Medium,13-24 months
6586-PSJOX,MALE,0,No,Yes,15,One year,Credit card (automatic),DSL,55.20,864,No,Low/Medium,13-24 months
6537-OTKMY,MALE,0,No,No,15,One year,Electronic check,DSL,50.75,688,No,Low/Medium,13-24 months
6508-NJYRO,MALE,0,yes,No,15,One year,Mailed check,No,18.80,294,No,Low/Medium,13-24 months
6583-KQJLK,FEMALE,1,yes,No,15,Month-to-month,Electronic check,Fiber optic,94.65,1285,No,Low/Medium,13-24 months
7083-YNSKY,FEMALE,0,No,No,15,Month-to-month,Credit card (automatic),No,25.40,399,Yes,Low/Medium,13-24 months
7105-BENQF,MALE,0,No,Yes,15,One year,Mailed check,DSL,64.85,950,No,Low/Medium,13-24 months
6906-ANDWJ,MALE,0,yes,Yes,15,Month-to-month,Bank transfer (automatic),Fiber optic,74.90,1107,Yes,Low/Medium,13-24 months
6967-QIQRV,MALE,0,yes,Yes,15,One year,Electronic check,Fiber optic,101.90,1667,No,Low/Medium,13-24 months
9938-EKRGF,FEMALE,0,No,No,15,Month-to-month,Mailed check,DSL,84.45,1287,No,Low/Medium,13-24 months
9947-OTFQU,MALE,1,No,No,15,Month-to-month,Electronic check,Fiber optic,74.40,1074,Yes,Low/Medium,13-24 months
0080-EMYVY,FEMALE,0,No,No,14,One year,Credit card (automatic),DSL,51.45,727,No,Low/Medium,13-24 months
0601-WZHJF,MALE,0,yes,No,14,Month-to-month,Electronic check,DSL,46.35,667,Yes,Low/Medium,13-24 months
1113-IUJYX,FEMALE,0,yes,No,14,One year,Mailed check,Fiber optic,105.95,1348,Yes,Low/Medium,13-24 months
1236-WFCDV,MALE,1,No,No,14,Month-to-month,Credit card (automatic),Fiber optic,90.45,1266,Yes,Low/Medium,13-24 months
0916-QOFDP,FEMALE,1,yes,Yes,14,Month-to-month,Electronic check,Fiber optic,95.80,1346,No,Low/Medium,13-24 months
1245-HARPS,FEMALE,0,yes,No,14,Two year,Mailed check,No,20.40,292,No,Low/Medium,13-24 months
1345-ZUKID,MALE,0,No,No,14,One year,Mailed check,No,19.35,324,No,Low/Medium,13-24 months
1629-DQQVB,FEMALE,0,No,No,14,Month-to-month,Bank transfer (automatic),DSL,50.10,709,No,Low/Medium,13-24 months
1670-SVOWZ,FEMALE,0,yes,Yes,14,Month-to-month,Credit card (automatic),Fiber optic,89.65,1208,Yes,Low/Medium,13-24 months
1965-AKTSX,FEMALE,1,No,No,14,Month-to-month,Electronic check,Fiber optic,78.95,1101,Yes,Low/Medium,13-24 months
2138-VFAPZ,FEMALE,0,yes,Yes,14,Two year,Mailed check,No,19.70,263,No,Low/Medium,13-24 months
2114-MGINA,FEMALE,0,No,No,14,Month-to-month,Mailed check,Fiber optic,89.80,1129,Yes,Low/Medium,13-24 months
2272-QAGFO,FEMALE,1,No,No,14,Month-to-month,Electronic check,Fiber optic,74.30,1096,Yes,Low/Medium,13-24 months
2257-BOVXD,MALE,0,yes,No,14,Month-to-month,Credit card (automatic),DSL,66.60,979,No,Low/Medium,13-24 months
2599-CZABP,MALE,0,yes,No,14,One year,Electronic check,DSL,44.60,641,No,Low/Medium,13-24 months
2845-HSJCY,FEMALE,0,yes,Yes,14,Month-to-month,Electronic check,Fiber optic,87.25,1258,Yes,Low/Medium,13-24 months
3190-FZATL,MALE,0,No,Yes,14,Month-to-month,Mailed check,No,19.95,268,No,Low/Medium,13-24 months
3131-NWVFJ,FEMALE,0,yes,Yes,14,One year,Mailed check,No,19.55,294,No,Low/Medium,13-24 months
3082-WQRVY,MALE,1,yes,No,14,One year,Mailed check,No,19.65,228,No,Low/Medium,13-24 months
3059-NGMXB,MALE,0,yes,Yes,14,Month-to-month,Mailed check,DSL,69.20,944,No,Low/Medium,13-24 months
3061-BCKYI,MALE,0,No,No,14,Month-to-month,Mailed check,No,19.90,283,No,Low/Medium,13-24 months
4559-UWIHT,MALE,0,yes,No,14,Month-to-month,Electronic check,Fiber optic,82.65,1185,No,Low/Medium,13-24 months
4403-BWPAY,MALE,0,No,No,14,One year,Credit card (automatic),No,24.80,321,No,Low/Medium,13-24 months
4373-MAVJG,FEMALE,0,yes,Yes,14,Month-to-month,Bank transfer (automatic),Fiber optic,90.90,1259,Yes,Low/Medium,13-24 months
3677-TNKIO,FEMALE,0,No,No,14,Month-to-month,Credit card (automatic),Fiber optic,71.00,914,Yes,Low/Medium,13-24 months
3621-CEOVK,FEMALE,1,yes,No,14,Month-to-month,Electronic check,Fiber optic,100.20,1369,Yes,Low/Medium,13-24 months
3317-VLGQT,FEMALE,0,yes,No,14,Month-to-month,Electronic check,Fiber optic,78.10,1122,No,Low/Medium,13-24 months
3320-VEOYC,MALE,1,No,No,14,Month-to-month,Electronic check,Fiber optic,95.60,1273,No,Low/Medium,13-24 months
3423-HHXAO,FEMALE,0,yes,Yes,14,One year,Mailed check,No,19.50,272,No,Low/Medium,13-24 months
3873-NFTGI,MALE,0,No,No,14,Month-to-month,Credit card (automatic),DSL,55.50,767,No,Low/Medium,13-24 months
3800-LYTRK,FEMALE,0,No,No,14,One year,Mailed check,DSL,55.70,795,No,Low/Medium,13-24 months
4881-GQJTW,MALE,0,No,No,14,Month-to-month,Credit card (automatic),No,19.60,300,No,Low/Medium,13-24 months
4994-OBRSZ,MALE,0,No,Yes,14,Two year,Bank transfer (automatic),DSL,76.10,1054,No,Low/Medium,13-24 months
5599-HVLTW,FEMALE,1,No,No,14,Month-to-month,Bank transfer (automatic),Fiber optic,80.35,1058,No,Low/Medium,13-24 months
5433-KYGHE,FEMALE,0,No,Yes,14,Month-to-month,Mailed check,Fiber optic,86.00,1164,No,Low/Medium,13-24 months
6994-ORCWG,FEMALE,0,No,No,14,One year,Mailed check,DSL,54.25,773,No,Low/Medium,13-24 months
6986-IXNDM,MALE,0,No,No,14,Month-to-month,Electronic check,Fiber optic,92.90,1337,No,Low/Medium,13-24 months
7228-PAQPD,FEMALE,0,No,No,14,One year,Credit card (automatic),DSL,59.10,772,No,Low/Medium,13-24 months
6551-GNYDG,FEMALE,0,yes,Yes,14,Month-to-month,Bank transfer (automatic),Fiber optic,80.90,1152,No,Low/Medium,13-24 months
6502-KUGLL,FEMALE,0,yes,Yes,14,Month-to-month,Bank transfer (automatic),DSL,59.45,780,No,Low/Medium,13-24 months
6615-NGGZJ,MALE,0,No,No,14,Month-to-month,Electronic check,Fiber optic,100.55,1415,Yes,Low/Medium,13-24 months
6646-JPPHA,FEMALE,1,No,No,14,Month-to-month,Electronic check,Fiber optic,78.85,1043,No,Low/Medium,13-24 months
6727-IOTLZ,MALE,0,yes,No,14,Two year,Mailed check,DSL,81.95,1181,No,Low/Medium,13-24 months
6692-UDPJC,FEMALE,0,yes,Yes,14,Month-to-month,Electronic check,Fiber optic,91.65,1301,Yes,Low/Medium,13-24 months
7683-CBDKJ,MALE,0,yes,Yes,14,Month-to-month,Electronic check,DSL,65.45,937,Yes,Low/Medium,13-24 months
7817-OMJNA,MALE,0,No,No,14,One year,Bank transfer (automatic),No,20.40,275,No,Low/Medium,13-24 months
7798-JVXYM,FEMALE,0,No,No,14,Month-to-month,Electronic check,DSL,69.65,921,No,Low/Medium,13-24 months
8008-HAWED,MALE,0,No,No,14,Month-to-month,Electronic check,DSL,50.75,712,Yes,Low/Medium,13-24 months
7901-HXJVA,MALE,0,No,No,14,Month-to-month,Electronic check,Fiber optic,76.45,1117,No,Low/Medium,13-24 months
7508-MYBOG,MALE,0,yes,No,14,Month-to-month,Electronic check,Fiber optic,86.10,1235,Yes,Low/Medium,13-24 months
7473-ZBDSN,FEMALE,0,yes,Yes,14,Two year,Mailed check,No,18.80,255,No,Low/Medium,13-24 months
7296-PIXQY,FEMALE,0,yes,Yes,14,Month-to-month,Electronic check,Fiber optic,70.20,1046,No,Low/Medium,13-24 months
8257-RZAHR,FEMALE,0,yes,No,14,Month-to-month,Bank transfer (automatic),DSL,64.70,941,Yes,Low/Medium,13-24 months
8317-BVKSO,MALE,0,No,No,14,Month-to-month,Electronic check,No,20.05,299,No,Low/Medium,13-24 months
8337-MSSXB,FEMALE,0,No,No,14,Month-to-month,Electronic check,Fiber optic,86.30,1180,Yes,Low/Medium,13-24 months
8107-KNCIM,MALE,1,yes,No,14,Month-to-month,Electronic check,Fiber optic,75.10,1013,No,Low/Medium,13-24 months
8069-YQQAJ,MALE,0,No,No,14,Month-to-month,Mailed check,DSL,31.10,419,No,Low/Medium,13-24 months
8198-RKSZG,FEMALE,0,yes,Yes,14,Month-to-month,Credit card (automatic),DSL,80.45,1137,No,Low/Medium,13-24 months
8735-IJJEG,MALE,0,yes,No,14,Month-to-month,Credit card (automatic),DSL,50.20,668,No,Low/Medium,13-24 months
8519-QJGJD,FEMALE,0,No,No,14,Month-to-month,Electronic check,Fiber optic,75.35,1025,Yes,Low/Medium,13-24 months
8544-GOQSH,FEMALE,0,No,No,14,Month-to-month,Credit card (automatic),Fiber optic,80.05,1112,No,Low/Medium,13-24 months
8648-PFRMP,FEMALE,1,No,No,14,Month-to-month,Electronic check,DSL,46.35,672,No,Low/Medium,13-24 months
8645-KWHJO,MALE,0,No,No,14,Month-to-month,Electronic check,DSL,55.00,771,No,Low/Medium,13-24 months
8967-SZQAS,FEMALE,0,No,No,14,Month-to-month,Electronic check,DSL,50.45,765,No,Low/Medium,13-24 months
9097-ZUBYC,MALE,0,yes,No,14,Month-to-month,Bank transfer (automatic),DSL,48.80,664,No,Low/Medium,13-24 months
9314-IJWSQ,FEMALE,0,yes,Yes,14,Month-to-month,Electronic check,Fiber optic,84.80,1203,No,Low/Medium,13-24 months
9146-JRIOX,FEMALE,0,yes,Yes,14,Month-to-month,Mailed check,No,25.55,372,No,Low/Medium,13-24 months
9221-OTIVJ,FEMALE,1,No,No,14,Month-to-month,Electronic check,Fiber optic,104.85,1531,Yes,Low/Medium,13-24 months
9185-TQCVP,MALE,0,yes,No,14,Month-to-month,Electronic check,Fiber optic,85.15,1139,Yes,Low/Medium,13-24 months
9481-SFCQY,FEMALE,0,No,Yes,14,Month-to-month,Credit card (automatic),DSL,59.80,824,No,Low/Medium,13-24 months
9436-ZBZCT,MALE,0,No,No,14,Month-to-month,Electronic check,Fiber optic,89.95,1178,Yes,Low/Medium,13-24 months
9685-WKZGT,MALE,1,No,No,14,Month-to-month,Electronic check,Fiber optic,74.95,1036,Yes,Low/Medium,13-24 months
9715-SBVSU,MALE,0,yes,Yes,14,Two year,Bank transfer (automatic),DSL,61.40,815,No,Low/Medium,13-24 months
9796-MVYXX,FEMALE,1,No,No,14,Two year,Mailed check,DSL,39.70,692,No,Low/Medium,13-24 months
9921-ZVRHG,FEMALE,0,No,No,14,Month-to-month,Electronic check,Fiber optic,80.45,1072,Yes,Low/Medium,13-24 months
9845-QOMAD,MALE,0,yes,Yes,14,One year,Mailed check,No,19.75,309,No,Low/Medium,13-24 months
3058-WQDRE,MALE,0,No,No,13,Month-to-month,Bank transfer (automatic),DSL,25.15,331,No,Low/Medium,13-24 months
2971-SGAFL,FEMALE,0,No,No,13,Month-to-month,Electronic check,DSL,78.75,995,No,Low/Medium,13-24 months
2931-FSOHN,MALE,1,No,No,13,Month-to-month,Electronic check,DSL,59.90,788,No,Low/Medium,13-24 months
3078-ZKNTS,FEMALE,0,yes,Yes,13,Two year,Bank transfer (automatic),No,19.75,246,No,Low/Medium,13-24 months
3143-JQEGI,FEMALE,0,yes,Yes,13,Month-to-month,Electronic check,Fiber optic,88.35,1222,Yes,Low/Medium,13-24 months
2817-NTQDO,MALE,0,No,No,13,Month-to-month,Credit card (automatic),DSL,45.55,597,Yes,Low/Medium,13-24 months
2876-GZYZC,FEMALE,0,No,No,13,Month-to-month,Electronic check,Fiber optic,85.95,1215,No,Low/Medium,13-24 months
2788-CJQAQ,MALE,0,No,No,13,One year,Mailed check,No,19.45,270,No,Low/Medium,13-24 months
2592-HODOV,MALE,0,No,No,13,One year,Credit card (automatic),No,19.30,259,No,Low/Medium,13-24 months
2157-MXBJS,MALE,0,yes,No,13,One year,Mailed check,DSL,75.30,989,Yes,Low/Medium,13-24 months
2398-YPMUR,FEMALE,1,yes,No,13,Month-to-month,Electronic check,Fiber optic,70.15,916,Yes,Low/Medium,13-24 months
2025-JKFWI,MALE,0,No,No,13,Month-to-month,Mailed check,Fiber optic,99.00,1301,Yes,Low/Medium,13-24 months
1843-TLSGD,FEMALE,0,yes,Yes,13,Two year,Mailed check,No,20.85,272,No,Low/Medium,13-24 months
1918-ZBFQJ,FEMALE,0,No,No,13,Month-to-month,Electronic check,Fiber optic,79.25,1111,Yes,Low/Medium,13-24 months
1790-NESIO,FEMALE,0,No,No,13,Two year,Mailed check,No,20.40,261,No,Low/Medium,13-24 months
1564-NTYXF,FEMALE,1,No,No,13,Month-to-month,Electronic check,Fiber optic,82.00,1127,Yes,Low/Medium,13-24 months
1442-BQPVU,FEMALE,0,No,No,13,Month-to-month,Electronic check,DSL,29.15,357,No,Low/Medium,13-24 months
1346-UFHAX,FEMALE,0,No,No,13,Month-to-month,Credit card (automatic),Fiber optic,80.00,1029,No,Low/Medium,13-24 months
0939-EREMR,FEMALE,0,No,Yes,13,Month-to-month,Mailed check,DSL,53.45,718,No,Low/Medium,13-24 months
0928-XUTSN,FEMALE,0,No,No,13,Month-to-month,Electronic check,Fiber optic,80.50,1011,No,Low/Medium,13-24 months
0854-UYHZD,FEMALE,0,yes,Yes,13,Two year,Mailed check,No,19.55,265,No,Low/Medium,13-24 months
0871-URUWO,MALE,0,yes,No,13,Month-to-month,Credit card (automatic),Fiber optic,102.25,1359,Yes,Low/Medium,13-24 months
0952-KMEEH,MALE,0,No,No,13,Month-to-month,Mailed check,Fiber optic,98.15,1230,Yes,Low/Medium,13-24 months
0956-SYCWG,FEMALE,0,No,No,13,One year,Electronic check,No,19.65,244,No,Low/Medium,13-24 months
1195-OIYEJ,MALE,0,No,No,13,Month-to-month,Electronic check,Fiber optic,91.10,1135,Yes,Low/Medium,13-24 months
0594-UFTUL,MALE,0,yes,Yes,13,Month-to-month,Mailed check,No,19.85,252,No,Low/Medium,13-24 months
0620-DLSLK,FEMALE,0,No,No,13,Month-to-month,Mailed check,Fiber optic,81.90,1028,No,Low/Medium,13-24 months
0550-DCXLH,MALE,0,No,No,13,Month-to-month,Mailed check,DSL,73.35,931,No,Low/Medium,13-24 months
0458-HEUZG,FEMALE,0,No,No,13,Two year,Mailed check,DSL,35.40,450,No,Low/Medium,13-24 months
0811-GSDTP,FEMALE,0,No,Yes,13,Month-to-month,Electronic check,DSL,30.15,382,No,Low/Medium,13-24 months
0749-IRGQE,FEMALE,1,yes,No,13,Month-to-month,Electronic check,DSL,45.30,528,No,Low/Medium,13-24 months
0689-NKYLF,MALE,0,No,No,13,Month-to-month,Electronic check,Fiber optic,83.20,1060,Yes,Low/Medium,13-24 months
0708-LGSMF,MALE,0,yes,No,13,Month-to-month,Electronic check,DSL,65.85,902,No,Low/Medium,13-24 months
0637-UBJRP,MALE,0,yes,Yes,13,Month-to-month,Electronic check,Fiber optic,84.05,1095,Yes,Low/Medium,13-24 months
0023-XUOPT,FEMALE,0,yes,No,13,Month-to-month,Electronic check,Fiber optic,94.10,1215,Yes,Low/Medium,13-24 months
0011-IGKFF,MALE,1,yes,No,13,Month-to-month,Electronic check,Fiber optic,98.00,1237,Yes,Low/Medium,13-24 months
5639-NTUPK,MALE,0,No,Yes,13,Month-to-month,Credit card (automatic),DSL,52.10,670,No,Low/Medium,13-24 months
5546-QUERU,MALE,0,No,No,13,One year,Mailed check,No,19.95,257,No,Low/Medium,13-24 months
5364-EVNIB,MALE,0,No,No,13,Month-to-month,Electronic check,Fiber optic,79.80,973,Yes,Low/Medium,13-24 months
5014-GSOUQ,MALE,0,No,No,13,Two year,Mailed check,No,19.95,243,No,Low/Medium,13-24 months
5039-LZRQT,FEMALE,0,No,No,13,One year,Mailed check,No,20.20,273,No,Low/Medium,13-24 months
4860-IJUDE,MALE,0,No,No,13,Month-to-month,Credit card (automatic),Fiber optic,73.75,956,No,Low/Medium,13-24 months
4931-TRZWN,FEMALE,0,No,No,13,Month-to-month,Electronic check,DSL,71.95,923,No,Low/Medium,13-24 months
5063-IUOKK,MALE,0,No,No,13,Two year,Mailed check,No,19.75,265,No,Low/Medium,13-24 months
5228-EXCET,MALE,0,No,No,13,Month-to-month,Electronic check,Fiber optic,80.85,1008,Yes,Low/Medium,13-24 months
5701-ZIKJE,MALE,0,No,No,13,Month-to-month,Mailed check,DSL,50.55,610,No,Low/Medium,13-24 months
5716-LIBJC,FEMALE,0,No,Yes,13,One year,Credit card (automatic),Fiber optic,104.15,1299,No,Low/Medium,13-24 months
5899-MQZZL,FEMALE,0,No,No,13,Month-to-month,Mailed check,Fiber optic,75.00,999,Yes,Low/Medium,13-24 months
5924-IFQTT,MALE,0,yes,Yes,13,Month-to-month,Electronic check,DSL,72.80,930,No,Low/Medium,13-24 months
5889-LFOLL,FEMALE,0,No,No,13,Month-to-month,Electronic check,Fiber optic,84.60,1115,Yes,Low/Medium,13-24 months
6131-JLWZM,FEMALE,0,No,No,13,Month-to-month,Mailed check,No,20.30,275,No,Low/Medium,13-24 months
6078-VESFR,MALE,1,yes,No,13,Month-to-month,Bank transfer (automatic),Fiber optic,70.45,849,No,Low/Medium,13-24 months
6112-KTHFQ,FEMALE,0,No,No,13,Month-to-month,Mailed check,No,19.30,279,No,Low/Medium,13-24 months
6339-DKLMK,FEMALE,0,No,No,13,Month-to-month,Electronic check,DSL,31.65,389,No,Low/Medium,13-24 months
6366-XIVKZ,FEMALE,0,yes,Yes,13,Month-to-month,Mailed check,DSL,63.15,816,No,Low/Medium,13-24 months
6253-WRFHY,MALE,0,yes,Yes,13,One year,Electronic check,DSL,64.75,877,No,Low/Medium,13-24 months
3793-MMFUH,FEMALE,1,No,No,13,Month-to-month,Electronic check,Fiber optic,95.05,1290,Yes,Low/Medium,13-24 months
3752-CQSJI,FEMALE,0,yes,Yes,13,Month-to-month,Mailed check,No,20.45,254,No,Low/Medium,13-24 months
4080-IIARD,FEMALE,0,yes,No,13,Month-to-month,Electronic check,DSL,76.20,981,No,Low/Medium,13-24 months
3374-LXDEV,FEMALE,0,No,No,13,Month-to-month,Electronic check,Fiber optic,89.40,1132,Yes,Low/Medium,13-24 months
3372-CDXFJ,MALE,0,yes,Yes,13,One year,Bank transfer (automatic),No,24.50,343,No,Low/Medium,13-24 months
3387-PLKUI,FEMALE,0,yes,Yes,13,Month-to-month,Mailed check,No,18.80,251,No,Low/Medium,13-24 months
3638-DIMPH,FEMALE,0,yes,No,13,One year,Electronic check,DSL,43.80,592,No,Low/Medium,13-24 months
3640-JQGJG,MALE,0,yes,Yes,13,Month-to-month,Bank transfer (automatic),DSL,44.80,559,No,Low/Medium,13-24 months
3606-TWKGI,MALE,1,No,No,13,Month-to-month,Electronic check,Fiber optic,106.90,1364,Yes,Low/Medium,13-24 months
3644-QXEHN,MALE,0,yes,Yes,13,Month-to-month,Electronic check,Fiber optic,97.00,1334,No,Low/Medium,13-24 months
4323-ELYYB,MALE,0,yes,Yes,13,One year,Mailed check,No,20.00,218,No,Low/Medium,13-24 months
4441-NIHPT,FEMALE,1,No,No,13,Month-to-month,Electronic check,Fiber optic,74.30,940,Yes,Low/Medium,13-24 months
4418-LZMSV,MALE,0,yes,Yes,13,Month-to-month,Bank transfer (automatic),DSL,61.80,750,No,Low/Medium,13-24 months
4486-EFAEB,MALE,0,No,No,13,Month-to-month,Electronic check,No,20.40,251,No,Low/Medium,13-24 months
4154-AQUGT,MALE,1,yes,No,13,Month-to-month,Bank transfer (automatic),Fiber optic,89.05,1169,Yes,Low/Medium,13-24 months
4581-LNWUM,FEMALE,0,No,No,13,Month-to-month,Electronic check,DSL,49.15,649,No,Low/Medium,13-24 months
4522-AKYLR,FEMALE,1,No,No,13,Month-to-month,Electronic check,DSL,54.80,731,No,Low/Medium,13-24 months
4640-UHDOS,FEMALE,0,yes,Yes,13,Month-to-month,Electronic check,DSL,55.95,734,Yes,Low/Medium,13-24 months
4822-NGOCH,FEMALE,0,No,No,13,Month-to-month,Electronic check,Fiber optic,84.45,1058,Yes,Low/Medium,13-24 months
4770-QAZXN,FEMALE,0,No,No,13,Month-to-month,Credit card (automatic),No,19.45,232,No,Low/Medium,13-24 months
9763-GRSKD,MALE,0,yes,Yes,13,Month-to-month,Mailed check,DSL,49.95,587,No,Low/Medium,13-24 months
9705-ZJBCG,FEMALE,0,yes,Yes,13,One year,Bank transfer (automatic),DSL,54.15,701,No,Low/Medium,13-24 months
9553-DLCLU,FEMALE,0,No,Yes,13,Two year,Credit card (automatic),DSL,88.95,1161,No,Low/Medium,13-24 months
9625-QSTYE,FEMALE,0,No,No,13,Month-to-month,Electronic check,Fiber optic,81.15,952,Yes,Low/Medium,13-24 months
9522-ZSINC,MALE,0,No,No,13,One year,Electronic check,No,19.95,253,No,Low/Medium,13-24 months
9506-UXUSK,MALE,0,No,No,13,Month-to-month,Electronic check,Fiber optic,70.15,931,No,Low/Medium,13-24 months
9206-GVPEQ,MALE,0,yes,No,13,Month-to-month,Electronic check,DSL,54.45,706,Yes,Low/Medium,13-24 months
9283-LZQOH,MALE,0,yes,Yes,13,Month-to-month,Credit card (automatic),Fiber optic,74.40,896,Yes,Low/Medium,13-24 months
9290-SHCMB,FEMALE,1,No,No,13,Month-to-month,Electronic check,Fiber optic,96.85,1235,No,Low/Medium,13-24 months
9330-IJWIO,FEMALE,0,No,No,13,Month-to-month,Electronic check,Fiber optic,100.35,1358,Yes,Low/Medium,13-24 months
9061-TIHDA,MALE,1,yes,No,13,Month-to-month,Electronic check,Fiber optic,95.25,1233,Yes,Low/Medium,13-24 months
8992-VONJD,FEMALE,0,No,Yes,13,Month-to-month,Electronic check,DSL,56.00,764,No,Low/Medium,13-24 months
8510-AWCXC,FEMALE,1,No,No,13,Month-to-month,Electronic check,Fiber optic,100.80,1308,Yes,Low/Medium,13-24 months
8718-PTMEZ,FEMALE,0,No,No,13,Month-to-month,Electronic check,DSL,31.05,347,Yes,Low/Medium,13-24 months
8844-TONUD,MALE,0,yes,Yes,13,Month-to-month,Mailed check,Fiber optic,96.65,1162,Yes,Low/Medium,13-24 months
8066-POXGX,FEMALE,0,No,No,13,Month-to-month,Electronic check,DSL,35.10,446,Yes,Low/Medium,13-24 months
8082-GHXOP,MALE,0,No,Yes,13,Month-to-month,Mailed check,DSL,44.00,659,No,Low/Medium,13-24 months
8474-UMLNT,FEMALE,0,No,No,13,Month-to-month,Bank transfer (automatic),DSL,67.80,842,No,Low/Medium,13-24 months
7277-KAMWT,MALE,0,No,No,13,Two year,Credit card (automatic),No,20.00,268,No,Low/Medium,13-24 months
7315-WYOAW,MALE,0,No,No,13,Month-to-month,Electronic check,Fiber optic,100.75,1313,No,Low/Medium,13-24 months
7321-ZNSLA,MALE,0,yes,Yes,13,Two year,Mailed check,DSL,40.55,590,No,Low/Medium,13-24 months
7470-MCQTK,FEMALE,0,yes,No,13,Month-to-month,Bank transfer (automatic),DSL,48.75,633,Yes,Low/Medium,13-24 months
7562-UXTPG,FEMALE,0,No,No,13,Month-to-month,Mailed check,Fiber optic,70.15,886,No,Low/Medium,13-24 months
7996-BPXHY,FEMALE,0,yes,Yes,13,Two year,Bank transfer (automatic),No,25.00,332,No,Low/Medium,13-24 months
7852-LECYP,MALE,1,yes,No,13,Month-to-month,Credit card (automatic),Fiber optic,93.80,1261,No,Low/Medium,13-24 months
6834-NXDCA,FEMALE,0,No,No,13,Month-to-month,Electronic check,DSL,23.90,300,Yes,Low/Medium,13-24 months
6821-BUXUX,FEMALE,0,No,No,13,Month-to-month,Electronic check,Fiber optic,96.65,1244,Yes,Low/Medium,13-24 months
6599-GZWCM,FEMALE,0,No,No,13,One year,Mailed check,Fiber optic,74.65,966,No,Low/Medium,13-24 months
6507-DTJZV,MALE,0,No,Yes,13,Month-to-month,Credit card (automatic),DSL,66.40,831,No,Low/Medium,13-24 months
6549-NNDYT,FEMALE,0,No,No,13,Month-to-month,Bank transfer (automatic),DSL,30.85,394,No,Low/Medium,13-24 months
7156-MHUGY,MALE,1,No,No,13,Month-to-month,Electronic check,Fiber optic,90.50,1201,Yes,Low/Medium,13-24 months
7018-WBJNK,MALE,0,No,Yes,13,Month-to-month,Credit card (automatic),Fiber optic,78.30,1033,No,Low/Medium,13-24 months
9987-LUTYD,FEMALE,0,No,No,13,One year,Mailed check,DSL,55.15,742,No,Low/Medium,13-24 months
0064-SUDOG,FEMALE,0,yes,Yes,12,Two year,Bank transfer (automatic),No,20.30,224,No,Low/Medium,0-12 months
0208-BPQEJ,FEMALE,0,yes,Yes,12,Month-to-month,Bank transfer (automatic),No,19.40,198,No,Low/Medium,0-12 months
0135-NMXAP,FEMALE,0,No,No,12,Month-to-month,Bank transfer (automatic),Fiber optic,89.75,1052,Yes,Low/Medium,0-12 months
0282-NVSJS,FEMALE,1,yes,Yes,12,Month-to-month,Mailed check,DSL,29.30,355,No,Low/Medium,0-12 months
0719-SYFRB,FEMALE,0,No,No,12,Month-to-month,Mailed check,DSL,61.65,713,Yes,Low/Medium,0-12 months
0547-HURJB,MALE,0,No,Yes,12,Month-to-month,Credit card (automatic),No,21.05,235,No,Low/Medium,0-12 months
0603-OLQDC,MALE,0,No,Yes,12,Month-to-month,Mailed check,DSL,69.85,837,No,Low/Medium,0-12 months
1218-VKFPE,FEMALE,0,yes,Yes,12,Month-to-month,Mailed check,No,19.00,233,Yes,Low/Medium,0-12 months
1202-KKGFU,FEMALE,0,yes,No,12,Month-to-month,Bank transfer (automatic),DSL,54.20,690,No,Low/Medium,0-12 months
0953-LGOVU,MALE,0,yes,Yes,12,Month-to-month,Mailed check,DSL,35.50,432,No,Low/Medium,0-12 months
1038-ZAGBI,FEMALE,0,yes,Yes,12,One year,Bank transfer (automatic),No,19.80,229,Yes,Low/Medium,0-12 months
1319-YLZJG,MALE,0,yes,No,12,Month-to-month,Electronic check,Fiber optic,84.60,959,No,Low/Medium,0-12 months
1271-SJBGZ,MALE,1,No,No,12,Month-to-month,Electronic check,DSL,43.65,526,Yes,Low/Medium,0-12 months
1429-UYJSV,FEMALE,0,No,No,12,One year,Mailed check,No,19.70,260,No,Low/Medium,0-12 months
1563-IWQEX,FEMALE,0,No,No,12,Month-to-month,Mailed check,No,19.70,220,No,Low/Medium,0-12 months
1539-LNKHM,FEMALE,0,No,No,12,Month-to-month,Mailed check,No,20.40,266,No,Low/Medium,0-12 months
1508-DFXCU,MALE,0,No,No,12,Month-to-month,Electronic check,Fiber optic,81.45,912,No,Low/Medium,0-12 months
1513-XNPPH,FEMALE,0,No,No,12,Month-to-month,Electronic check,Fiber optic,89.40,1095,Yes,Low/Medium,0-12 months
1680-VDCWW,MALE,0,yes,No,12,One year,Bank transfer (automatic),No,19.80,202,No,Low/Medium,0-12 months
1600-DILPE,FEMALE,0,No,No,12,Month-to-month,Bank transfer (automatic),DSL,45.00,524,No,Low/Medium,0-12 months
1571-SAVHK,MALE,0,No,No,12,Month-to-month,Mailed check,Fiber optic,99.95,1132,Yes,Low/Medium,0-12 months
1583-IHQZE,MALE,0,No,No,12,Month-to-month,Mailed check,Fiber optic,112.95,1384,Yes,Low/Medium,0-12 months
1699-HPSBG,MALE,0,No,No,12,One year,Electronic check,DSL,59.80,727,Yes,Low/Medium,0-12 months
1689-YQBYY,FEMALE,0,No,Yes,12,Month-to-month,Electronic check,Fiber optic,76.60,893,No,Low/Medium,0-12 months
1871-MOWRM,MALE,0,yes,No,12,Month-to-month,Bank transfer (automatic),Fiber optic,80.85,866,Yes,Low/Medium,0-12 months
1803-BGNBD,FEMALE,0,No,No,12,Month-to-month,Electronic check,DSL,54.30,654,No,Low/Medium,0-12 months
2027-FECZV,MALE,0,No,No,12,Month-to-month,Electronic check,Fiber optic,106.70,1253,Yes,Low/Medium,0-12 months
2454-RPBRZ,FEMALE,1,yes,No,12,Month-to-month,Electronic check,Fiber optic,98.10,1060,Yes,Low/Medium,0-12 months
2316-ESMLS,FEMALE,0,yes,Yes,12,One year,Credit card (automatic),DSL,33.15,444,No,Low/Medium,0-12 months
2187-PKZAY,MALE,0,No,No,12,Month-to-month,Bank transfer (automatic),Fiber optic,79.95,1043,No,Low/Medium,0-12 months
2180-DXNEG,FEMALE,0,No,No,12,Month-to-month,Electronic check,Fiber optic,96.00,1062,Yes,Low/Medium,0-12 months
2604-XVDAM,FEMALE,0,No,No,12,Month-to-month,Bank transfer (automatic),DSL,43.80,540,No,Low/Medium,0-12 months
2612-RANWT,FEMALE,0,No,No,12,Month-to-month,Bank transfer (automatic),Fiber optic,100.15,1164,Yes,Low/Medium,0-12 months
2694-CIUMO,FEMALE,0,No,No,12,Month-to-month,Credit card (automatic),Fiber optic,79.55,958,No,Low/Medium,0-12 months
2882-DDZPG,FEMALE,0,No,No,12,Month-to-month,Bank transfer (automatic),No,19.45,227,No,Low/Medium,0-12 months
3096-IZETN,FEMALE,0,No,No,12,Month-to-month,Bank transfer (automatic),Fiber optic,78.10,947,Yes,Low/Medium,0-12 months
3239-TPHPZ,FEMALE,0,yes,No,12,Two year,Electronic check,No,20.05,264,No,Low/Medium,0-12 months
2957-LOLHO,MALE,0,No,No,12,Month-to-month,Bank transfer (automatic),DSL,45.40,518,Yes,Low/Medium,0-12 months
3018-TFTSU,MALE,0,No,No,12,Month-to-month,Bank transfer (automatic),Fiber optic,81.70,858,Yes,Low/Medium,0-12 months
4776-XSKYQ,FEMALE,0,yes,Yes,12,One year,Credit card (automatic),DSL,30.25,368,No,Low/Medium,0-12 months
4672-FOTSD,MALE,0,No,No,12,Month-to-month,Electronic check,DSL,67.25,832,No,Low/Medium,0-12 months
4536-PLEQY,MALE,0,yes,No,12,Month-to-month,Credit card (automatic),Fiber optic,85.05,999,No,Low/Medium,0-12 months
4573-JKNAE,MALE,0,No,Yes,12,Two year,Bank transfer (automatic),No,19.35,212,No,Low/Medium,0-12 months
4177-JPDFU,MALE,0,No,No,12,Month-to-month,Mailed check,DSL,34.00,442,No,Low/Medium,0-12 months
4123-FCVCB,FEMALE,0,No,No,12,One year,Mailed check,DSL,75.85,854,No,Low/Medium,0-12 months
4198-VFOEA,FEMALE,0,No,No,12,One year,Mailed check,DSL,33.60,435,No,Low/Medium,0-12 months
4415-WNGVR,FEMALE,1,yes,No,12,One year,Electronic check,DSL,79.20,943,No,Low/Medium,0-12 months
4315-MURBD,FEMALE,0,No,No,12,Month-to-month,Bank transfer (automatic),Fiber optic,98.90,1120,Yes,Low/Medium,0-12 months
3549-ZTMNH,MALE,0,yes,Yes,12,Two year,Bank transfer (automatic),No,24.00,269,No,Low/Medium,0-12 months
3566-VVORZ,FEMALE,0,yes,No,12,Month-to-month,Bank transfer (automatic),DSL,45.90,505,No,Low/Medium,0-12 months
3338-CVVEH,MALE,0,No,No,12,Month-to-month,Electronic check,Fiber optic,94.55,1173,No,Low/Medium,0-12 months
3398-FSHON,FEMALE,1,No,No,12,Month-to-month,Electronic check,Fiber optic,91.30,1094,Yes,Low/Medium,0-12 months
3902-FOIGH,MALE,1,yes,No,12,Month-to-month,Electronic check,Fiber optic,101.35,1218,Yes,Low/Medium,0-12 months
3945-GFWQL,FEMALE,0,No,Yes,12,Month-to-month,Electronic check,DSL,44.55,480,Yes,Low/Medium,0-12 months
3750-RNQKR,FEMALE,0,No,No,12,Month-to-month,Mailed check,No,19.45,246,No,Low/Medium,0-12 months
3863-IUBJR,MALE,0,yes,Yes,12,One year,Credit card (automatic),DSL,53.65,696,Yes,Low/Medium,0-12 months
3823-KYNQY,MALE,0,No,No,12,One year,Credit card (automatic),No,24.95,280,No,Low/Medium,0-12 months
6178-KFNHS,FEMALE,0,No,Yes,12,Month-to-month,Electronic check,Fiber optic,78.30,909,Yes,Low/Medium,0-12 months
5961-VUSRV,FEMALE,0,No,No,12,One year,Bank transfer (automatic),No,19.35,219,No,Low/Medium,0-12 months
5993-BQHEA,MALE,0,No,No,12,One year,Credit card (automatic),No,20.05,267,No,Low/Medium,0-12 months
5995-OIGLP,MALE,0,No,No,12,Month-to-month,Mailed check,DSL,56.65,654,Yes,Low/Medium,0-12 months
5649-VUKMC,FEMALE,0,No,No,12,One year,Mailed check,Fiber optic,95.50,1115,Yes,Low/Medium,0-12 months
5777-ZPQNC,FEMALE,0,No,No,12,One year,Electronic check,No,20.15,260,No,Low/Medium,0-12 months
5197-YPYBZ,FEMALE,0,yes,Yes,12,Two year,Credit card (automatic),No,25.25,274,No,Low/Medium,0-12 months
5348-CAGXB,MALE,0,No,No,12,Month-to-month,Electronic check,Fiber optic,89.55,1021,No,Low/Medium,0-12 months
5392-AKEMH,FEMALE,0,No,No,12,Month-to-month,Electronic check,DSL,45.05,523,No,Low/Medium,0-12 months
5311-IHLEI,MALE,0,No,No,12,Month-to-month,Bank transfer (automatic),DSL,50.95,605,No,Low/Medium,0-12 months
5602-BVFMK,FEMALE,0,No,No,12,One year,Mailed check,No,19.30,228,No,Low/Medium,0-12 months
5429-LWCMV,FEMALE,0,No,No,12,Month-to-month,Electronic check,Fiber optic,89.15,1057,No,Low/Medium,0-12 months
5442-PPTJY,MALE,0,yes,Yes,12,Two year,Mailed check,No,19.70,258,No,Low/Medium,0-12 months
5520-FVEWJ,FEMALE,0,yes,Yes,12,Month-to-month,Electronic check,Fiber optic,84.50,916,Yes,Low/Medium,0-12 months
5519-NPHVG,FEMALE,0,No,No,12,Month-to-month,Electronic check,Fiber optic,94.20,1046,Yes,Low/Medium,0-12 months
6476-EPYZR,MALE,0,yes,Yes,12,Month-to-month,Mailed check,No,20.50,255,No,Low/Medium,0-12 months
6898-MDLZW,MALE,0,No,No,12,Month-to-month,Mailed check,DSL,53.75,648,No,Low/Medium,0-12 months
7145-FEJWU,FEMALE,0,No,Yes,12,Month-to-month,Electronic check,Fiber optic,105.30,1275,No,Low/Medium,0-12 months
7176-WIONM,FEMALE,0,yes,No,12,Month-to-month,Bank transfer (automatic),DSL,49.85,617,No,Low/Medium,0-12 months
7077-XJMET,MALE,0,yes,No,12,Month-to-month,Electronic check,DSL,74.15,741,No,Low/Medium,0-12 months
6625-UTXEW,FEMALE,0,yes,No,12,Month-to-month,Electronic check,DSL,51.25,612,No,Low/Medium,0-12 months
6789-HJBWG,FEMALE,0,No,No,12,Month-to-month,Electronic check,DSL,49.40,611,No,Low/Medium,0-12 months
6828-HMKWP,MALE,0,yes,Yes,12,Two year,Bank transfer (automatic),No,21.05,262,No,Low/Medium,0-12 months
6838-HVLXG,FEMALE,0,No,No,12,Month-to-month,Mailed check,No,20.30,246,No,Low/Medium,0-12 months
7777-UNYHB,FEMALE,0,yes,Yes,12,Month-to-month,Credit card (automatic),No,20.10,232,No,Low/Medium,0-12 months
7783-YKGDV,FEMALE,0,No,No,12,Month-to-month,Bank transfer (automatic),Fiber optic,99.70,1238,Yes,Low/Medium,0-12 months
7669-LCRSD,MALE,0,yes,Yes,12,Month-to-month,Mailed check,DSL,56.30,628,No,Low/Medium,0-12 months
7750-EYXWZ,FEMALE,0,No,No,12,One year,Electronic check,DSL,60.65,743,No,Low/Medium,0-12 months
8044-BGWPI,MALE,0,yes,Yes,12,Month-to-month,Electronic check,No,21.15,306,No,Low/Medium,0-12 months
7858-GTZSP,FEMALE,0,No,No,12,Month-to-month,Electronic check,Fiber optic,86.55,1066,No,Low/Medium,0-12 months
7531-GQHME,MALE,0,No,No,12,Month-to-month,Credit card (automatic),No,20.05,265,No,Low/Medium,0-12 months
7526-BEZQB,MALE,0,No,No,12,Month-to-month,Electronic check,Fiber optic,96.05,1148,Yes,Low/Medium,0-12 months
7517-LDMPS,FEMALE,0,No,No,12,Month-to-month,Electronic check,Fiber optic,84.60,1017,No,Low/Medium,0-12 months
7613-LLQFO,MALE,0,No,No,12,Month-to-month,Electronic check,Fiber optic,84.45,1059,Yes,Low/Medium,0-12 months
7603-USHJS,MALE,0,No,Yes,12,Month-to-month,Credit card (automatic),Fiber optic,73.75,871,Yes,Low/Medium,0-12 months
7596-LDUXP,FEMALE,0,No,No,12,One year,Credit card (automatic),Fiber optic,85.15,979,No,Low/Medium,0-12 months
7636-OWBPG,MALE,1,No,No,12,Month-to-month,Credit card (automatic),DSL,29.35,381,No,Low/Medium,0-12 months
7450-NWRTR,MALE,1,No,No,12,Month-to-month,Electronic check,Fiber optic,99.45,1200,Yes,Low/Medium,0-12 months
7285-KLOTR,FEMALE,0,yes,No,12,One year,Electronic check,DSL,78.85,876,No,Low/Medium,0-12 months
8332-OSJDW,MALE,0,yes,Yes,12,One year,Mailed check,No,26.40,314,No,Low/Medium,0-12 months
8272-ONJLV,MALE,0,No,No,12,One year,Electronic check,Fiber optic,95.70,1184,No,Low/Medium,0-12 months
8104-OSKWT,FEMALE,0,No,No,12,Month-to-month,Electronic check,Fiber optic,79.80,1001,No,Low/Medium,0-12 months
8182-PNAGI,MALE,0,No,No,12,Month-to-month,Bank transfer (automatic),DSL,50.25,593,Yes,Low/Medium,0-12 months
8205-MQUGY,MALE,0,yes,Yes,12,Month-to-month,Electronic check,DSL,49.20,571,No,Low/Medium,0-12 months
8224-DWCKX,MALE,1,No,No,12,Month-to-month,Credit card (automatic),Fiber optic,73.30,828,No,Low/Medium,0-12 months
8901-HJXTF,FEMALE,0,yes,Yes,12,Month-to-month,Mailed check,DSL,29.20,309,Yes,Low/Medium,0-12 months
8800-JOOCF,FEMALE,0,No,Yes,12,Month-to-month,Electronic check,Fiber optic,84.05,966,No,Low/Medium,0-12 months
8791-GFXLZ,MALE,0,No,No,12,Month-to-month,Bank transfer (automatic),DSL,49.05,593,No,Low/Medium,0-12 months
8802-UNOJF,MALE,1,No,No,12,Month-to-month,Mailed check,Fiber optic,83.80,1029,Yes,Low/Medium,0-12 months
8612-GXIDD,MALE,0,yes,Yes,12,Two year,Bank transfer (automatic),No,25.40,313,No,Low/Medium,0-12 months
8637-XJIVR,FEMALE,0,No,No,12,Month-to-month,Electronic check,Fiber optic,78.95,927,Yes,Low/Medium,0-12 months
8942-DBMHZ,MALE,0,No,No,12,Month-to-month,Mailed check,No,20.45,255,No,Low/Medium,0-12 months
9033-EOXWV,FEMALE,0,No,No,12,One year,Mailed check,DSL,74.05,872,Yes,Low/Medium,0-12 months
9089-UOWJG,FEMALE,0,yes,Yes,12,Month-to-month,Credit card (automatic),DSL,58.35,740,No,Low/Medium,0-12 months
9169-BSVIN,MALE,0,No,No,12,Month-to-month,Bank transfer (automatic),DSL,74.75,827,No,Low/Medium,0-12 months
9367-TCUYN,FEMALE,0,No,No,12,Month-to-month,Mailed check,No,20.10,223,No,Low/Medium,0-12 months
9391-EOYLI,MALE,1,yes,No,12,Month-to-month,Electronic check,Fiber optic,80.45,950,Yes,Low/Medium,0-12 months
9837-FWLCH,MALE,0,yes,Yes,12,Month-to-month,Electronic check,No,19.20,239,No,Low/Medium,0-12 months
9817-APLHW,MALE,0,No,No,12,Month-to-month,Electronic check,No,25.00,316,No,Low/Medium,0-12 months
9928-BZVLZ,FEMALE,0,No,No,12,Two year,Mailed check,DSL,49.85,552,No,Low/Medium,0-12 months
2907-ILJBN,FEMALE,0,yes,Yes,11,One year,Mailed check,No,20.60,233,No,Low/Medium,0-12 months
3088-LHEFH,FEMALE,0,No,No,11,Month-to-month,Bank transfer (automatic),Fiber optic,79.00,929,No,Low/Medium,0-12 months
2782-LFZVW,FEMALE,0,No,No,11,Month-to-month,Mailed check,DSL,58.95,601,No,Low/Medium,0-12 months
2501-XWWTZ,MALE,0,No,No,11,Month-to-month,Electronic check,Fiber optic,70.20,760,No,Low/Medium,0-12 months
2371-JUNGC,MALE,0,No,No,11,Month-to-month,Mailed check,No,20.25,208,No,Low/Medium,0-12 months
2458-EOMRE,FEMALE,0,No,No,11,Month-to-month,Bank transfer (automatic),DSL,64.05,733,No,Low/Medium,0-12 months
2460-NGXBJ,MALE,1,yes,Yes,11,Month-to-month,Credit card (automatic),Fiber optic,75.20,775,No,Low/Medium,0-12 months
2450-ZKEED,FEMALE,0,No,No,11,One year,Bank transfer (automatic),DSL,53.80,651,No,Low/Medium,0-12 months
1877-HKBQX,FEMALE,0,No,No,11,One year,Mailed check,DSL,54.60,617,No,Low/Medium,0-12 months
1734-ZMNTZ,FEMALE,0,yes,Yes,11,Two year,Mailed check,No,25.00,300,No,Low/Medium,0-12 months
1596-OQSPS,FEMALE,0,No,No,11,Month-to-month,Electronic check,DSL,51.10,531,No,Low/Medium,0-12 months
1685-VAYJF,MALE,0,No,No,11,Month-to-month,Credit card (automatic),DSL,45.20,492,No,Low/Medium,0-12 months
1399-UBQIU,MALE,0,No,No,11,Month-to-month,Electronic check,DSL,69.35,712,No,Low/Medium,0-12 months
1391-UBDAR,MALE,0,No,No,11,Month-to-month,Electronic check,Fiber optic,72.90,818,No,Low/Medium,0-12 months
1353-LJWEM,MALE,0,No,No,11,Month-to-month,Electronic check,DSL,60.90,688,No,Low/Medium,0-12 months
1357-MVDOZ,MALE,0,yes,Yes,11,Month-to-month,Bank transfer (automatic),DSL,59.65,683,No,Low/Medium,0-12 months
0967-BMLBD,FEMALE,0,yes,Yes,11,One year,Mailed check,No,20.00,196,No,Low/Medium,0-12 months
1173-XZPYF,FEMALE,0,No,No,11,Month-to-month,Electronic check,Fiber optic,89.20,990,No,Low/Medium,0-12 months
1093-YSWCA,MALE,0,No,No,11,Two year,Credit card (automatic),No,19.55,223,No,Low/Medium,0-12 months
1089-HDMKP,MALE,1,No,Yes,11,Month-to-month,Electronic check,DSL,54.55,601,No,Low/Medium,0-12 months
0486-LGCCH,MALE,0,yes,Yes,11,Two year,Mailed check,No,19.65,225,No,Low/Medium,0-12 months
0804-XBFBV,FEMALE,0,No,Yes,11,Month-to-month,Electronic check,DSL,25.20,321,No,Low/Medium,0-12 months
0774-IFUVM,MALE,0,yes,Yes,11,Month-to-month,Bank transfer (automatic),DSL,65.15,723,No,Low/Medium,0-12 months
0305-SQECB,FEMALE,0,No,Yes,11,One year,Mailed check,DSL,36.05,402,No,Low/Medium,0-12 months
0315-LVCRK,MALE,0,No,No,11,Month-to-month,Electronic check,Fiber optic,84.80,888,No,Low/Medium,0-12 months
0308-IVGOK,FEMALE,0,No,No,11,One year,Credit card (automatic),DSL,40.40,422,No,Low/Medium,0-12 months
0356-ERHVT,MALE,0,yes,No,11,Month-to-month,Bank transfer (automatic),DSL,45.90,521,No,Low/Medium,0-12 months
6416-YJTTB,MALE,0,No,No,11,Month-to-month,Bank transfer (automatic),Fiber optic,79.50,795,No,Low/Medium,0-12 months
5527-ACHSO,FEMALE,0,No,No,11,Month-to-month,Mailed check,DSL,70.50,829,No,Low/Medium,0-12 months
5271-DBYSJ,MALE,1,No,No,11,Month-to-month,Credit card (automatic),Fiber optic,79.15,827,No,Low/Medium,0-12 months
5288-AHOUP,MALE,1,No,No,11,Month-to-month,Electronic check,Fiber optic,78.50,874,No,Low/Medium,0-12 months
5158-RIVOP,FEMALE,0,yes,Yes,11,Two year,Credit card (automatic),No,20.90,202,No,Low/Medium,0-12 months
5035-BVCXS,MALE,0,No,No,11,Month-to-month,Mailed check,Fiber optic,75.90,866,No,Low/Medium,0-12 months
5756-JYOJT,FEMALE,0,No,No,11,One year,Credit card (automatic),DSL,64.90,697,No,Low/Medium,0-12 months
5701-YVSVF,FEMALE,1,yes,No,11,Month-to-month,Electronic check,Fiber optic,82.90,880,No,Low/Medium,0-12 months
5879-SESNB,FEMALE,0,No,No,11,Month-to-month,Electronic check,Fiber optic,75.25,888,No,Low/Medium,0-12 months
6319-QSUSR,FEMALE,0,No,Yes,11,Month-to-month,Credit card (automatic),No,19.70,216,No,Low/Medium,0-12 months
3797-FKOGQ,MALE,0,No,Yes,11,Month-to-month,Electronic check,Fiber optic,86.20,893,No,Low/Medium,0-12 months
3969-GYXEL,FEMALE,0,No,No,11,Month-to-month,Electronic check,Fiber optic,76.40,838,No,Low/Medium,0-12 months
4063-EIKNQ,MALE,0,yes,Yes,11,Month-to-month,Bank transfer (automatic),No,20.95,267,No,Low/Medium,0-12 months
3292-PBZEJ,MALE,1,No,No,11,Month-to-month,Electronic check,Fiber optic,111.40,1183,No,Low/Medium,0-12 months
4680-KUTAJ,FEMALE,1,No,No,11,Month-to-month,Electronic check,DSL,55.60,580,No,Low/Medium,0-12 months
4718-DHSMV,FEMALE,0,No,No,11,Month-to-month,Mailed check,DSL,35.80,363,No,Low/Medium,0-12 months
4801-JZAZL,FEMALE,0,yes,Yes,11,Month-to-month,Electronic check,DSL,29.60,346,No,Low/Medium,0-12 months
9442-JTWDL,FEMALE,0,No,No,11,One year,Credit card (automatic),No,20.05,237,No,Low/Medium,0-12 months
9496-IVVRP,FEMALE,0,yes,Yes,11,Month-to-month,Bank transfer (automatic),DSL,51.00,581,No,Low/Medium,0-12 months
9314-QDMDW,MALE,0,No,No,11,One year,Electronic check,DSL,61.25,729,No,Low/Medium,0-12 months
9256-JTBNZ,FEMALE,0,No,No,11,Month-to-month,Bank transfer (automatic),No,20.30,246,No,Low/Medium,0-12 months
9093-FPDLG,FEMALE,0,No,No,11,Month-to-month,Electronic check,Fiber optic,94.20,999,No,Low/Medium,0-12 months
8981-FJGLA,MALE,0,No,Yes,11,Month-to-month,Mailed check,Fiber optic,78.00,851,No,Low/Medium,0-12 months
8158-WPEZG,MALE,0,No,No,11,Month-to-month,Electronic check,DSL,35.65,425,No,Low/Medium,0-12 months
8108-UXRQN,FEMALE,0,yes,Yes,11,Month-to-month,Electronic check,DSL,50.55,565,No,Low/Medium,0-12 months
8084-OIVBS,FEMALE,0,No,No,11,One year,Mailed check,No,20.00,211,No,Low/Medium,0-12 months
7266-GSSJX,MALE,0,yes,Yes,11,Month-to-month,Electronic check,No,20.45,250,No,Low/Medium,0-12 months
7446-YPODE,MALE,1,No,No,11,Month-to-month,Bank transfer (automatic),DSL,60.25,662,No,Low/Medium,0-12 months
7649-PHJVR,MALE,0,No,No,11,One year,Mailed check,No,19.50,226,No,Low/Medium,0-12 months
7928-VJYAB,MALE,0,yes,Yes,11,Month-to-month,Electronic check,Fiber optic,90.60,1020,No,Low/Medium,0-12 months
7950-XWOVN,MALE,0,No,No,11,Month-to-month,Mailed check,DSL,34.70,383,No,Low/Medium,0-12 months
7706-DZNKK,MALE,0,No,No,11,Month-to-month,Credit card (automatic),No,20.45,237,No,Low/Medium,0-12 months
6859-RKMZJ,MALE,0,yes,No,11,Month-to-month,Bank transfer (automatic),DSL,55.05,608,No,Low/Medium,0-12 months
6674-KVJHG,FEMALE,0,No,No,11,One year,Electronic check,No,25.20,245,No,Low/Medium,0-12 months
6698-OXETB,MALE,0,No,No,11,Two year,Mailed check,No,20.40,231,No,Low/Medium,0-12 months
6652-YFFJO,FEMALE,0,No,No,11,Month-to-month,Electronic check,DSL,64.90,716,No,Low/Medium,0-12 months
7072-MBHEV,FEMALE,1,yes,Yes,11,Month-to-month,Credit card (automatic),Fiber optic,78.10,864,No,Low/Medium,0-12 months
7206-PQBBZ,MALE,1,yes,No,11,Month-to-month,Electronic check,Fiber optic,70.20,834,No,Low/Medium,0-12 months
6924-TDGMT,MALE,0,yes,No,11,One year,Mailed check,No,20.55,184,No,Low/Medium,0-12 months
9932-WBWIK,MALE,0,No,No,11,Month-to-month,Mailed check,No,20.35,215,No,Low/Medium,0-12 months
9873-MNDKV,FEMALE,0,No,No,11,Month-to-month,Mailed check,DSL,44.65,472,No,Low/Medium,0-12 months
0380-ZCSBI,MALE,0,No,No,10,Month-to-month,Credit card (automatic),No,20.00,198,No,Low/Medium,0-12 months
0221-NAUXK,MALE,0,No,Yes,10,One year,Bank transfer (automatic),No,19.95,219,No,Low/Medium,0-12 months
0114-RSRRW,FEMALE,0,yes,No,10,Month-to-month,Bank transfer (automatic),No,19.95,187,No,Low/Medium,0-12 months
0463-ZSDNT,MALE,0,No,No,10,Month-to-month,Bank transfer (automatic),DSL,56.75,503,No,Low/Medium,0-12 months
0621-JFHOL,FEMALE,0,No,No,10,Two year,Mailed check,DSL,29.60,299,No,Low/Medium,0-12 months
1436-ZMJAN,FEMALE,0,yes,No,10,Month-to-month,Credit card (automatic),DSL,67.80,653,No,Low/Medium,0-12 months
1494-EJZDW,FEMALE,0,yes,Yes,10,Two year,Mailed check,No,20.15,220,No,Low/Medium,0-12 months
1729-VLAZJ,FEMALE,0,No,Yes,10,One year,Mailed check,DSL,40.25,411,No,Low/Medium,0-12 months
1784-BXEFA,FEMALE,0,No,No,10,Month-to-month,Mailed check,No,20.55,187,No,Low/Medium,0-12 months
1960-UYCNN,MALE,0,No,No,10,Month-to-month,Electronic check,Fiber optic,95.25,1021,No,Low/Medium,0-12 months
1952-DVVSW,FEMALE,0,yes,No,10,One year,Mailed check,No,20.10,184,No,Low/Medium,0-12 months
2428-ZMCTB,MALE,0,No,No,10,Month-to-month,Credit card (automatic),No,19.75,208,No,Low/Medium,0-12 months
2657-VPXTA,FEMALE,0,yes,Yes,10,Month-to-month,Electronic check,Fiber optic,88.85,929,No,Low/Medium,0-12 months
2740-JFBOK,MALE,0,No,No,10,Month-to-month,Electronic check,No,24.00,226,No,Low/Medium,0-12 months
2709-UQGNP,MALE,0,No,No,10,Month-to-month,Mailed check,DSL,51.65,524,No,Low/Medium,0-12 months
3146-JTQHR,MALE,0,yes,No,10,One year,Bank transfer (automatic),No,19.60,189,No,Low/Medium,0-12 months
4815-TUMEQ,FEMALE,0,No,No,10,One year,Mailed check,No,19.30,185,No,Low/Medium,0-12 months
4307-KWMXE,MALE,0,No,No,10,Month-to-month,Electronic check,DSL,35.75,389,No,Low/Medium,0-12 months
4318-RAJVY,FEMALE,0,No,No,10,One year,Mailed check,No,19.80,198,No,Low/Medium,0-12 months
4324-BZCKL,FEMALE,0,yes,Yes,10,Month-to-month,Mailed check,DSL,55.55,551,No,Low/Medium,0-12 months
4439-YRNVD,FEMALE,0,No,No,10,Month-to-month,Electronic check,DSL,36.25,374,No,Low/Medium,0-12 months
4182-BGSIQ,FEMALE,0,yes,Yes,10,Month-to-month,Bank transfer (automatic),No,19.80,196,No,Low/Medium,0-12 months
3468-DRVQJ,FEMALE,0,yes,Yes,10,One year,Electronic check,DSL,70.30,676,No,Low/Medium,0-12 months
3675-YDUPJ,MALE,0,No,No,10,Month-to-month,Mailed check,No,19.85,193,No,Low/Medium,0-12 months
3682-YEUWS,MALE,0,yes,Yes,10,Month-to-month,Mailed check,No,24.40,253,No,Low/Medium,0-12 months
3604-WLABM,FEMALE,0,No,No,10,Month-to-month,Electronic check,DSL,54.25,583,No,Low/Medium,0-12 months
3587-PMCOY,MALE,0,No,No,10,One year,Electronic check,Fiber optic,98.90,1064,No,Low/Medium,0-12 months
3898-BSJYF,FEMALE,0,No,Yes,10,One year,Credit card (automatic),DSL,73.55,693,No,Low/Medium,0-12 months
3847-BAERP,FEMALE,0,No,No,10,Month-to-month,Mailed check,No,20.90,247,No,Low/Medium,0-12 months
3724-BSCVH,MALE,0,yes,Yes,10,One year,Mailed check,No,20.45,242,No,Low/Medium,0-12 months
6143-JQKEA,MALE,0,No,No,10,Month-to-month,Credit card (automatic),DSL,45.80,436,No,Low/Medium,0-12 months
5863-OOKCL,FEMALE,0,No,No,10,Month-to-month,Mailed check,No,18.85,163,No,Low/Medium,0-12 months
5652-MSDEY,FEMALE,0,No,No,10,Month-to-month,Mailed check,Fiber optic,75.75,777,No,Low/Medium,0-12 months
5651-CPDND,MALE,0,No,No,10,Month-to-month,Mailed check,DSL,46.00,492,No,Low/Medium,0-12 months
5018-HEKFO,FEMALE,0,No,No,10,Month-to-month,Mailed check,No,24.50,270,No,Low/Medium,0-12 months
4936-YPJNK,FEMALE,0,No,No,10,Month-to-month,Mailed check,No,19.90,199,No,Low/Medium,0-12 months
4860-YZGZM,MALE,0,No,No,10,Month-to-month,Electronic check,No,20.00,185,No,Low/Medium,0-12 months
4881-JVQOD,MALE,1,yes,Yes,10,Month-to-month,Bank transfer (automatic),DSL,34.55,362,No,Low/Medium,0-12 months
5183-SNMJQ,MALE,0,No,No,10,Month-to-month,Credit card (automatic),Fiber optic,95.10,865,No,Low/Medium,0-12 months
5081-NWSUP,FEMALE,0,No,No,10,One year,Mailed check,DSL,64.90,685,No,Low/Medium,0-12 months
5424-RLQLC,MALE,0,No,No,10,Month-to-month,Mailed check,DSL,59.65,638,No,Low/Medium,0-12 months
5606-AMZBO,FEMALE,0,yes,No,10,Month-to-month,Credit card (automatic),Fiber optic,78.15,765,No,Low/Medium,0-12 months
5555-RNPGT,MALE,0,No,Yes,10,Month-to-month,Credit card (automatic),No,24.80,223,No,Low/Medium,0-12 months
6434-TTGJP,MALE,0,yes,Yes,10,Two year,Credit card (automatic),DSL,53.70,521,No,Low/Medium,0-12 months
7094-MSZAO,MALE,0,yes,Yes,10,Month-to-month,Credit card (automatic),No,20.05,218,No,Low/Medium,0-12 months
7143-BQIBA,MALE,0,No,No,10,Month-to-month,Bank transfer (automatic),DSL,62.25,612,No,Low/Medium,0-12 months
6713-OKOMC,FEMALE,0,No,No,10,Month-to-month,Mailed check,DSL,29.75,301,No,Low/Medium,0-12 months
6818-DJXAA,FEMALE,0,No,Yes,10,Month-to-month,Electronic check,Fiber optic,91.10,964,No,Low/Medium,0-12 months
7665-VIGUD,MALE,0,No,No,10,One year,Mailed check,No,20.35,176,No,Low/Medium,0-12 months
7766-CLTIC,FEMALE,0,No,No,10,Month-to-month,Mailed check,DSL,60.95,629,No,Low/Medium,0-12 months
7966-YOTQW,MALE,0,No,No,10,Month-to-month,Credit card (automatic),DSL,54.50,568,No,Low/Medium,0-12 months
7919-ZODZZ,FEMALE,0,yes,Yes,10,One year,Mailed check,DSL,65.90,660,No,Low/Medium,0-12 months
8049-WJCLQ,MALE,0,yes,Yes,10,Month-to-month,Mailed check,DSL,60.20,563,No,Low/Medium,0-12 months
8003-EWNDZ,FEMALE,0,No,No,10,Month-to-month,Electronic check,No,21.20,222,No,Low/Medium,0-12 months
7554-NEWDD,MALE,0,No,No,10,Two year,Bank transfer (automatic),No,25.70,251,No,Low/Medium,0-12 months
7410-OIEDU,MALE,0,No,No,10,Month-to-month,Mailed check,Fiber optic,79.85,887,No,Low/Medium,0-12 months
8095-WANWK,FEMALE,0,No,No,10,Month-to-month,Mailed check,DSL,45.25,428,No,Low/Medium,0-12 months
8076-FEZKJ,MALE,0,No,No,10,One year,Mailed check,No,19.50,225,No,Low/Medium,0-12 months
8111-BKVDS,FEMALE,0,No,No,10,Month-to-month,Bank transfer (automatic),DSL,40.70,449,No,Low/Medium,0-12 months
8229-MYEJZ,FEMALE,0,No,No,10,Month-to-month,Electronic check,DSL,51.20,498,No,Low/Medium,0-12 months
8439-LTUGF,MALE,0,No,No,10,Month-to-month,Credit card (automatic),No,20.00,198,No,Low/Medium,0-12 months
8734-DKSTZ,FEMALE,0,yes,Yes,10,Month-to-month,Electronic check,Fiber optic,85.95,858,No,Low/Medium,0-12 months
8735-DCXNF,MALE,0,yes,No,10,Month-to-month,Credit card (automatic),DSL,54.95,568,No,Low/Medium,0-12 months
8865-TNMNX,MALE,0,yes,Yes,10,One year,Mailed check,DSL,49.55,475,No,Low/Medium,0-12 months
9272-LSVYH,MALE,0,No,No,10,Month-to-month,Mailed check,Fiber optic,70.15,735,No,Low/Medium,0-12 months
9108-EQPNQ,FEMALE,0,yes,Yes,10,Two year,Credit card (automatic),No,26.10,225,No,Low/Medium,0-12 months
9494-MRNYX,MALE,0,No,No,10,Month-to-month,Electronic check,Fiber optic,75.05,786,No,Low/Medium,0-12 months
9512-PHSMG,FEMALE,0,yes,No,10,Month-to-month,Mailed check,No,20.55,252,No,Low/Medium,0-12 months
9518-XXBXE,MALE,1,yes,No,10,Month-to-month,Electronic check,Fiber optic,75.30,720,No,Low/Medium,0-12 months
9700-ISPUP,FEMALE,0,yes,Yes,10,Month-to-month,Electronic check,DSL,65.50,616,No,Low/Medium,0-12 months
9773-PEQBZ,MALE,0,No,No,10,Month-to-month,Electronic check,Fiber optic,79.85,797,No,Low/Medium,0-12 months
3173-NVMPX,FEMALE,0,yes,Yes,9,Month-to-month,Mailed check,DSL,55.30,501,No,Low/Medium,0-12 months
2959-FENLU,FEMALE,0,No,No,9,Month-to-month,Credit card (automatic),Fiber optic,85.30,781,No,Low/Medium,0-12 months
3055-MJDSB,MALE,0,No,No,9,Month-to-month,Mailed check,DSL,24.60,190,No,Low/Medium,0-12 months
2791-SFVEW,FEMALE,0,No,No,9,Month-to-month,Bank transfer (automatic),No,20.15,238,No,Low/Medium,0-12 months
2688-BHGOG,MALE,1,No,No,9,Month-to-month,Electronic check,Fiber optic,79.55,718,No,Low/Medium,0-12 months
2252-ISRNH,MALE,0,yes,Yes,9,One year,Electronic check,Fiber optic,90.35,767,No,Low/Medium,0-12 months
2215-ZAFGX,MALE,0,No,No,9,Month-to-month,Electronic check,Fiber optic,85.50,791,No,Low/Medium,0-12 months
2018-PZKMU,MALE,0,yes,Yes,9,Month-to-month,Electronic check,Fiber optic,103.10,970,No,Low/Medium,0-12 months
1991-VOPLL,FEMALE,0,No,No,9,Month-to-month,Mailed check,No,19.05,157,No,Low/Medium,0-12 months
1385-TQOZW,FEMALE,0,No,No,9,Month-to-month,Credit card (automatic),No,20.45,147,No,Low/Medium,0-12 months
1304-BCCFO,MALE,0,yes,No,9,Month-to-month,Mailed check,DSL,70.05,564,No,Low/Medium,0-12 months
1335-NTIUC,MALE,0,No,No,9,Month-to-month,Electronic check,DSL,24.95,190,No,Low/Medium,0-12 months
1219-NNDDO,FEMALE,0,No,No,9,Month-to-month,Electronic check,Fiber optic,76.85,663,No,Low/Medium,0-12 months
0570-BFQHT,FEMALE,0,No,No,9,Month-to-month,Electronic check,Fiber optic,80.55,653,No,Low/Medium,0-12 months
0423-UDIJQ,MALE,1,No,No,9,Month-to-month,Mailed check,DSL,49.20,447,No,Low/Medium,0-12 months
0701-TJSEF,MALE,0,No,No,9,Month-to-month,Bank transfer (automatic),DSL,68.25,576,No,Low/Medium,0-12 months
0003-MKNFE,MALE,0,No,No,9,Month-to-month,Mailed check,DSL,59.90,542,No,Low/Medium,0-12 months
0013-MHZWF,FEMALE,0,No,Yes,9,Month-to-month,Credit card (automatic),DSL,69.40,571,No,Low/Medium,0-12 months
0196-JTUQI,FEMALE,0,No,No,9,Month-to-month,Credit card (automatic),Fiber optic,75.20,633,No,Low/Medium,0-12 months
0373-AIVNJ,MALE,0,No,No,9,One year,Mailed check,DSL,39.55,373,No,Low/Medium,0-12 months
0310-VQXAM,MALE,0,No,No,9,Month-to-month,Mailed check,No,19.85,178,No,Low/Medium,0-12 months
6439-LAJXL,MALE,0,yes,No,9,Month-to-month,Mailed check,DSL,68.95,593,No,Low/Medium,0-12 months
5624-RYAMH,FEMALE,0,No,No,9,Month-to-month,Electronic check,No,19.50,178,No,Low/Medium,0-12 months
5396-IZEPB,MALE,0,No,No,9,Month-to-month,Credit card (automatic),No,19.70,180,No,Low/Medium,0-12 months
5141-ZUVBH,FEMALE,0,No,Yes,9,Month-to-month,Bank transfer (automatic),Fiber optic,93.00,870,No,Low/Medium,0-12 months
5186-EJEGL,MALE,0,No,No,9,Month-to-month,Mailed check,DSL,69.50,653,No,Low/Medium,0-12 months
5022-JNQEQ,FEMALE,0,yes,Yes,9,Month-to-month,Electronic check,Fiber optic,75.85,647,No,Low/Medium,0-12 months
5057-RKGLH,FEMALE,0,yes,Yes,9,Two year,Mailed check,No,20.35,191,No,Low/Medium,0-12 months
5778-BVOFB,FEMALE,0,No,No,9,Month-to-month,Bank transfer (automatic),DSL,59.50,530,No,Low/Medium,0-12 months
5895-QSXOD,MALE,0,No,No,9,Month-to-month,Mailed check,Fiber optic,70.05,657,No,Low/Medium,0-12 months
5928-QLDHB,MALE,0,No,No,9,Month-to-month,Electronic check,Fiber optic,76.25,684,No,Low/Medium,0-12 months
6202-JVYEU,MALE,0,No,No,9,One year,Electronic check,No,19.90,164,No,Low/Medium,0-12 months
6278-FEPBZ,FEMALE,0,No,No,9,Month-to-month,Mailed check,No,20.25,186,No,Low/Medium,0-12 months
6339-YPSAH,MALE,0,No,No,9,Month-to-month,Electronic check,Fiber optic,73.80,704,No,Low/Medium,0-12 months
3914-FDRHP,MALE,0,No,No,9,Month-to-month,Electronic check,Fiber optic,86.25,770,No,Low/Medium,0-12 months
3948-FVVRP,MALE,0,yes,Yes,9,Month-to-month,Mailed check,DSL,54.80,452,No,Low/Medium,0-12 months
3987-KQDDU,MALE,0,No,No,9,Month-to-month,Electronic check,Fiber optic,75.60,661,No,Low/Medium,0-12 months
3589-PPVKW,MALE,0,No,No,9,Month-to-month,Mailed check,DSL,44.40,348,No,Low/Medium,0-12 months
3352-RICWQ,FEMALE,0,yes,Yes,9,Two year,Mailed check,No,19.75,210,No,Low/Medium,0-12 months
4123-DVHPH,MALE,0,yes,No,9,Month-to-month,Electronic check,Fiber optic,88.05,801,No,Low/Medium,0-12 months
4299-SIMNS,MALE,0,No,No,9,Month-to-month,Electronic check,Fiber optic,81.15,784,No,Low/Medium,0-12 months
4283-IVYCI,MALE,0,No,No,9,Month-to-month,Mailed check,DSL,64.95,547,No,Low/Medium,0-12 months
4445-ZJNMU,MALE,0,No,No,9,Month-to-month,Credit card (automatic),Fiber optic,99.30,918,No,Low/Medium,0-12 months
4633-MKHYU,FEMALE,0,No,No,9,Month-to-month,Mailed check,Fiber optic,88.40,788,No,Low/Medium,0-12 months
4568-TTZRT,MALE,0,No,No,9,Month-to-month,Mailed check,No,20.40,181,No,Low/Medium,0-12 months
4570-QHXHL,FEMALE,0,No,No,9,Month-to-month,Electronic check,DSL,43.75,405,No,Low/Medium,0-12 months
4537-CIBHB,FEMALE,0,yes,Yes,9,One year,Mailed check,No,20.25,172,No,Low/Medium,0-12 months
9643-YBLUR,MALE,0,yes,No,9,Month-to-month,Credit card (automatic),DSL,69.05,653,No,Low/Medium,0-12 months
9547-ITEFG,MALE,0,yes,Yes,9,Month-to-month,Credit card (automatic),Fiber optic,102.60,897,No,Low/Medium,0-12 months
9483-GCPWE,MALE,0,No,Yes,9,One year,Mailed check,No,20.10,190,No,Low/Medium,0-12 months
9424-CMPOG,MALE,0,yes,Yes,9,Two year,Mailed check,No,19.60,197,No,Low/Medium,0-12 months
8990-ZXLSU,FEMALE,0,No,No,9,Month-to-month,Electronic check,Fiber optic,69.05,651,No,Low/Medium,0-12 months
9026-LHEVG,FEMALE,0,No,No,9,Month-to-month,Electronic check,DSL,40.75,359,No,Low/Medium,0-12 months
8735-NBLWT,MALE,0,No,Yes,9,Month-to-month,Mailed check,No,20.40,184,No,Low/Medium,0-12 months
8778-LMWTJ,FEMALE,0,No,No,9,Month-to-month,Electronic check,Fiber optic,74.85,708,No,Low/Medium,0-12 months
8631-XVRZL,MALE,0,No,No,9,One year,Mailed check,No,20.15,163,No,Low/Medium,0-12 months
8270-RKSAP,MALE,0,No,No,9,Month-to-month,Electronic check,Fiber optic,70.50,597,No,Low/Medium,0-12 months
8314-DPQHL,MALE,0,No,No,9,One year,Mailed check,DSL,50.80,463,No,Low/Medium,0-12 months
8344-WFMFH,MALE,0,No,Yes,9,Month-to-month,Electronic check,DSL,50.10,484,No,Low/Medium,0-12 months
8118-TJAFG,MALE,0,yes,Yes,9,Month-to-month,Electronic check,Fiber optic,101.50,906,No,Low/Medium,0-12 months
8075-GXIUB,MALE,1,yes,No,9,One year,Credit card (automatic),No,19.85,183,No,Low/Medium,0-12 months
8087-LGYHQ,MALE,0,No,No,9,Month-to-month,Electronic check,Fiber optic,94.05,811,No,Low/Medium,0-12 months
7363-QTBIW,FEMALE,0,yes,No,9,Month-to-month,Electronic check,Fiber optic,79.75,769,No,Low/Medium,0-12 months
7426-RHZGU,MALE,0,No,No,9,Month-to-month,Bank transfer (automatic),Fiber optic,95.90,827,No,Low/Medium,0-12 months
7354-OIJLX,MALE,0,No,No,9,Month-to-month,Electronic check,Fiber optic,75.85,724,No,Low/Medium,0-12 months
7727-SHVZV,FEMALE,0,No,No,9,Month-to-month,Bank transfer (automatic),No,19.50,150,No,Low/Medium,0-12 months
6860-YRJZP,MALE,1,No,No,9,Month-to-month,Electronic check,Fiber optic,74.05,678,No,Low/Medium,0-12 months
6549-YMFAW,MALE,1,yes,No,9,Month-to-month,Mailed check,No,21.25,204,No,Low/Medium,0-12 months
7102-JJVTX,FEMALE,0,yes,Yes,9,One year,Mailed check,DSL,48.60,422,No,Low/Medium,0-12 months
7020-OZKXZ,FEMALE,1,No,No,9,Month-to-month,Credit card (automatic),Fiber optic,75.50,637,No,Low/Medium,0-12 months
7054-ENNGU,FEMALE,0,yes,No,9,Month-to-month,Mailed check,DSL,50.85,466,No,Low/Medium,0-12 months
6969-MVBAI,FEMALE,1,No,No,9,Month-to-month,Electronic check,Fiber optic,90.10,816,No,Low/Medium,0-12 months
0277-BKSQP,MALE,0,yes,Yes,8,Month-to-month,Electronic check,DSL,54.40,475,No,Low/Medium,0-12 months
0224-NIJLP,MALE,0,yes,Yes,8,Two year,Mailed check,No,20.15,165,No,Low/Medium,0-12 months
1226-JZNKR,FEMALE,0,yes,Yes,8,One year,Electronic check,No,19.80,160,No,Low/Medium,0-12 months
1200-TUZHR,FEMALE,1,No,No,8,Month-to-month,Electronic check,Fiber optic,85.20,695,No,Low/Medium,0-12 months
1045-LTCYT,FEMALE,0,yes,Yes,8,Month-to-month,Credit card (automatic),No,21.05,139,No,Low/Medium,0-12 months
1016-DJTSV,MALE,1,No,No,8,Month-to-month,Electronic check,Fiber optic,69.70,572,No,Low/Medium,0-12 months
0895-UADGO,MALE,0,No,Yes,8,Two year,Mailed check,DSL,44.55,343,No,Low/Medium,0-12 months
1465-LNTLJ,MALE,1,yes,No,8,Month-to-month,Credit card (automatic),DSL,64.40,581,No,Low/Medium,0-12 months
1614-JBEBI,FEMALE,0,No,No,8,Month-to-month,Mailed check,No,20.70,137,No,Low/Medium,0-12 months
2017-CCBLH,FEMALE,0,No,No,8,Two year,Mailed check,No,20.00,141,No,Low/Medium,0-12 months
1907-YLNYW,MALE,0,No,No,8,Month-to-month,Electronic check,DSL,66.70,579,No,Low/Medium,0-12 months
2005-DWQZJ,FEMALE,0,yes,Yes,8,Two year,Mailed check,No,19.05,201,No,Low/Medium,0-12 months
1767-TGTKO,FEMALE,0,yes,Yes,8,Month-to-month,Electronic check,DSL,45.45,411,No,Low/Medium,0-12 months
1735-XMJVH,MALE,0,yes,Yes,8,Month-to-month,Mailed check,No,19.35,152,No,Low/Medium,0-12 months
1849-RJYIG,FEMALE,0,No,No,8,Month-to-month,Electronic check,DSL,60.00,487,No,Low/Medium,0-12 months
1850-AKQEP,MALE,0,No,Yes,8,Month-to-month,Mailed check,No,20.35,178,No,Low/Medium,0-12 months
2229-DPMBI,FEMALE,0,yes,Yes,8,Two year,Mailed check,No,19.50,162,No,Low/Medium,0-12 months
2466-NEJOJ,MALE,0,yes,Yes,8,Month-to-month,Credit card (automatic),No,19.65,169,No,Low/Medium,0-12 months
2373-NTKOD,MALE,0,No,No,8,Month-to-month,Electronic check,DSL,66.25,546,No,Low/Medium,0-12 months
2680-XKKNJ,FEMALE,0,No,No,8,One year,Bank transfer (automatic),DSL,58.20,469,No,Low/Medium,0-12 months
2761-XECQW,MALE,1,yes,No,8,Month-to-month,Mailed check,DSL,43.35,371,No,Low/Medium,0-12 months
2717-HVIZY,FEMALE,0,No,Yes,8,Month-to-month,Mailed check,No,20.05,163,No,Low/Medium,0-12 months
2754-SDJRD,FEMALE,1,No,No,8,Month-to-month,Credit card (automatic),Fiber optic,100.15,908,No,Low/Medium,0-12 months
3030-YDNRM,MALE,0,No,No,8,Month-to-month,Electronic check,Fiber optic,74.85,572,No,Low/Medium,0-12 months
2926-JEJJC,FEMALE,0,No,No,8,One year,Bank transfer (automatic),No,20.20,140,No,Low/Medium,0-12 months
3199-XGZCY,FEMALE,0,No,No,8,Month-to-month,Electronic check,Fiber optic,75.25,576,No,Low/Medium,0-12 months
3272-VUHPV,FEMALE,0,yes,Yes,8,Month-to-month,Bank transfer (automatic),DSL,56.30,401,No,Low/Medium,0-12 months
4526-RMTLL,MALE,0,yes,Yes,8,Two year,Credit card (automatic),DSL,76.15,645,No,Low/Medium,0-12 months
4544-RXFMG,MALE,0,yes,Yes,8,One year,Mailed check,DSL,43.45,345,No,Low/Medium,0-12 months
4608-LCIMN,MALE,0,yes,Yes,8,Month-to-month,Bank transfer (automatic),DSL,44.65,369,No,Low/Medium,0-12 months
4813-HQMGZ,FEMALE,0,yes,No,8,Month-to-month,Electronic check,Fiber optic,90.25,743,No,Low/Medium,0-12 months
4801-KFYKL,MALE,0,No,Yes,8,Month-to-month,Bank transfer (automatic),No,19.45,159,No,Low/Medium,0-12 months
4694-PHWFW,FEMALE,0,No,Yes,8,Month-to-month,Mailed check,No,19.95,170,No,Low/Medium,0-12 months
4480-QQRHC,FEMALE,1,No,No,8,Month-to-month,Bank transfer (automatic),Fiber optic,74.05,600,No,Low/Medium,0-12 months
4365-MSDYN,MALE,0,yes,No,8,Month-to-month,Bank transfer (automatic),No,19.55,161,No,Low/Medium,0-12 months
4280-DLSHD,MALE,0,yes,No,8,Month-to-month,Mailed check,DSL,54.75,445,No,Low/Medium,0-12 months
4226-KKDON,MALE,0,No,No,8,Month-to-month,Electronic check,DSL,66.65,520,No,Low/Medium,0-12 months
3354-OADJP,FEMALE,0,No,No,8,One year,Bank transfer (automatic),DSL,54.25,447,No,Low/Medium,0-12 months
3345-PBBFH,MALE,0,yes,No,8,Month-to-month,Bank transfer (automatic),DSL,49.55,393,No,Low/Medium,0-12 months
3629-WEAAM,FEMALE,0,No,No,8,Month-to-month,Mailed check,DSL,64.10,504,No,Low/Medium,0-12 months
3981-QSVQI,MALE,0,No,No,8,Month-to-month,Bank transfer (automatic),No,19.70,168,No,Low/Medium,0-12 months
3780-YVMFA,FEMALE,0,yes,Yes,8,Month-to-month,Electronic check,DSL,68.55,564,No,Low/Medium,0-12 months
5780-INQIK,FEMALE,0,No,No,8,Month-to-month,Electronic check,DSL,49.40,408,No,Low/Medium,0-12 months
5647-URDKA,MALE,0,yes,Yes,8,Two year,Mailed check,No,19.70,130,No,Low/Medium,0-12 months
5726-CVNYA,FEMALE,0,yes,Yes,8,Two year,Mailed check,No,19.85,146,No,Low/Medium,0-12 months
4884-ZTHVF,FEMALE,1,No,No,8,Month-to-month,Electronic check,Fiber optic,87.10,713,No,Low/Medium,0-12 months
5168-MSWXT,MALE,0,yes,Yes,8,Month-to-month,Electronic check,Fiber optic,94.75,759,No,Low/Medium,0-12 months
5133-VRSAB,MALE,0,No,No,8,Month-to-month,Mailed check,DSL,29.35,216,No,Low/Medium,0-12 months
5405-ZMYXQ,FEMALE,0,No,No,8,Month-to-month,Credit card (automatic),Fiber optic,74.60,548,No,Low/Medium,0-12 months
5345-BMKWB,MALE,0,yes,No,8,Month-to-month,Mailed check,No,20.25,158,No,Low/Medium,0-12 months
5590-ZSKRV,FEMALE,0,yes,Yes,8,Month-to-month,Mailed check,DSL,54.65,482,No,Low/Medium,0-12 months
5568-DMXZS,FEMALE,0,No,No,8,Month-to-month,Electronic check,DSL,65.45,554,No,Low/Medium,0-12 months
5515-RUGKN,MALE,0,No,No,8,Month-to-month,Credit card (automatic),DSL,54.75,438,No,Low/Medium,0-12 months
6464-KEXXH,MALE,0,No,No,8,Month-to-month,Credit card (automatic),DSL,25.25,186,No,Low/Medium,0-12 months
6979-TNDEU,FEMALE,0,No,No,8,Month-to-month,Mailed check,No,19.20,156,No,Low/Medium,0-12 months
7089-RKVSZ,MALE,0,yes,Yes,8,One year,Mailed check,No,24.40,203,No,Low/Medium,0-12 months
7140-ADSMJ,MALE,0,No,No,8,Month-to-month,Credit card (automatic),No,20.45,162,No,Low/Medium,0-12 months
6496-JDSSB,FEMALE,0,No,No,8,Month-to-month,Bank transfer (automatic),Fiber optic,80.00,624,No,Low/Medium,0-12 months
6483-OATDN,MALE,0,yes,Yes,8,Month-to-month,Credit card (automatic),DSL,51.30,411,No,Low/Medium,0-12 months
6854-EXGSF,FEMALE,0,No,No,8,Month-to-month,Bank transfer (automatic),DSL,65.50,573,No,Low/Medium,0-12 months
7677-SJJJK,MALE,0,yes,Yes,8,One year,Credit card (automatic),No,19.90,153,No,Low/Medium,0-12 months
7797-EJMDP,FEMALE,0,No,No,8,Month-to-month,Bank transfer (automatic),DSL,66.05,574,No,Low/Medium,0-12 months
7994-UYIVZ,MALE,0,yes,No,8,Month-to-month,Bank transfer (automatic),Fiber optic,85.65,659,No,Low/Medium,0-12 months
7967-HYCDE,MALE,0,No,No,8,Month-to-month,Bank transfer (automatic),Fiber optic,70.70,553,No,Low/Medium,0-12 months
7337-CINUD,FEMALE,0,yes,Yes,8,Two year,Bank transfer (automatic),No,19.50,159,No,Low/Medium,0-12 months
7318-EIVKO,MALE,0,No,No,8,Month-to-month,Electronic check,DSL,59.25,436,No,Low/Medium,0-12 months
7421-ZLUPA,FEMALE,0,No,No,8,Month-to-month,Mailed check,DSL,29.25,226,No,Low/Medium,0-12 months
7634-WSWDB,FEMALE,0,No,Yes,8,Month-to-month,Electronic check,DSL,38.50,330,No,Low/Medium,0-12 months
8148-WOCMK,MALE,0,yes,Yes,8,Two year,Credit card (automatic),No,19.60,125,No,Low/Medium,0-12 months
8455-HIRAQ,FEMALE,0,No,No,8,Month-to-month,Mailed check,DSL,44.45,369,No,Low/Medium,0-12 months
8388-DMKAE,FEMALE,0,No,No,8,Two year,Mailed check,No,20.25,174,No,Low/Medium,0-12 months
8584-KMVXD,FEMALE,0,No,No,8,Month-to-month,Electronic check,Fiber optic,75.60,535,No,Low/Medium,0-12 months
8541-QVFKM,FEMALE,0,No,No,8,Month-to-month,Electronic check,Fiber optic,73.50,632,No,Low/Medium,0-12 months
8792-AOROI,FEMALE,0,yes,No,8,Two year,Mailed check,DSL,65.50,564,No,Low/Medium,0-12 months
9030-QGZNL,FEMALE,0,No,No,8,Two year,Mailed check,No,20.85,161,No,Low/Medium,0-12 months
9327-QSDED,MALE,0,No,No,8,Month-to-month,Mailed check,DSL,43.55,335,No,Low/Medium,0-12 months
9415-TPKRV,FEMALE,0,yes,Yes,8,Month-to-month,Electronic check,DSL,55.75,446,No,Low/Medium,0-12 months
9489-UTFKA,MALE,1,yes,No,8,Month-to-month,Bank transfer (automatic),DSL,60.90,551,No,Low/Medium,0-12 months
9498-FIMXL,FEMALE,0,No,No,8,One year,Mailed check,No,19.20,161,No,Low/Medium,0-12 months
9552-TGUZV,MALE,0,yes,No,8,Month-to-month,Mailed check,Fiber optic,75.00,658,No,Low/Medium,0-12 months
9796-BPKIW,MALE,1,No,No,8,Month-to-month,Credit card (automatic),Fiber optic,69.95,562,No,Low/Medium,0-12 months
2969-WGHQO,FEMALE,0,yes,Yes,7,One year,Electronic check,DSL,69.45,477,No,Low/Medium,0-12 months
3012-VFFMN,FEMALE,0,yes,Yes,7,Month-to-month,Mailed check,No,20.65,158,No,Low/Medium,0-12 months
2826-DXLQO,MALE,1,yes,No,7,Month-to-month,Bank transfer (automatic),DSL,29.80,220,No,Low/Medium,0-12 months
2673-ZALNP,FEMALE,0,No,No,7,One year,Mailed check,No,19.90,173,No,Low/Medium,0-12 months
2550-QHZGP,MALE,0,No,No,7,One year,Mailed check,No,19.50,128,No,Low/Medium,0-12 months
2351-RRBUE,FEMALE,0,yes,Yes,7,One year,Mailed check,No,20.65,134,No,Low/Medium,0-12 months
2320-YKQBO,FEMALE,0,No,No,7,Month-to-month,Mailed check,No,19.30,144,No,Low/Medium,0-12 months
2259-OUUSZ,MALE,0,No,No,7,One year,Credit card (automatic),DSL,35.50,249,No,Low/Medium,0-12 months
2272-UOINI,FEMALE,0,No,No,7,Month-to-month,Electronic check,DSL,78.50,571,No,Low/Medium,0-12 months
2123-AGEEN,FEMALE,1,No,No,7,Month-to-month,Electronic check,Fiber optic,84.35,609,No,Low/Medium,0-12 months
1848-LBZHY,FEMALE,0,yes,No,7,Month-to-month,Bank transfer (automatic),DSL,50.30,355,No,Low/Medium,0-12 months
1919-RTPQD,MALE,0,yes,Yes,7,Month-to-month,Electronic check,DSL,44.75,333,No,Low/Medium,0-12 months
2077-MPJQO,MALE,1,yes,No,7,Month-to-month,Electronic check,Fiber optic,75.40,533,No,Low/Medium,0-12 months
1976-AZZPJ,MALE,0,yes,No,7,Month-to-month,Mailed check,DSL,34.20,256,No,Low/Medium,0-12 months
1475-VWVDO,MALE,0,No,No,7,Month-to-month,Electronic check,Fiber optic,74.90,490,No,Low/Medium,0-12 months
1329-VHWNP,FEMALE,0,No,No,7,Month-to-month,Bank transfer (automatic),DSL,25.05,189,No,Low/Medium,0-12 months
1386-ZIKUV,MALE,0,No,No,7,Month-to-month,Mailed check,No,18.95,130,No,Low/Medium,0-12 months
1397-XKKWR,MALE,0,No,No,7,One year,Mailed check,DSL,35.30,264,No,Low/Medium,0-12 months
1355-KUSBG,FEMALE,0,yes,Yes,7,Month-to-month,Electronic check,DSL,48.80,349,No,Low/Medium,0-12 months
1410-RSCMR,MALE,0,yes,Yes,7,Month-to-month,Credit card (automatic),DSL,71.35,515,No,Low/Medium,0-12 months
0909-SDHNU,FEMALE,0,No,Yes,7,Month-to-month,Mailed check,DSL,29.80,201,No,Low/Medium,0-12 months
0840-DFEZH,FEMALE,0,No,No,7,Month-to-month,Electronic check,Fiber optic,75.35,564,No,Low/Medium,0-12 months
0999-QXNSA,MALE,1,No,Yes,7,Month-to-month,Mailed check,DSL,45.75,344,No,Low/Medium,0-12 months
1015-JPFYW,MALE,0,No,Yes,7,One year,Mailed check,No,19.45,136,No,Low/Medium,0-12 months
0958-YHXGP,FEMALE,0,No,No,7,Month-to-month,Mailed check,Fiber optic,69.90,497,No,Low/Medium,0-12 months
1077-HUUJM,FEMALE,0,No,Yes,7,Month-to-month,Electronic check,Fiber optic,71.05,472,No,Low/Medium,0-12 months
0187-QSXOE,MALE,1,yes,No,7,Month-to-month,Electronic check,Fiber optic,89.00,605,No,Low/Medium,0-12 months
0015-UOCOJ,FEMALE,1,No,No,7,Month-to-month,Electronic check,DSL,48.20,340,No,Low/Medium,0-12 months
0274-JKUJR,MALE,0,yes,Yes,7,Month-to-month,Mailed check,DSL,58.85,465,No,Low/Medium,0-12 months
0722-SVSFK,FEMALE,0,No,No,7,Month-to-month,Electronic check,Fiber optic,100.40,715,No,Low/Medium,0-12 months
0750-EKNGL,MALE,0,No,No,7,Month-to-month,Mailed check,No,20.75,141,No,Low/Medium,0-12 months
0567-GGCAC,FEMALE,0,No,No,7,Month-to-month,Electronic check,DSL,61.40,438,No,Low/Medium,0-12 months
5533-NHFRF,MALE,1,No,No,7,Month-to-month,Electronic check,DSL,44.40,265,No,Low/Medium,0-12 months
5605-IYGFG,FEMALE,0,No,No,7,Month-to-month,Bank transfer (automatic),Fiber optic,69.85,515,No,Low/Medium,0-12 months
5309-TAIKL,FEMALE,0,No,No,7,Month-to-month,Bank transfer (automatic),DSL,62.80,418,No,Low/Medium,0-12 months
5215-LNLDJ,FEMALE,0,yes,Yes,7,Month-to-month,Electronic check,DSL,24.70,149,No,Low/Medium,0-12 months
5044-LRQAQ,FEMALE,0,yes,No,7,Month-to-month,Bank transfer (automatic),Fiber optic,69.20,477,No,Low/Medium,0-12 months
5774-XZTQC,FEMALE,0,yes,Yes,7,Month-to-month,Mailed check,No,20.45,150,No,Low/Medium,0-12 months
5816-SCGFC,FEMALE,1,No,No,7,Month-to-month,Mailed check,DSL,51.30,419,No,Low/Medium,0-12 months
6258-NGCNG,MALE,0,No,No,7,Month-to-month,Mailed check,No,23.50,173,No,Low/Medium,0-12 months
6135-OZQVA,FEMALE,0,No,No,7,Month-to-month,Electronic check,DSL,53.65,404,No,Low/Medium,0-12 months
3701-SFMUH,MALE,0,yes,Yes,7,Month-to-month,Credit card (automatic),DSL,69.70,516,No,Low/Medium,0-12 months
3750-YHRYO,MALE,0,yes,Yes,7,One year,Mailed check,No,20.65,150,No,Low/Medium,0-12 months
4059-IIEBK,FEMALE,0,No,No,7,Month-to-month,Bank transfer (automatic),Fiber optic,78.55,522,No,Low/Medium,0-12 months
4060-LDNLU,MALE,0,No,No,7,Month-to-month,Electronic check,Fiber optic,96.20,639,No,Low/Medium,0-12 months
3546-GHEAE,MALE,0,No,No,7,Two year,Mailed check,No,19.45,165,No,Low/Medium,0-12 months
3530-CRZSB,FEMALE,0,No,No,7,Month-to-month,Mailed check,No,20.65,155,No,Low/Medium,0-12 months
4291-SHSBH,MALE,0,No,No,7,Month-to-month,Electronic check,Fiber optic,69.55,521,No,Low/Medium,0-12 months
4291-YZODP,FEMALE,0,No,Yes,7,One year,Mailed check,No,20.05,96,No,Low/Medium,0-12 months
4115-NZRKS,FEMALE,1,No,No,7,Month-to-month,Electronic check,Fiber optic,89.15,574,No,Low/Medium,0-12 months
4343-EJVQB,MALE,0,No,No,7,Month-to-month,Mailed check,Fiber optic,74.35,533,No,Low/Medium,0-12 months
4320-QMLLA,MALE,0,No,No,7,Month-to-month,Mailed check,DSL,54.85,370,No,Low/Medium,0-12 months
4452-QIIEB,MALE,0,No,No,7,Month-to-month,Mailed check,DSL,43.90,278,No,Low/Medium,0-12 months
4431-EDMIQ,FEMALE,0,yes,Yes,7,Month-to-month,Electronic check,DSL,75.70,554,No,Low/Medium,0-12 months
4732-RRJZC,MALE,0,yes,Yes,7,Month-to-month,Mailed check,No,20.25,144,No,Low/Medium,0-12 months
4797-MIWUM,MALE,0,yes,Yes,7,Month-to-month,Bank transfer (automatic),No,20.25,174,No,Low/Medium,0-12 months
4646-QZXTF,FEMALE,0,yes,No,7,Month-to-month,Bank transfer (automatic),DSL,81.25,580,No,Low/Medium,0-12 months
9795-VOWON,MALE,0,No,No,7,One year,Credit card (automatic),DSL,24.35,150,No,Low/Medium,0-12 months
9788-YTFGE,MALE,0,No,No,7,Month-to-month,Mailed check,No,19.95,147,No,Low/Medium,0-12 months
9334-GWGOW,MALE,1,yes,No,7,Month-to-month,Electronic check,Fiber optic,74.85,485,No,Low/Medium,0-12 months
9027-YFHQJ,MALE,0,No,No,7,Month-to-month,Bank transfer (automatic),No,25.05,152,No,Low/Medium,0-12 months
8993-IZEUX,MALE,0,No,No,7,Month-to-month,Bank transfer (automatic),Fiber optic,69.15,488,No,Low/Medium,0-12 months
8887-IPQNC,FEMALE,0,yes,No,7,Month-to-month,Mailed check,DSL,44.25,313,No,Low/Medium,0-12 months
8314-HTWVE,FEMALE,0,yes,Yes,7,Two year,Mailed check,No,19.85,144,No,Low/Medium,0-12 months
8325-QRPZR,FEMALE,0,No,No,7,Month-to-month,Electronic check,Fiber optic,75.15,525,No,Low/Medium,0-12 months
8295-FHIVV,MALE,0,No,No,7,Month-to-month,Mailed check,No,19.40,168,No,Low/Medium,0-12 months
8259-NFJTV,FEMALE,0,yes,Yes,7,Month-to-month,Mailed check,DSL,34.65,246,No,Low/Medium,0-12 months
8242-JSVBO,MALE,0,No,No,7,Month-to-month,Bank transfer (automatic),DSL,44.65,322,No,Low/Medium,0-12 months
8160-HOWOX,FEMALE,0,No,No,7,Month-to-month,Electronic check,DSL,66.85,458,No,Low/Medium,0-12 months
8161-QYMTT,MALE,0,No,No,7,Month-to-month,Electronic check,Fiber optic,94.10,701,No,Low/Medium,0-12 months
7629-WIXZF,FEMALE,0,No,No,7,One year,Electronic check,DSL,59.10,369,No,Low/Medium,0-12 months
7492-TAFJD,MALE,0,yes,Yes,7,Two year,Mailed check,DSL,38.55,280,No,Low/Medium,0-12 months
7353-YOWFP,FEMALE,0,No,No,7,One year,Mailed check,No,20.25,129,No,Low/Medium,0-12 months
7319-VENRZ,MALE,0,No,No,7,Month-to-month,Bank transfer (automatic),DSL,64.30,445,No,Low/Medium,0-12 months
7351-KYHQH,FEMALE,1,No,No,7,Month-to-month,Electronic check,DSL,64.95,493,No,Low/Medium,0-12 months
7905-NJMXS,MALE,1,yes,No,7,Month-to-month,Electronic check,DSL,64.20,475,No,Low/Medium,0-12 months
6497-TILVL,FEMALE,0,yes,Yes,7,Month-to-month,Mailed check,DSL,50.70,350,No,Low/Medium,0-12 months
6671-NGWON,FEMALE,0,No,No,7,Month-to-month,Mailed check,No,20.35,150,No,Low/Medium,0-12 months
7021-XSNYE,MALE,0,yes,Yes,7,Two year,Credit card (automatic),DSL,49.65,305,No,Low/Medium,0-12 months
9979-RGMZT,FEMALE,0,No,No,7,One year,Mailed check,Fiber optic,94.05,633,No,Low/Medium,0-12 months
0661-KQHNK,FEMALE,0,yes,Yes,6,One year,Credit card (automatic),No,19.00,105,No,Low/Medium,0-12 months
0311-QYWSS,FEMALE,0,No,No,6,Month-to-month,Electronic check,DSL,49.45,314,No,Low/Medium,0-12 months
0314-TKOSI,FEMALE,0,No,No,6,Month-to-month,Mailed check,DSL,55.15,322,No,Low/Medium,0-12 months
0096-BXERS,FEMALE,0,yes,No,6,Month-to-month,Electronic check,DSL,50.35,314,No,Low/Medium,0-12 months
1222-LRYKO,MALE,0,No,Yes,6,Month-to-month,Mailed check,No,26.35,184,No,Low/Medium,0-12 months
0856-NAOES,MALE,0,No,No,6,Month-to-month,Mailed check,DSL,60.90,414,No,Low/Medium,0-12 months
0895-LNKRC,MALE,0,yes,Yes,6,One year,Mailed check,No,19.45,113,No,Low/Medium,0-12 months
1356-MKYSK,MALE,0,No,No,6,Month-to-month,Credit card (automatic),DSL,78.65,483,No,Low/Medium,0-12 months
1345-GKDZZ,MALE,0,No,Yes,6,Month-to-month,Mailed check,No,19.55,128,No,Low/Medium,0-12 months
1658-TJVOA,FEMALE,1,No,No,6,Month-to-month,Electronic check,Fiber optic,74.10,450,No,Low/Medium,0-12 months
1641-BYBTK,MALE,0,No,Yes,6,Month-to-month,Mailed check,No,20.20,98,No,Low/Medium,0-12 months
2030-BTZRO,MALE,0,yes,Yes,6,Two year,Credit card (automatic),No,20.40,107,No,Low/Medium,0-12 months
2235-DWLJU,FEMALE,1,No,No,6,Month-to-month,Electronic check,DSL,44.40,263,No,Low/Medium,0-12 months
2587-YNLES,FEMALE,0,yes,Yes,6,Two year,Mailed check,No,20.10,100,No,Low/Medium,0-12 months
2676-OXPPQ,MALE,0,No,No,6,Month-to-month,Bank transfer (automatic),DSL,55.70,335,No,Low/Medium,0-12 months
2862-JVEOY,MALE,0,No,No,6,One year,Mailed check,No,19.15,124,No,Low/Medium,0-12 months
2720-FVBQP,FEMALE,0,yes,Yes,6,Month-to-month,Credit card (automatic),DSL,48.95,273,No,Low/Medium,0-12 months
3077-RSNTJ,FEMALE,0,yes,Yes,6,Month-to-month,Mailed check,No,19.70,113,No,Low/Medium,0-12 months
2928-HLDBA,FEMALE,0,No,No,6,Month-to-month,Mailed check,No,20.70,112,No,Low/Medium,0-12 months
3258-SANFR,MALE,1,No,No,6,Month-to-month,Credit card (automatic),DSL,44.70,276,No,Low/Medium,0-12 months
4647-XXZAM,FEMALE,0,yes,Yes,6,Month-to-month,Mailed check,DSL,45.50,285,No,Low/Medium,0-12 months
4719-UMSIY,MALE,0,No,Yes,6,Month-to-month,Mailed check,No,19.65,100,No,Low/Medium,0-12 months
4257-GAESD,FEMALE,0,No,No,6,Month-to-month,Credit card (automatic),DSL,45.00,298,No,Low/Medium,0-12 months
3283-WCWXT,MALE,0,yes,Yes,6,Two year,Mailed check,No,25.40,153,No,Low/Medium,0-12 months
3453-RTHJQ,MALE,0,No,No,6,Month-to-month,Electronic check,Fiber optic,69.10,435,No,Low/Medium,0-12 months
3462-BJQQA,FEMALE,0,No,No,6,Month-to-month,Electronic check,Fiber optic,89.75,552,No,Low/Medium,0-12 months
4020-KIUDI,MALE,0,yes,Yes,6,Month-to-month,Credit card (automatic),No,19.85,138,No,Low/Medium,0-12 months
3724-UCSHY,MALE,0,yes,Yes,6,Month-to-month,Mailed check,No,19.55,122,No,Low/Medium,0-12 months
6137-NICCO,FEMALE,0,yes,Yes,6,Month-to-month,Mailed check,Fiber optic,94.05,518,No,Low/Medium,0-12 months
6164-HXUGH,FEMALE,0,yes,Yes,6,Month-to-month,Mailed check,No,19.85,119,No,Low/Medium,0-12 months
6229-LSCKB,MALE,1,No,No,6,Month-to-month,Electronic check,Fiber optic,79.70,497,No,Low/Medium,0-12 months
6218-KNUBD,MALE,0,No,No,6,Month-to-month,Electronic check,DSL,59.45,357,No,Low/Medium,0-12 months
5760-FXFVO,MALE,0,No,No,6,Month-to-month,Electronic check,Fiber optic,78.95,494,No,Low/Medium,0-12 months
5850-BDWCY,FEMALE,0,No,No,6,Month-to-month,Mailed check,No,20.20,123,No,Low/Medium,0-12 months
5955-EPOAZ,FEMALE,0,No,No,6,Month-to-month,Mailed check,No,20.95,109,No,Low/Medium,0-12 months
4847-TAJYI,FEMALE,1,No,No,6,Month-to-month,Electronic check,Fiber optic,89.35,567,No,Low/Medium,0-12 months
5600-PDUJF,MALE,0,No,No,6,Month-to-month,Credit card (automatic),DSL,49.50,312,No,Low/Medium,0-12 months
6972-SNKKW,FEMALE,0,No,No,6,Month-to-month,Mailed check,No,20.00,109,No,Low/Medium,0-12 months
7196-LIWRH,FEMALE,0,No,No,6,Two year,Mailed check,No,19.55,124,No,Low/Medium,0-12 months
6624-JDRDS,FEMALE,0,No,No,6,Month-to-month,Bank transfer (automatic),DSL,29.45,161,No,Low/Medium,0-12 months
6599-SFQVE,FEMALE,0,No,No,6,Month-to-month,Electronic check,DSL,55.00,340,No,Low/Medium,0-12 months
6490-FGZAT,MALE,0,No,No,6,Month-to-month,Mailed check,No,20.65,109,No,Low/Medium,0-12 months
6505-OZNPG,FEMALE,0,No,No,6,Two year,Mailed check,DSL,63.40,348,No,Low/Medium,0-12 months
6806-YDEUL,FEMALE,1,No,No,6,Month-to-month,Bank transfer (automatic),No,19.50,106,No,Low/Medium,0-12 months
7968-QUXNS,MALE,0,No,No,6,Month-to-month,Mailed check,No,18.95,110,No,Low/Medium,0-12 months
8035-PWSEV,FEMALE,0,No,No,6,Month-to-month,Electronic check,Fiber optic,89.25,487,No,Low/Medium,0-12 months
7787-BNTZM,MALE,0,No,No,6,Month-to-month,Bank transfer (automatic),No,20.15,130,No,Low/Medium,0-12 months
7762-ONLJY,FEMALE,0,yes,Yes,6,One year,Mailed check,No,19.70,94,No,Low/Medium,0-12 months
7816-VGHTO,FEMALE,0,yes,Yes,6,Two year,Mailed check,DSL,40.55,217,No,Low/Medium,0-12 months
7742-MYPGI,FEMALE,0,yes,Yes,6,Month-to-month,Mailed check,DSL,48.80,297,No,Low/Medium,0-12 months
7351-MHQVU,FEMALE,0,No,No,6,Month-to-month,Credit card (automatic),DSL,50.95,307,No,Low/Medium,0-12 months
7326-RIGQZ,MALE,0,yes,Yes,6,Month-to-month,Electronic check,Fiber optic,69.80,377,No,Low/Medium,0-12 months
7435-ZNUYY,MALE,0,No,No,6,One year,Mailed check,No,20.60,116,No,Low/Medium,0-12 months
7554-AKDQF,FEMALE,0,yes,No,6,Month-to-month,Mailed check,DSL,45.65,323,No,Low/Medium,0-12 months
7623-HKYRK,MALE,0,No,Yes,6,Month-to-month,Mailed check,No,19.70,111,No,Low/Medium,0-12 months
8132-YPVBX,FEMALE,0,No,No,6,Month-to-month,Mailed check,Fiber optic,85.95,514,No,Low/Medium,0-12 months
8124-NZVGJ,FEMALE,0,No,No,6,One year,Mailed check,DSL,49.25,255,No,Low/Medium,0-12 months
8873-GLDMH,FEMALE,0,No,No,6,Month-to-month,Mailed check,Fiber optic,73.85,401,No,Low/Medium,0-12 months
8622-ZLFKO,FEMALE,0,yes,No,6,Month-to-month,Electronic check,Fiber optic,90.75,512,No,Low/Medium,0-12 months
9332-GYWLO,FEMALE,0,yes,Yes,6,Month-to-month,Electronic check,DSL,54.85,355,No,Low/Medium,0-12 months
9150-KPBJQ,FEMALE,0,No,No,6,Two year,Credit card (automatic),No,19.65,116,No,Low/Medium,0-12 months
9152-AMKAK,MALE,0,No,No,6,Two year,Mailed check,DSL,80.25,493,No,Low/Medium,0-12 months
9375-MHRRS,MALE,0,No,No,6,Month-to-month,Mailed check,DSL,50.05,288,No,Low/Medium,0-12 months
9644-UMGQA,MALE,0,yes,Yes,6,Month-to-month,Electronic check,DSL,49.15,295,No,Low/Medium,0-12 months
9741-YLNTD,MALE,0,No,No,6,Month-to-month,Bank transfer (automatic),Fiber optic,87.95,522,No,Low/Medium,0-12 months
9620-ENEJV,FEMALE,0,No,No,6,Month-to-month,Credit card (automatic),Fiber optic,70.55,433,No,Low/Medium,0-12 months
9575-IWCAZ,MALE,0,yes,No,6,One year,Mailed check,No,25.10,171,No,Low/Medium,0-12 months
9780-FKVVF,MALE,0,No,No,6,Month-to-month,Bank transfer (automatic),DSL,59.15,336,No,Low/Medium,0-12 months
9970-QBCDA,FEMALE,0,No,No,6,Month-to-month,Credit card (automatic),No,19.70,129,No,Low/Medium,0-12 months
9957-YODKZ,MALE,1,yes,No,6,Month-to-month,Electronic check,Fiber optic,80.80,457,No,Low/Medium,0-12 months
3113-IWHLC,MALE,0,No,No,5,Month-to-month,Mailed check,DSL,55.80,274,No,Low/Medium,0-12 months
2739-CCZMB,MALE,0,No,Yes,5,Month-to-month,Credit card (automatic),No,20.35,122,No,Low/Medium,0-12 months
2732-ISEZX,FEMALE,0,No,No,5,Month-to-month,Mailed check,No,20.50,104,No,Low/Medium,0-12 months
2799-ARNLO,FEMALE,1,yes,No,5,Month-to-month,Electronic check,Fiber optic,69.35,341,No,Low/Medium,0-12 months
2690-DVRVK,MALE,0,yes,Yes,5,One year,Electronic check,No,20.55,99,No,Low/Medium,0-12 months
2233-FAGXV,FEMALE,0,yes,Yes,5,Month-to-month,Mailed check,No,24.30,132,No,Low/Medium,0-12 months
2135-DQWAQ,FEMALE,0,No,No,5,Month-to-month,Mailed check,Fiber optic,85.30,420,No,Low/Medium,0-12 months
2159-TURXX,MALE,0,No,No,5,Month-to-month,Credit card (automatic),No,20.05,95,No,Low/Medium,0-12 months
2439-QKJUL,MALE,0,No,No,5,Month-to-month,Mailed check,No,20.25,109,No,Low/Medium,0-12 months
2041-JIJCI,FEMALE,0,No,No,5,Month-to-month,Electronic check,DSL,64.00,370,No,Low/Medium,0-12 months
2075-RMJIK,FEMALE,0,yes,Yes,5,Month-to-month,Mailed check,DSL,49.40,232,No,Low/Medium,0-12 months
1925-GMVBW,FEMALE,0,No,No,5,Month-to-month,Credit card (automatic),No,20.55,96,No,Low/Medium,0-12 months
1814-DKOLC,FEMALE,0,No,No,5,Month-to-month,Mailed check,No,25.45,134,No,Low/Medium,0-12 months
1635-FJFCC,FEMALE,0,No,No,5,Month-to-month,Credit card (automatic),DSL,44.05,202,No,Low/Medium,0-12 months
1257-SXUXQ,MALE,0,yes,Yes,5,Month-to-month,Mailed check,No,19.45,86,No,Low/Medium,0-12 months
0867-LDTTC,MALE,0,No,No,5,Month-to-month,Bank transfer (automatic),DSL,75.15,392,No,Low/Medium,0-12 months
0018-NYROU,FEMALE,0,yes,No,5,Month-to-month,Electronic check,Fiber optic,68.95,351,No,Low/Medium,0-12 months
0303-WMMRN,MALE,0,No,No,5,Month-to-month,Mailed check,No,19.25,86,No,Low/Medium,0-12 months
0295-QVKPB,MALE,0,No,No,5,Month-to-month,Credit card (automatic),DSL,63.95,318,No,Low/Medium,0-12 months
5349-AZPEW,FEMALE,0,yes,Yes,5,Month-to-month,Mailed check,DSL,25.05,125,No,Low/Medium,0-12 months
5404-GGUKR,MALE,0,No,No,5,Month-to-month,Electronic check,DSL,51.35,262,No,Low/Medium,0-12 months
5399-ZIMKF,MALE,0,No,No,5,Month-to-month,Electronic check,Fiber optic,74.65,383,No,Low/Medium,0-12 months
4853-OITSN,MALE,0,yes,No,5,Month-to-month,Electronic check,Fiber optic,89.15,413,No,Low/Medium,0-12 months
5882-CMAZQ,FEMALE,0,yes,Yes,5,Month-to-month,Electronic check,DSL,34.25,163,No,Low/Medium,0-12 months
6198-ZFIOJ,FEMALE,0,No,No,5,Month-to-month,Electronic check,Fiber optic,75.60,402,No,Low/Medium,0-12 months
6180-YBIQI,MALE,0,No,No,5,Month-to-month,Mailed check,DSL,24.30,100,No,Low/Medium,0-12 months
6175-IRFIT,MALE,0,No,No,5,Month-to-month,Mailed check,Fiber optic,78.75,426,No,Low/Medium,0-12 months
6034-YMTOB,FEMALE,0,No,No,5,Month-to-month,Mailed check,Fiber optic,75.65,399,No,Low/Medium,0-12 months
6377-KSLXC,MALE,0,No,No,5,Month-to-month,Mailed check,No,19.95,107,No,Low/Medium,0-12 months
3717-FDJFU,MALE,0,No,Yes,5,Two year,Mailed check,No,20.45,106,No,Low/Medium,0-12 months
3694-GLTJM,FEMALE,0,No,No,5,Month-to-month,Credit card (automatic),No,19.65,92,No,Low/Medium,0-12 months
3977-QCRSL,FEMALE,0,No,No,5,Month-to-month,Mailed check,No,20.15,117,No,Low/Medium,0-12 months
3420-ZDBMA,MALE,1,No,No,5,Month-to-month,Mailed check,Fiber optic,71.45,371,No,Low/Medium,0-12 months
3363-EWLGO,FEMALE,0,No,No,5,Month-to-month,Mailed check,No,19.95,109,No,Low/Medium,0-12 months
3675-EQOZA,MALE,0,No,No,5,Month-to-month,Bank transfer (automatic),No,20.65,93,No,Low/Medium,0-12 months
4256-ZWTZI,FEMALE,0,No,Yes,5,Month-to-month,Mailed check,DSL,51.00,286,No,Low/Medium,0-12 months
4130-MZLCC,FEMALE,0,No,No,5,Month-to-month,Bank transfer (automatic),DSL,50.55,244,No,Low/Medium,0-12 months
4482-FTFFX,MALE,0,No,No,5,Month-to-month,Electronic check,DSL,56.15,291,No,Low/Medium,0-12 months
4468-YDOVK,MALE,0,No,Yes,5,Month-to-month,Bank transfer (automatic),DSL,48.65,235,No,Low/Medium,0-12 months
4324-AHJKS,FEMALE,0,No,No,5,Month-to-month,Credit card (automatic),DSL,55.80,300,No,Low/Medium,0-12 months
4395-PZMSN,MALE,1,No,No,5,Month-to-month,Electronic check,Fiber optic,85.55,408,No,Low/Medium,0-12 months
4710-NKCAW,MALE,0,yes,Yes,5,Month-to-month,Credit card (automatic),DSL,64.40,316,No,Low/Medium,0-12 months
4785-NKHCX,MALE,1,No,No,5,Month-to-month,Bank transfer (automatic),No,20.05,94,No,Low/Medium,0-12 months
4566-NECEV,MALE,0,No,No,5,Month-to-month,Electronic check,Fiber optic,96.55,500,No,Low/Medium,0-12 months
6458-CYIDZ,FEMALE,1,No,No,5,Month-to-month,Electronic check,Fiber optic,80.70,374,No,Low/Medium,0-12 months
6435-SRWBJ,FEMALE,0,No,No,5,Month-to-month,Electronic check,Fiber optic,82.75,417,No,Low/Medium,0-12 months
9761-XUJWD,MALE,0,No,No,5,Month-to-month,Bank transfer (automatic),DSL,65.60,339,No,Low/Medium,0-12 months
9708-HPXWZ,MALE,1,No,No,5,Month-to-month,Credit card (automatic),DSL,45.40,214,No,Low/Medium,0-12 months
9696-RMYBA,MALE,0,No,No,5,Month-to-month,Mailed check,Fiber optic,80.10,398,No,Low/Medium,0-12 months
9389-ACWBI,FEMALE,0,yes,Yes,5,Month-to-month,Credit card (automatic),Fiber optic,69.95,320,No,Low/Medium,0-12 months
9294-TDIPC,MALE,0,No,Yes,5,Month-to-month,Mailed check,No,20.20,83,No,Low/Medium,0-12 months
8739-XNIKG,FEMALE,0,No,No,5,Month-to-month,Electronic check,Fiber optic,84.00,424,No,Low/Medium,0-12 months
8752-IMQOS,MALE,0,yes,Yes,5,One year,Mailed check,No,20.10,85,No,Low/Medium,0-12 months
8242-SOQUO,FEMALE,1,No,No,5,Month-to-month,Electronic check,Fiber optic,84.70,392,No,Low/Medium,0-12 months
8212-DJRCH,MALE,0,yes,Yes,5,Month-to-month,Mailed check,Fiber optic,90.35,434,No,Low/Medium,0-12 months
8217-QYOHV,MALE,0,No,No,5,Month-to-month,Mailed check,DSL,55.75,266,No,Low/Medium,0-12 months
8250-ZNGGW,FEMALE,1,No,No,5,Month-to-month,Credit card (automatic),DSL,59.90,287,No,Low/Medium,0-12 months
7521-AFHAB,FEMALE,0,yes,Yes,5,Month-to-month,Mailed check,DSL,44.80,220,No,Low/Medium,0-12 months
7311-MQJCH,FEMALE,0,No,No,5,One year,Electronic check,No,19.55,99,No,Low/Medium,0-12 months
7284-BUYEC,FEMALE,0,No,No,5,Month-to-month,Credit card (automatic),DSL,50.95,229,No,Low/Medium,0-12 months
7905-TVXTA,FEMALE,0,No,No,5,Month-to-month,Electronic check,DSL,64.35,352,No,Low/Medium,0-12 months
6786-OBWQR,FEMALE,0,yes,Yes,5,Month-to-month,Electronic check,Fiber optic,80.85,356,No,Low/Medium,0-12 months
6705-LXORM,FEMALE,1,yes,No,5,Month-to-month,Electronic check,Fiber optic,70.05,302,No,Low/Medium,0-12 months
6734-GMPVK,MALE,0,No,No,5,Month-to-month,Electronic check,Fiber optic,105.30,550,No,Low/Medium,0-12 months
6621-YOBKI,MALE,0,No,No,5,Month-to-month,Mailed check,No,20.35,92,No,Low/Medium,0-12 months
6637-KYRCV,FEMALE,0,yes,Yes,5,Month-to-month,Electronic check,DSL,30.50,167,No,Low/Medium,0-12 months
7129-ACFOG,FEMALE,0,No,No,5,Month-to-month,Electronic check,DSL,53.80,283,No,Low/Medium,0-12 months
6918-UMQCG,FEMALE,0,No,No,5,Month-to-month,Electronic check,Fiber optic,80.20,384,No,Low/Medium,0-12 months
6921-OZMFH,MALE,0,yes,Yes,5,Month-to-month,Mailed check,DSL,55.70,259,No,Low/Medium,0-12 months
0221-WMXNQ,MALE,1,No,No,4,Month-to-month,Electronic check,Fiber optic,75.35,273,No,Low/Medium,0-12 months
0644-OQMDK,MALE,1,No,No,4,Month-to-month,Electronic check,Fiber optic,70.65,293,No,Low/Medium,0-12 months
0690-SRQID,MALE,0,No,No,4,Month-to-month,Mailed check,No,19.65,67,No,Low/Medium,0-12 months
0754-EEBDC,MALE,0,yes,Yes,4,Two year,Mailed check,No,19.90,76,No,Low/Medium,0-12 months
0793-TWELN,FEMALE,0,No,No,4,Month-to-month,Electronic check,Fiber optic,80.15,319,No,Low/Medium,0-12 months
0581-BXBUB,FEMALE,1,No,No,4,Month-to-month,Electronic check,Fiber optic,72.75,317,No,Low/Medium,0-12 months
0620-XEFWH,MALE,0,yes,Yes,4,Month-to-month,Mailed check,No,18.85,84,No,Low/Medium,0-12 months
0928-JMXNP,MALE,1,yes,No,4,Month-to-month,Electronic check,DSL,29.90,118,No,Low/Medium,0-12 months
1215-VFYVK,FEMALE,0,No,No,4,Month-to-month,Mailed check,DSL,48.25,202,No,Low/Medium,0-12 months
1197-BVMVG,FEMALE,1,No,No,4,Month-to-month,Electronic check,Fiber optic,74.45,294,No,Low/Medium,0-12 months
1251-STYSZ,FEMALE,1,No,No,4,Month-to-month,Electronic check,Fiber optic,80.25,303,No,Low/Medium,0-12 months
1336-EZFZY,FEMALE,0,No,No,4,Month-to-month,Mailed check,No,20.05,83,No,Low/Medium,0-12 months
1354-YZFNB,MALE,0,yes,Yes,4,Two year,Credit card (automatic),No,19.55,68,No,Low/Medium,0-12 months
1636-NTNCO,MALE,1,No,No,4,Month-to-month,Credit card (automatic),DSL,50.95,207,No,Low/Medium,0-12 months
1575-KRZZE,FEMALE,0,No,No,4,Month-to-month,Electronic check,DSL,55.20,220,No,Low/Medium,0-12 months
1456-TWCGB,MALE,0,No,No,4,Month-to-month,Mailed check,DSL,49.25,208,No,Low/Medium,0-12 months
1564-HJUVY,MALE,0,No,No,4,Month-to-month,Bank transfer (automatic),DSL,63.75,226,No,Low/Medium,0-12 months
1548-ARAGG,FEMALE,0,yes,Yes,4,Month-to-month,Mailed check,DSL,58.50,224,No,Low/Medium,0-12 months
1855-CFULU,FEMALE,1,No,No,4,Month-to-month,Mailed check,No,20.05,91,No,Low/Medium,0-12 months
2038-OEQZH,MALE,0,No,No,4,Month-to-month,Electronic check,Fiber optic,86.05,308,No,Low/Medium,0-12 months
2495-TTHBQ,FEMALE,0,No,Yes,4,One year,Mailed check,No,20.40,84,No,Low/Medium,0-12 months
2277-VWCNI,FEMALE,1,No,No,4,Month-to-month,Mailed check,DSL,48.75,179,No,Low/Medium,0-12 months
2674-MIAHT,FEMALE,0,No,No,4,Month-to-month,Mailed check,Fiber optic,80.30,324,No,Low/Medium,0-12 months
2480-SQIOB,MALE,0,yes,Yes,4,Month-to-month,Electronic check,DSL,44.80,169,No,Low/Medium,0-12 months
2831-EBWRN,MALE,0,No,No,4,Month-to-month,Electronic check,DSL,45.90,199,No,Low/Medium,0-12 months
3097-PYWXL,FEMALE,0,yes,Yes,4,Month-to-month,Electronic check,No,19.95,82,No,Low/Medium,0-12 months
3137-LUPIX,FEMALE,0,No,No,4,Month-to-month,Mailed check,DSL,64.40,253,No,Low/Medium,0-12 months
3223-DWFIO,MALE,1,No,No,4,Month-to-month,Electronic check,Fiber optic,69.35,261,No,Low/Medium,0-12 months
6469-QJKZW,FEMALE,0,yes,No,4,Month-to-month,Electronic check,No,20.15,91,No,Low/Medium,0-12 months
4558-CGYCZ,MALE,0,No,No,4,Month-to-month,Mailed check,No,19.75,78,No,Low/Medium,0-12 months
4815-GBTCD,FEMALE,0,yes,No,4,Month-to-month,Electronic check,DSL,25.15,99,No,Low/Medium,0-12 months
4749-OJKQU,FEMALE,0,No,No,4,Month-to-month,Electronic check,Fiber optic,75.65,302,No,Low/Medium,0-12 months
4396-KLSEH,MALE,0,No,No,4,Month-to-month,Electronic check,No,19.85,63,No,Low/Medium,0-12 months
4397-FRLTA,FEMALE,0,No,No,4,Month-to-month,Mailed check,No,20.15,84,No,Low/Medium,0-12 months
4430-YHXGG,FEMALE,0,No,Yes,4,Month-to-month,Mailed check,No,25.45,84,No,Low/Medium,0-12 months
4132-KALRO,FEMALE,0,No,No,4,Month-to-month,Mailed check,Fiber optic,100.85,399,No,Low/Medium,0-12 months
4116-IQRFR,MALE,0,yes,Yes,4,One year,Credit card (automatic),No,24.10,73,No,Low/Medium,0-12 months
3496-LFSZU,MALE,0,yes,No,4,Month-to-month,Electronic check,Fiber optic,70.50,294,No,Low/Medium,0-12 months
3345-JHUEO,MALE,0,No,No,4,Month-to-month,Electronic check,No,20.20,55,No,Low/Medium,0-12 months
3446-QDSZF,FEMALE,0,No,No,4,Month-to-month,Credit card (automatic),DSL,55.50,227,No,Low/Medium,0-12 months
3904-UKFRE,MALE,0,No,No,4,Month-to-month,Electronic check,Fiber optic,80.10,336,No,Low/Medium,0-12 months
3694-DELSO,MALE,0,yes,Yes,4,Month-to-month,Credit card (automatic),DSL,38.55,156,No,Low/Medium,0-12 months
3748-FVMZZ,MALE,0,No,No,4,Month-to-month,Electronic check,DSL,40.05,162,No,Low/Medium,0-12 months
3855-ONCAR,FEMALE,0,yes,Yes,4,Month-to-month,Mailed check,Fiber optic,78.90,299,No,Low/Medium,0-12 months
6402-EJMWF,MALE,0,No,No,4,Month-to-month,Mailed check,DSL,55.30,238,No,Low/Medium,0-12 months
6350-XFYGW,MALE,1,No,No,4,Month-to-month,Electronic check,Fiber optic,94.75,422,No,Low/Medium,0-12 months
6368-TZZDT,MALE,0,yes,Yes,4,Two year,Credit card (automatic),No,19.50,96,No,Low/Medium,0-12 months
6260-XLACS,MALE,0,No,No,4,One year,Mailed check,No,19.70,117,No,Low/Medium,0-12 months
6257-RJOHI,MALE,0,No,No,4,Month-to-month,Mailed check,DSL,50.80,202,No,Low/Medium,0-12 months
6231-WFGFH,MALE,0,yes,Yes,4,Month-to-month,Mailed check,No,20.50,77,No,Low/Medium,0-12 months
5712-VBOXD,FEMALE,0,No,No,4,Month-to-month,Credit card (automatic),No,20.15,68,No,Low/Medium,0-12 months
5702-SKUOB,FEMALE,0,yes,No,4,Month-to-month,Mailed check,No,19.60,93,No,Low/Medium,0-12 months
5222-JCXZT,MALE,0,No,No,4,Month-to-month,Mailed check,No,19.00,78,No,Low/Medium,0-12 months
5144-PQCDZ,MALE,0,No,No,4,Month-to-month,Mailed check,No,19.95,59,No,Low/Medium,0-12 months
5172-MIGPM,MALE,0,No,No,4,Month-to-month,Mailed check,DSL,65.55,237,No,Low/Medium,0-12 months
5071-FBJFS,FEMALE,0,yes,Yes,4,Month-to-month,Electronic check,DSL,50.30,217,No,Low/Medium,0-12 months
5339-PXDVH,MALE,0,No,No,4,Month-to-month,Electronic check,Fiber optic,90.65,367,No,Low/Medium,0-12 months
5619-XZZKR,MALE,0,No,No,4,One year,Mailed check,No,19.95,68,No,Low/Medium,0-12 months
5542-DHSXL,FEMALE,0,yes,No,4,Month-to-month,Mailed check,DSL,54.70,235,No,Low/Medium,0-12 months
5543-QDCRY,MALE,0,No,No,4,Month-to-month,Electronic check,DSL,56.40,234,No,Low/Medium,0-12 months
6994-KERXL,MALE,0,No,No,4,Month-to-month,Electronic check,DSL,55.90,238,No,Low/Medium,0-12 months
7009-LGECI,FEMALE,0,No,No,4,Month-to-month,Bank transfer (automatic),DSL,50.55,235,No,Low/Medium,0-12 months
7044-YAACC,MALE,1,yes,No,4,Month-to-month,Electronic check,Fiber optic,70.20,280,No,Low/Medium,0-12 months
7075-BNDVQ,FEMALE,0,No,No,4,Month-to-month,Mailed check,DSL,35.00,135,No,Low/Medium,0-12 months
7219-TLZHO,FEMALE,0,yes,Yes,4,Month-to-month,Mailed check,No,20.85,62,No,Low/Medium,0-12 months
7234-KMNRQ,MALE,0,No,No,4,Month-to-month,Mailed check,No,19.00,73,No,Low/Medium,0-12 months
6630-UJZMY,FEMALE,1,yes,No,4,Month-to-month,Electronic check,Fiber optic,83.25,308,No,Low/Medium,0-12 months
7874-ECPQJ,FEMALE,0,No,Yes,4,Month-to-month,Bank transfer (automatic),No,20.05,85,No,Low/Medium,0-12 months
7880-XSOJX,MALE,0,No,No,4,Month-to-month,Mailed check,DSL,42.40,146,No,Low/Medium,0-12 months
7878-JGDKK,MALE,0,No,No,4,Month-to-month,Mailed check,DSL,44.55,220,No,Low/Medium,0-12 months
7976-CICYS,MALE,0,No,No,4,Month-to-month,Credit card (automatic),No,20.70,83,No,Low/Medium,0-12 months
7853-OETYL,FEMALE,0,yes,No,4,Month-to-month,Electronic check,DSL,29.05,129,No,Low/Medium,0-12 months
7356-AYNJP,FEMALE,0,No,No,4,One year,Electronic check,No,23.90,97,No,Low/Medium,0-12 months
7339-POGZN,FEMALE,0,No,No,4,Month-to-month,Electronic check,DSL,50.70,214,No,Low/Medium,0-12 months
7396-VJUZB,MALE,0,yes,Yes,4,Month-to-month,Mailed check,DSL,45.25,155,No,Low/Medium,0-12 months
8266-VBFQL,MALE,0,No,No,4,Month-to-month,Electronic check,Fiber optic,90.40,356,No,Low/Medium,0-12 months
8313-KTIHG,MALE,0,No,No,4,Month-to-month,Electronic check,DSL,61.30,249,No,Low/Medium,0-12 months
8388-FYNPZ,MALE,0,No,No,4,Month-to-month,Electronic check,DSL,56.75,245,No,Low/Medium,0-12 months
8410-BGQXN,MALE,0,No,No,4,Month-to-month,Mailed check,No,19.40,93,No,Low/Medium,0-12 months
8404-GFGCZ,MALE,0,yes,No,4,Month-to-month,Electronic check,DSL,65.60,250,No,Low/Medium,0-12 months
8189-DUKMV,FEMALE,0,yes,No,4,One year,Bank transfer (automatic),No,20.50,79,No,Low/Medium,0-12 months
8120-JDCAM,MALE,0,yes,Yes,4,Month-to-month,Mailed check,Fiber optic,69.55,284,No,Low/Medium,0-12 months
8746-OQQRW,MALE,0,No,No,4,Month-to-month,Mailed check,No,25.25,101,No,Low/Medium,0-12 months
8676-OOQEJ,MALE,0,No,No,4,Month-to-month,Electronic check,DSL,30.50,118,No,Low/Medium,0-12 months
8714-CTZJW,FEMALE,0,No,No,4,Month-to-month,Credit card (automatic),Fiber optic,82.85,319,No,Low/Medium,0-12 months
9348-YVOMK,MALE,0,No,No,4,Month-to-month,Credit card (automatic),DSL,44.80,176,No,Low/Medium,0-12 months
9350-ZXYJC,FEMALE,0,No,No,4,Two year,Credit card (automatic),No,25.30,116,No,Low/Medium,0-12 months
9367-OIUXP,MALE,0,No,No,4,Month-to-month,Mailed check,No,20.70,73,No,Low/Medium,0-12 months
9714-EDSUC,MALE,0,No,No,4,Month-to-month,Mailed check,Fiber optic,94.90,360,No,Low/Medium,0-12 months
9618-LFJRU,FEMALE,0,No,No,4,Month-to-month,Credit card (automatic),No,20.45,82,No,Low/Medium,0-12 months
9626-WEQRM,FEMALE,0,No,No,4,Month-to-month,Mailed check,DSL,29.15,110,No,Low/Medium,0-12 months
9929-PLVPA,FEMALE,0,No,Yes,4,Month-to-month,Credit card (automatic),No,20.40,94,No,Low/Medium,0-12 months
9842-EFSYY,FEMALE,0,No,Yes,4,Month-to-month,Mailed check,DSL,57.20,223,No,Low/Medium,0-12 months
3191-CSNMG,FEMALE,0,yes,Yes,3,Month-to-month,Electronic check,Fiber optic,80.70,239,No,Low/Medium,0-12 months
3195-TQDZX,MALE,0,No,No,3,Month-to-month,Electronic check,No,20.25,61,No,Low/Medium,0-12 months
3082-VQXNH,MALE,0,yes,No,3,Month-to-month,Credit card (automatic),DSL,29.80,94,No,Low/Medium,0-12 months
3071-VBYPO,MALE,0,yes,Yes,3,Month-to-month,Electronic check,Fiber optic,89.85,248,No,Low/Medium,0-12 months
3043-TYBNO,MALE,0,No,No,3,Month-to-month,Mailed check,DSL,60.65,196,No,Low/Medium,0-12 months
3039-MJSLN,MALE,0,No,Yes,3,Month-to-month,Bank transfer (automatic),No,20.20,50,No,Low/Medium,0-12 months
3050-GBUSH,FEMALE,0,No,No,3,Month-to-month,Credit card (automatic),DSL,34.80,113,No,Low/Medium,0-12 months
2984-AFWNC,FEMALE,0,No,No,3,Month-to-month,Electronic check,Fiber optic,95.40,293,No,Low/Medium,0-12 months
2988-PLAHS,FEMALE,0,No,No,3,One year,Electronic check,DSL,69.95,220,No,Low/Medium,0-12 months
2800-VEQXM,FEMALE,0,No,No,3,Month-to-month,Mailed check,Fiber optic,74.75,238,No,Low/Medium,0-12 months
2789-HQBOU,MALE,0,No,No,3,Month-to-month,Electronic check,Fiber optic,80.35,253,No,Low/Medium,0-12 months
2792-VPPET,MALE,0,No,No,3,Month-to-month,Electronic check,No,20.50,76,No,Low/Medium,0-12 months
2710-WYVXG,FEMALE,0,No,No,3,Two year,Mailed check,DSL,71.10,213,No,Low/Medium,0-12 months
2621-UDNLU,FEMALE,0,yes,No,3,Month-to-month,Mailed check,No,20.85,72,No,Low/Medium,0-12 months
2637-FKFSY,FEMALE,0,yes,No,3,Month-to-month,Mailed check,DSL,46.10,130,No,Low/Medium,0-12 months
2393-DIVAI,FEMALE,0,No,No,3,Month-to-month,Mailed check,No,20.00,61,No,Low/Medium,0-12 months
2325-NBPZG,FEMALE,0,No,No,3,Month-to-month,Electronic check,Fiber optic,74.55,233,No,Low/Medium,0-12 months
2081-VEYEH,MALE,0,No,No,3,Month-to-month,Electronic check,Fiber optic,107.95,318,No,Low/Medium,0-12 months
1763-WQFUK,MALE,0,No,No,3,Month-to-month,Mailed check,DSL,50.50,147,No,Low/Medium,0-12 months
1465-WCZVT,FEMALE,0,yes,Yes,3,Month-to-month,Mailed check,No,19.65,60,No,Low/Medium,0-12 months
1407-DIGZV,FEMALE,0,yes,Yes,3,Two year,Mailed check,No,19.10,52,No,Low/Medium,0-12 months
1212-GLHMD,MALE,0,No,No,3,Month-to-month,Mailed check,Fiber optic,86.05,244,No,Low/Medium,0-12 months
1230-QAJDW,MALE,0,No,No,3,Month-to-month,Mailed check,DSL,65.25,209,No,Low/Medium,0-12 months
1179-INLAT,MALE,0,No,No,3,One year,Mailed check,No,19.45,69,No,Low/Medium,0-12 months
1078-TDCRN,FEMALE,1,yes,No,3,Month-to-month,Electronic check,DSL,30.75,82,No,Low/Medium,0-12 months
0929-HYQEW,MALE,0,No,No,3,Month-to-month,Mailed check,DSL,50.15,160,No,Low/Medium,0-12 months
0975-VOOVL,FEMALE,0,No,No,3,Month-to-month,Mailed check,DSL,29.20,98,No,Low/Medium,0-12 months
0988-JRWWP,FEMALE,0,No,No,3,Month-to-month,Electronic check,DSL,54.20,140,No,Low/Medium,0-12 months
0432-CAJZV,MALE,0,No,No,3,Month-to-month,Mailed check,Fiber optic,90.70,237,No,Low/Medium,0-12 months
0455-XFASS,FEMALE,0,yes,Yes,3,Month-to-month,Electronic check,Fiber optic,69.55,200,No,Low/Medium,0-12 months
0463-WZZKO,MALE,0,No,No,3,Month-to-month,Credit card (automatic),No,20.75,67,No,Low/Medium,0-12 months
0734-OXWBT,MALE,0,No,Yes,3,Month-to-month,Mailed check,DSL,70.70,225,No,Low/Medium,0-12 months
0641-EVBOJ,MALE,0,No,No,3,Month-to-month,Mailed check,Fiber optic,82.30,214,No,Low/Medium,0-12 months
0225-ZORZP,MALE,0,No,No,3,Month-to-month,Electronic check,Fiber optic,84.30,235,No,Low/Medium,0-12 months
0178-CIIKR,FEMALE,0,No,No,3,Month-to-month,Mailed check,No,19.95,58,No,Low/Medium,0-12 months
0030-FNXPP,FEMALE,0,No,No,3,Month-to-month,Mailed check,No,19.85,57,No,Low/Medium,0-12 months
0319-QZTCO,FEMALE,0,yes,Yes,3,Month-to-month,Credit card (automatic),DSL,58.70,168,No,Low/Medium,0-12 months
0323-XWWTN,MALE,0,No,Yes,3,Two year,Mailed check,No,26.40,121,No,Low/Medium,0-12 months
0258-NOKBL,MALE,0,No,No,3,Month-to-month,Electronic check,Fiber optic,90.40,268,No,Low/Medium,0-12 months
0374-IOEGQ,FEMALE,0,No,No,3,Month-to-month,Electronic check,DSL,44.60,122,No,Low/Medium,0-12 months
0411-EZJZE,FEMALE,0,No,No,3,Month-to-month,Electronic check,DSL,60.25,170,No,Low/Medium,0-12 months
5630-AHZIL,FEMALE,0,No,Yes,3,Month-to-month,Bank transfer (automatic),DSL,64.50,177,No,Low/Medium,0-12 months
5356-CSVSQ,FEMALE,0,No,No,3,Month-to-month,Electronic check,DSL,64.60,174,No,Low/Medium,0-12 months
5066-GFJMM,FEMALE,0,yes,No,3,Month-to-month,Mailed check,No,19.90,45,No,Low/Medium,0-12 months
5122-CYFXA,FEMALE,0,No,No,3,Month-to-month,Electronic check,DSL,75.30,244,No,Low/Medium,0-12 months
5150-ITWWB,MALE,1,No,No,3,Month-to-month,Electronic check,Fiber optic,94.85,335,No,Low/Medium,0-12 months
5156-UMKOW,FEMALE,0,No,Yes,3,Month-to-month,Mailed check,DSL,29.65,90,No,Low/Medium,0-12 months
4854-CIDCF,FEMALE,1,No,No,3,Month-to-month,Electronic check,Fiber optic,73.85,196,No,Low/Medium,0-12 months
4957-TREIR,MALE,0,No,No,3,Month-to-month,Credit card (automatic),DSL,64.40,195,No,Low/Medium,0-12 months
4983-CCWMC,MALE,0,No,No,3,Month-to-month,Mailed check,Fiber optic,69.60,207,No,Low/Medium,0-12 months
5760-IFJOZ,MALE,0,No,No,3,Month-to-month,Mailed check,Fiber optic,107.95,313,No,Low/Medium,0-12 months
5808-TOTXO,FEMALE,0,No,Yes,3,One year,Credit card (automatic),No,20.55,57,No,Low/Medium,0-12 months
5960-MVTUK,MALE,0,No,No,3,Month-to-month,Electronic check,DSL,29.75,96,No,Low/Medium,0-12 months
6357-JJPQT,FEMALE,0,No,No,3,Month-to-month,Electronic check,Fiber optic,80.50,232,No,Low/Medium,0-12 months
6351-SCJKT,MALE,0,No,No,3,Month-to-month,Mailed check,DSL,41.35,107,No,Low/Medium,0-12 months
6394-HHHZM,MALE,0,No,No,3,Month-to-month,Mailed check,No,20.70,57,No,Low/Medium,0-12 months
6077-BDPXA,FEMALE,0,No,No,3,Month-to-month,Electronic check,Fiber optic,70.15,194,No,Low/Medium,0-12 months
6184-DYUOB,FEMALE,0,yes,No,3,Month-to-month,Mailed check,No,19.60,55,No,Low/Medium,0-12 months
3806-YAZOV,FEMALE,0,No,No,3,Month-to-month,Mailed check,No,18.80,56,No,Low/Medium,0-12 months
3744-ZBHON,FEMALE,0,No,No,3,Month-to-month,Electronic check,No,20.20,65,No,Low/Medium,0-12 months
3916-NRPAP,MALE,0,No,No,3,Month-to-month,Credit card (automatic),Fiber optic,85.70,256,No,Low/Medium,0-12 months
3966-HRMZA,FEMALE,1,No,No,3,Month-to-month,Mailed check,Fiber optic,75.05,202,No,Low/Medium,0-12 months
4061-UKJWL,MALE,0,No,No,3,Month-to-month,Mailed check,DSL,45.45,141,No,Low/Medium,0-12 months
4026-SKKHW,MALE,0,No,No,3,Month-to-month,Mailed check,DSL,50.25,152,No,Low/Medium,0-12 months
4029-HPFVY,MALE,0,No,No,3,Month-to-month,Mailed check,Fiber optic,70.30,220,No,Low/Medium,0-12 months
3407-QGWLG,MALE,0,No,Yes,3,Month-to-month,Mailed check,No,20.05,75,No,Low/Medium,0-12 months
3411-WLRSQ,FEMALE,1,yes,No,3,Month-to-month,Bank transfer (automatic),Fiber optic,74.60,239,No,Low/Medium,0-12 months
3370-HXOPH,FEMALE,0,No,No,3,Month-to-month,Electronic check,Fiber optic,76.10,257,No,Low/Medium,0-12 months
3318-NMQXL,MALE,0,No,No,3,Month-to-month,Electronic check,Fiber optic,92.00,266,No,Low/Medium,0-12 months
3594-KADLU,MALE,0,yes,No,3,Month-to-month,Mailed check,DSL,35.10,101,No,Low/Medium,0-12 months
4090-KPJIP,FEMALE,0,No,No,3,Month-to-month,Electronic check,Fiber optic,74.95,212,No,Low/Medium,0-12 months
4393-OBCRR,FEMALE,0,No,No,3,One year,Mailed check,No,20.25,71,No,Low/Medium,0-12 months
4693-VWVBO,FEMALE,0,No,No,3,Month-to-month,Electronic check,No,19.55,61,No,Low/Medium,0-12 months
9631-XEYKE,MALE,0,No,No,3,Month-to-month,Bank transfer (automatic),DSL,50.40,137,No,Low/Medium,0-12 months
9633-XQABV,FEMALE,0,No,No,3,Month-to-month,Electronic check,Fiber optic,70.25,229,No,Low/Medium,0-12 months
9643-AVVWI,FEMALE,0,yes,Yes,3,Month-to-month,Electronic check,Fiber optic,80.00,241,No,Low/Medium,0-12 months
9572-WUKSB,MALE,0,yes,No,3,Month-to-month,Electronic check,DSL,29.90,92,No,Low/Medium,0-12 months
9743-DQKQW,MALE,0,No,No,3,Month-to-month,Electronic check,DSL,25.10,79,No,Low/Medium,0-12 months
9398-MMQTO,MALE,0,No,No,3,Month-to-month,Credit card (automatic),Fiber optic,74.45,221,No,Low/Medium,0-12 months
9505-SQFSW,FEMALE,0,yes,Yes,3,Month-to-month,Mailed check,DSL,40.30,92,No,Low/Medium,0-12 months
9277-JOOMO,FEMALE,0,No,No,3,Month-to-month,Mailed check,No,24.60,86,No,Low/Medium,0-12 months
9261-WDCAF,MALE,0,No,No,3,Month-to-month,Mailed check,DSL,54.65,189,No,Low/Medium,0-12 months
8963-JLGJT,MALE,0,No,Yes,3,Month-to-month,Mailed check,DSL,55.90,157,No,Low/Medium,0-12 months
9039-ZVJDC,MALE,0,No,No,3,Month-to-month,Mailed check,No,19.10,53,No,Low/Medium,0-12 months
8660-BUETV,FEMALE,0,No,No,3,Month-to-month,Mailed check,DSL,44.75,148,No,Low/Medium,0-12 months
8543-MSDMF,MALE,0,No,No,3,Month-to-month,Electronic check,DSL,77.40,206,No,Low/Medium,0-12 months
8617-ENBDS,MALE,0,No,No,3,Month-to-month,Credit card (automatic),Fiber optic,73.60,232,No,Low/Medium,0-12 months
8909-BOLNL,MALE,0,No,No,3,One year,Mailed check,No,21.20,52,No,Low/Medium,0-12 months
8167-GJLRN,MALE,0,No,No,3,Month-to-month,Electronic check,DSL,30.40,82,No,Low/Medium,0-12 months
7398-SKNQZ,FEMALE,0,yes,No,3,Month-to-month,Electronic check,Fiber optic,94.90,273,No,Low/Medium,0-12 months
7404-JLKQG,FEMALE,0,No,No,3,Month-to-month,Electronic check,DSL,57.55,161,No,Low/Medium,0-12 months
7343-EOBEU,MALE,0,yes,No,3,Month-to-month,Mailed check,No,23.60,89,No,Low/Medium,0-12 months
7521-YXVZY,MALE,0,No,Yes,3,Month-to-month,Mailed check,No,19.95,58,No,Low/Medium,0-12 months
7526-IVLYU,MALE,0,No,No,3,Month-to-month,Mailed check,No,19.65,68,No,Low/Medium,0-12 months
7823-JSOAG,MALE,0,No,No,3,Month-to-month,Electronic check,Fiber optic,74.50,217,No,Low/Medium,0-12 months
7764-BDPEE,MALE,0,No,Yes,3,Month-to-month,Mailed check,No,20.85,60,No,Low/Medium,0-12 months
7785-RDVIG,FEMALE,0,yes,Yes,3,Month-to-month,Mailed check,No,19.30,54,No,Low/Medium,0-12 months
7808-DVWEP,MALE,0,yes,No,3,Month-to-month,Bank transfer (automatic),No,20.00,49,No,Low/Medium,0-12 months
7952-OBOYL,MALE,0,No,No,3,Month-to-month,Mailed check,Fiber optic,89.85,244,No,Low/Medium,0-12 months
6542-LWGXJ,MALE,0,yes,No,3,Month-to-month,Mailed check,DSL,25.00,78,No,Low/Medium,0-12 months
6734-CKRSM,FEMALE,0,No,No,3,Month-to-month,Mailed check,No,20.00,63,No,Low/Medium,0-12 months
6837-BJYDQ,MALE,0,No,No,3,One year,Mailed check,No,19.60,61,No,Low/Medium,0-12 months
7245-NIIWQ,FEMALE,0,No,No,3,Month-to-month,Electronic check,Fiber optic,69.85,199,No,Low/Medium,0-12 months
7159-FVYPK,FEMALE,0,yes,Yes,3,Month-to-month,Bank transfer (automatic),DSL,69.15,235,No,Low/Medium,0-12 months
7055-HNEOJ,MALE,0,yes,No,3,Month-to-month,Mailed check,DSL,55.80,154,No,Low/Medium,0-12 months
9770-LXDBK,FEMALE,0,No,No,3,Month-to-month,Mailed check,No,20.40,63,No,Low/Medium,0-12 months
0396-HUJBP,FEMALE,0,No,No,2,Month-to-month,Mailed check,No,19.30,44,No,Low/Medium,0-12 months
0366-NQSHS,MALE,0,No,No,2,Month-to-month,Mailed check,No,19.35,46,No,Low/Medium,0-12 months
0188-GWFLE,MALE,0,No,No,2,Month-to-month,Mailed check,No,20.05,33,No,Low/Medium,0-12 months
0139-IVFJG,FEMALE,0,yes,No,2,Month-to-month,Electronic check,Fiber optic,90.35,190,No,Low/Medium,0-12 months
0224-RLWWD,FEMALE,1,No,No,2,Month-to-month,Electronic check,DSL,44.30,89,No,Low/Medium,0-12 months
0816-TSPHQ,MALE,0,No,No,2,Month-to-month,Mailed check,No,20.75,44,No,Low/Medium,0-12 months
0508-OOLTO,FEMALE,0,yes,Yes,2,Month-to-month,Electronic check,Fiber optic,71.65,135,No,Low/Medium,0-12 months
0541-FITGH,FEMALE,0,yes,No,2,Month-to-month,Mailed check,DSL,62.15,113,No,Low/Medium,0-12 months
0871-OPBXW,FEMALE,0,No,No,2,Month-to-month,Mailed check,No,20.05,39,No,Low/Medium,0-12 months
1051-GEJLJ,FEMALE,0,No,No,2,Month-to-month,Mailed check,No,19.50,27,No,Low/Medium,0-12 months
1755-RMCXH,MALE,0,yes,Yes,2,Month-to-month,Mailed check,No,20.30,40,No,Low/Medium,0-12 months
1777-JYQPJ,MALE,0,No,No,2,Month-to-month,Mailed check,DSL,24.30,38,No,Low/Medium,0-12 months
1791-PQHBB,FEMALE,0,No,Yes,2,Month-to-month,Credit card (automatic),DSL,61.20,125,No,Low/Medium,0-12 months
1728-BQDMA,FEMALE,0,No,No,2,Month-to-month,Electronic check,DSL,44.45,82,No,Low/Medium,0-12 months
1796-JANOW,FEMALE,0,No,No,2,Month-to-month,Mailed check,No,19.95,38,No,Low/Medium,0-12 months
2080-GKCWQ,MALE,0,No,No,2,Month-to-month,Electronic check,Fiber optic,74.95,151,No,Low/Medium,0-12 months
2342-CKIAO,FEMALE,0,No,No,2,Month-to-month,Mailed check,No,20.30,41,No,Low/Medium,0-12 months
2308-STERM,FEMALE,0,No,No,2,Month-to-month,Mailed check,No,19.40,61,No,Low/Medium,0-12 months
2303-PJYHN,FEMALE,0,yes,No,2,Month-to-month,Bank transfer (automatic),No,19.85,52,No,Low/Medium,0-12 months
2410-CIYFZ,MALE,0,No,Yes,2,Month-to-month,Mailed check,No,20.40,42,No,Low/Medium,0-12 months
2181-UAESM,MALE,0,No,No,2,Month-to-month,Electronic check,DSL,53.45,119,No,Low/Medium,0-12 months
2640-LYMOV,MALE,0,No,No,2,Month-to-month,Mailed check,No,19.65,38,No,Low/Medium,0-12 months
2545-EBUPK,FEMALE,1,No,No,2,Month-to-month,Electronic check,Fiber optic,84.05,186,No,Low/Medium,0-12 months
2832-SCUCO,FEMALE,0,No,No,2,Month-to-month,Electronic check,No,19.90,57,No,Low/Medium,0-12 months
2880-FPNAE,MALE,1,yes,No,2,Month-to-month,Electronic check,Fiber optic,74.20,140,No,Low/Medium,0-12 months
3007-FDPEA,FEMALE,0,No,No,2,Month-to-month,Bank transfer (automatic),No,20.70,39,No,Low/Medium,0-12 months
2897-DOVND,MALE,0,No,No,2,Month-to-month,Electronic check,Fiber optic,69.80,146,No,Low/Medium,0-12 months
2905-KFQUV,FEMALE,0,yes,No,2,Month-to-month,Credit card (automatic),Fiber optic,70.40,154,No,Low/Medium,0-12 months
2969-QWUBZ,FEMALE,0,No,No,2,Month-to-month,Electronic check,DSL,51.40,96,No,Low/Medium,0-12 months
3090-LETTY,MALE,0,No,Yes,2,Month-to-month,Bank transfer (automatic),DSL,60.95,134,No,Low/Medium,0-12 months
3130-ICDUP,FEMALE,0,No,Yes,2,Month-to-month,Credit card (automatic),Fiber optic,80.55,188,No,Low/Medium,0-12 months
3156-QLHBO,MALE,0,No,Yes,2,Month-to-month,Mailed check,No,19.25,48,No,Low/Medium,0-12 months
3234-VKACU,MALE,0,No,No,2,Month-to-month,Electronic check,DSL,70.30,132,No,Low/Medium,0-12 months
3278-FSIXX,FEMALE,0,No,No,2,Month-to-month,Mailed check,DSL,45.25,74,No,Low/Medium,0-12 months
4697-LUPSU,MALE,0,yes,Yes,2,One year,Mailed check,No,20.20,34,No,Low/Medium,0-12 months
4741-WWJQZ,FEMALE,0,yes,No,2,Month-to-month,Electronic check,Fiber optic,80.15,194,No,Low/Medium,0-12 months
4770-UEZOX,MALE,0,No,No,2,Month-to-month,Electronic check,Fiber optic,74.75,144,No,Low/Medium,0-12 months
4537-DKTAL,FEMALE,0,No,No,2,Month-to-month,Electronic check,DSL,45.55,84,No,Low/Medium,0-12 months
4450-DLLMH,MALE,0,No,No,2,Month-to-month,Credit card (automatic),Fiber optic,71.30,157,No,Low/Medium,0-12 months
4482-EWFMI,FEMALE,0,No,No,2,Month-to-month,Electronic check,Fiber optic,69.70,135,No,Low/Medium,0-12 months
4137-BTIKL,MALE,0,No,No,2,Month-to-month,Mailed check,Fiber optic,90.75,174,No,Low/Medium,0-12 months
4237-CLSMM,MALE,0,yes,No,2,Month-to-month,Mailed check,No,20.00,38,No,Low/Medium,0-12 months
4223-WOZCM,MALE,1,No,No,2,Month-to-month,Mailed check,DSL,49.95,107,No,Low/Medium,0-12 months
4234-XTNEA,MALE,0,No,No,2,Month-to-month,Electronic check,Fiber optic,79.95,174,No,Low/Medium,0-12 months
4236-UJPWO,FEMALE,0,No,No,2,Month-to-month,Electronic check,DSL,24.50,46,No,Low/Medium,0-12 months
3594-IVHJZ,FEMALE,0,No,No,2,Month-to-month,Mailed check,No,20.45,42,No,Low/Medium,0-12 months
3620-MWJNE,MALE,0,No,No,2,Month-to-month,Mailed check,DSL,54.45,87,No,Low/Medium,0-12 months
3489-HHPFY,FEMALE,0,yes,No,2,Month-to-month,Electronic check,Fiber optic,84.05,134,No,Low/Medium,0-12 months
3295-YVUSR,MALE,1,No,No,2,Month-to-month,Mailed check,Fiber optic,72.60,154,No,Low/Medium,0-12 months
3422-GALYP,MALE,0,No,No,2,Month-to-month,Electronic check,Fiber optic,79.45,145,No,Low/Medium,0-12 months
3420-YJLQT,FEMALE,0,No,No,2,Month-to-month,Electronic check,Fiber optic,79.55,151,No,Low/Medium,0-12 months
3995-WFCSM,FEMALE,0,No,No,2,Month-to-month,Electronic check,DSL,60.85,111,No,Low/Medium,0-12 months
3936-QQFLL,MALE,0,No,No,2,Month-to-month,Mailed check,No,19.75,39,No,Low/Medium,0-12 months
3717-OEAUQ,MALE,0,No,No,2,Month-to-month,Mailed check,Fiber optic,70.70,129,No,Low/Medium,0-12 months
3798-EPWRR,FEMALE,1,No,No,2,Month-to-month,Electronic check,DSL,43.95,85,No,Low/Medium,0-12 months
3845-FXCYS,MALE,0,No,No,2,Month-to-month,Electronic check,No,19.65,31,No,Low/Medium,0-12 months
6048-QBXKL,FEMALE,1,No,No,2,Month-to-month,Credit card (automatic),DSL,56.55,118,No,Low/Medium,0-12 months
6407-UTSLV,FEMALE,1,No,No,2,Month-to-month,Bank transfer (automatic),Fiber optic,83.80,163,No,Low/Medium,0-12 months
5948-UJZLF,MALE,0,No,No,2,Month-to-month,Mailed check,DSL,49.25,97,No,Low/Medium,0-12 months
5968-VXZLG,MALE,0,No,No,2,Month-to-month,Bank transfer (automatic),DSL,46.60,87,No,Low/Medium,0-12 months
6022-KOUQO,FEMALE,0,yes,Yes,2,Month-to-month,Bank transfer (automatic),DSL,29.05,44,No,Low/Medium,0-12 months
5857-XRECV,FEMALE,0,No,Yes,2,One year,Bank transfer (automatic),No,20.50,38,No,Low/Medium,0-12 months
5919-VCZYM,MALE,0,No,No,2,Month-to-month,Mailed check,No,20.05,42,No,Low/Medium,0-12 months
5916-QEWPT,FEMALE,0,yes,No,2,Month-to-month,Credit card (automatic),DSL,69.00,147,No,Low/Medium,0-12 months
4986-MXSFP,FEMALE,0,No,No,2,Month-to-month,Mailed check,No,20.00,40,No,Low/Medium,0-12 months
4854-SSLTN,MALE,0,yes,Yes,2,Two year,Mailed check,DSL,59.50,130,No,Low/Medium,0-12 months
4929-XIHVW,MALE,1,yes,No,2,Month-to-month,Credit card (automatic),Fiber optic,95.50,181,No,Low/Medium,0-12 months
4927-WWOOZ,MALE,0,yes,No,2,Month-to-month,Electronic check,Fiber optic,91.45,171,No,Low/Medium,0-12 months
5173-WXOQV,MALE,0,yes,No,2,Month-to-month,Mailed check,DSL,64.20,143,No,Low/Medium,0-12 months
5173-ZXXXL,MALE,0,No,No,2,One year,Mailed check,No,19.95,47,No,Low/Medium,0-12 months
5067-DGXLL,MALE,0,No,No,2,Month-to-month,Mailed check,No,20.25,36,No,Low/Medium,0-12 months
5091-HFAZW,FEMALE,0,No,No,2,Month-to-month,Electronic check,Fiber optic,91.15,168,No,Low/Medium,0-12 months
5119-NZPTV,MALE,1,yes,No,2,Month-to-month,Electronic check,Fiber optic,70.10,141,No,Low/Medium,0-12 months
5365-LLFYV,FEMALE,0,No,No,2,Month-to-month,Mailed check,DSL,45.85,105,No,Low/Medium,0-12 months
5600-KTXFM,MALE,0,yes,Yes,2,Month-to-month,Mailed check,Fiber optic,69.95,143,No,Low/Medium,0-12 months
5562-YJQGT,FEMALE,0,No,No,2,Month-to-month,Credit card (automatic),No,20.35,35,No,Low/Medium,0-12 months
5442-BHQNG,FEMALE,0,No,No,2,Month-to-month,Electronic check,Fiber optic,70.35,139,No,Low/Medium,0-12 months
9799-CAYJJ,FEMALE,1,yes,No,2,Month-to-month,Electronic check,Fiber optic,69.30,153,No,Low/Medium,0-12 months
7017-VFULY,FEMALE,0,yes,No,2,Month-to-month,Bank transfer (automatic),No,20.10,43,No,Low/Medium,0-12 months
6923-JHPMP,FEMALE,0,No,No,2,Month-to-month,Electronic check,Fiber optic,80.45,137,No,Low/Medium,0-12 months
6942-LBFDP,FEMALE,0,No,No,2,Month-to-month,Mailed check,No,20.55,33,No,Low/Medium,0-12 months
6870-ECSHE,FEMALE,0,No,No,2,One year,Mailed check,No,20.45,34,No,Low/Medium,0-12 months
6844-DZKRF,MALE,0,No,No,2,Month-to-month,Credit card (automatic),DSL,50.20,109,No,Low/Medium,0-12 months
6856-RAURS,FEMALE,0,No,No,2,Month-to-month,Mailed check,Fiber optic,74.90,136,No,Low/Medium,0-12 months
6778-YSNIH,FEMALE,0,No,No,2,Month-to-month,Electronic check,DSL,59.00,114,No,Low/Medium,0-12 months
6817-WTYHE,MALE,0,No,No,2,Month-to-month,Bank transfer (automatic),DSL,44.90,111,No,Low/Medium,0-12 months
6519-CFDBX,FEMALE,0,No,No,2,Month-to-month,Electronic check,DSL,45.40,80,No,Low/Medium,0-12 months
6629-LADHQ,FEMALE,0,No,No,2,Month-to-month,Mailed check,DSL,50.95,123,No,Low/Medium,0-12 months
6645-MXQJT,MALE,0,yes,Yes,2,Month-to-month,Electronic check,Fiber optic,97.10,184,No,Low/Medium,0-12 months
8006-PYCSW,FEMALE,0,No,No,2,Month-to-month,Mailed check,No,20.10,39,No,Low/Medium,0-12 months
7729-JTEEC,MALE,0,yes,Yes,2,Month-to-month,Electronic check,DSL,44.50,90,No,Low/Medium,0-12 months
7501-VTYLJ,FEMALE,0,No,Yes,2,Month-to-month,Mailed check,DSL,51.55,106,No,Low/Medium,0-12 months
7636-XUHWW,MALE,0,No,No,2,Month-to-month,Credit card (automatic),No,19.90,33,No,Low/Medium,0-12 months
7321-VGNKU,FEMALE,0,yes,No,2,Month-to-month,Electronic check,Fiber optic,70.35,120,No,Low/Medium,0-12 months
7394-LWLYN,FEMALE,0,No,No,2,Month-to-month,Electronic check,Fiber optic,70.15,123,No,Low/Medium,0-12 months
7379-FNIUJ,MALE,0,No,No,2,Month-to-month,Electronic check,Fiber optic,100.20,198,No,Low/Medium,0-12 months
7389-KBFIT,FEMALE,0,yes,Yes,2,Month-to-month,Mailed check,DSL,30.25,63,No,Low/Medium,0-12 months
8150-QUDFX,MALE,0,No,No,2,Month-to-month,Mailed check,No,19.85,51,No,Low/Medium,0-12 months
8903-XEBGX,MALE,0,No,Yes,2,Month-to-month,Electronic check,DSL,55.30,108,No,Low/Medium,0-12 months
8739-QOTTN,FEMALE,0,yes,No,2,Month-to-month,Mailed check,No,20.35,41,No,Low/Medium,0-12 months
8805-JNRAZ,FEMALE,0,No,No,2,Month-to-month,Mailed check,DSL,49.20,103,No,Low/Medium,0-12 months
8610-ZIKJJ,FEMALE,0,yes,Yes,2,One year,Mailed check,No,20.30,31,No,Low/Medium,0-12 months
8713-IGZSO,MALE,0,No,No,2,Month-to-month,Mailed check,No,24.85,62,No,Low/Medium,0-12 months
8654-DHAOW,FEMALE,0,No,No,2,Month-to-month,Mailed check,DSL,54.15,101,No,Low/Medium,0-12 months
9050-IKDZA,FEMALE,1,No,No,2,Month-to-month,Mailed check,Fiber optic,81.50,162,No,Low/Medium,0-12 months
9101-NTIXF,MALE,0,No,No,2,Month-to-month,Mailed check,No,19.40,50,No,Low/Medium,0-12 months
9137-NOQKA,MALE,1,No,No,2,Month-to-month,Electronic check,No,19.20,37,No,Low/Medium,0-12 months
9426-SXNHE,FEMALE,0,No,No,2,Month-to-month,Bank transfer (automatic),No,18.75,53,No,Low/Medium,0-12 months
9717-QEBGU,MALE,0,No,No,2,Month-to-month,Electronic check,Fiber optic,70.30,144,No,Low/Medium,0-12 months
9700-ZCLOT,MALE,0,No,No,2,Month-to-month,Mailed check,No,20.00,32,No,Low/Medium,0-12 months
9638-JIQYA,MALE,0,No,No,2,Month-to-month,Credit card (automatic),DSL,24.90,49,No,Low/Medium,0-12 months
9667-TKTVZ,FEMALE,0,No,No,2,Month-to-month,Mailed check,DSL,54.35,117,No,Low/Medium,0-12 months
9588-OZDMQ,FEMALE,0,yes,No,2,Month-to-month,Electronic check,DSL,45.00,89,No,Low/Medium,0-12 months
9818-XQCUV,FEMALE,0,No,No,2,Month-to-month,Mailed check,No,20.35,45,No,Low/Medium,0-12 months
9992-UJOEL,MALE,0,No,No,2,Month-to-month,Mailed check,DSL,50.30,92,No,Low/Medium,0-12 months
3247-MHJKM,MALE,0,No,No,1,Month-to-month,Mailed check,No,20.20,20,No,Low/Medium,0-12 months
3090-QFUVD,FEMALE,0,No,No,1,Month-to-month,Credit card (automatic),No,20.30,20,No,Low/Medium,0-12 months
2967-MXRAV,MALE,0,yes,Yes,1,One year,Mailed check,No,18.80,18,No,Low/Medium,0-12 months
2903-YYTBW,MALE,0,yes,Yes,1,Month-to-month,Electronic check,DSL,44.55,44,No,Low/Medium,0-12 months
2920-RNCEZ,MALE,0,yes,Yes,1,Month-to-month,Credit card (automatic),Fiber optic,69.95,69,No,Low/Medium,0-12 months
3030-ZKIWL,MALE,0,No,No,1,Month-to-month,Mailed check,No,20.05,20,No,Low/Medium,0-12 months
3069-SSVSN,FEMALE,0,No,No,1,One year,Mailed check,DSL,25.85,25,No,Low/Medium,0-12 months
2862-PFNIK,MALE,0,No,Yes,1,Month-to-month,Electronic check,DSL,24.70,24,No,Low/Medium,0-12 months
2853-CWQFQ,MALE,0,No,Yes,1,Month-to-month,Mailed check,DSL,59.55,59,No,Low/Medium,0-12 months
2866-IKBTM,FEMALE,0,No,No,1,Month-to-month,Mailed check,No,19.55,19,No,Low/Medium,0-12 months
2812-SFXMJ,MALE,0,No,Yes,1,Month-to-month,Mailed check,No,20.05,20,No,Low/Medium,0-12 months
2712-SYWAY,FEMALE,0,No,No,1,Month-to-month,Electronic check,No,25.70,25,No,Low/Medium,0-12 months
2700-LUEVA,MALE,0,No,No,1,Month-to-month,Credit card (automatic),No,20.75,20,No,Low/Medium,0-12 months
2740-TVLFN,MALE,0,No,No,1,Month-to-month,Electronic check,DSL,50.15,50,No,Low/Medium,0-12 months
2792-LSHWX,FEMALE,0,No,No,1,Month-to-month,Mailed check,Fiber optic,83.40,83,No,Low/Medium,0-12 months
2542-HYGIQ,FEMALE,0,No,No,1,Month-to-month,Credit card (automatic),No,19.95,19,No,Low/Medium,0-12 months
2538-OIMXF,FEMALE,0,No,Yes,1,Month-to-month,Mailed check,DSL,24.70,24,No,Low/Medium,0-12 months
2585-KTFRE,MALE,0,No,Yes,1,Month-to-month,Bank transfer (automatic),DSL,70.45,70,No,Low/Medium,0-12 months
2592-YKDIF,FEMALE,0,No,No,1,Month-to-month,Mailed check,No,20.35,20,No,Low/Medium,0-12 months
2576-HXMPA,FEMALE,0,No,No,1,Month-to-month,Credit card (automatic),No,19.55,19,No,Low/Medium,0-12 months
2654-VBVPB,FEMALE,0,No,No,1,Month-to-month,Bank transfer (automatic),No,19.90,19,No,Low/Medium,0-12 months
2607-FBDFF,MALE,0,No,No,1,Month-to-month,Credit card (automatic),DSL,49.00,49,No,Low/Medium,0-12 months
2672-OJQZP,FEMALE,0,No,No,1,Month-to-month,Mailed check,DSL,44.75,44,No,Low/Medium,0-12 months
2668-TZSPS,MALE,0,No,No,1,Month-to-month,Mailed check,No,20.45,20,No,Low/Medium,0-12 months
2692-PFYTJ,FEMALE,0,No,No,1,Month-to-month,Mailed check,No,25.75,25,No,Low/Medium,0-12 months
2676-ISHSF,MALE,0,No,No,1,Month-to-month,Mailed check,No,20.30,20,No,Low/Medium,0-12 months
2111-DWYHN,MALE,0,No,No,1,Month-to-month,Mailed check,No,21.10,21,No,Low/Medium,0-12 months
2103-ZRXFN,MALE,0,No,No,1,Month-to-month,Mailed check,DSL,50.75,50,No,Low/Medium,0-12 months
2275-RBYQS,FEMALE,0,No,No,1,Month-to-month,Mailed check,DSL,45.40,45,No,Low/Medium,0-12 months
2273-QCKXA,MALE,0,No,No,1,Month-to-month,Mailed check,DSL,49.05,49,No,Low/Medium,0-12 months
2262-SLNVK,FEMALE,0,No,No,1,Month-to-month,Electronic check,Fiber optic,70.10,70,No,Low/Medium,0-12 months
2254-DLXRI,FEMALE,0,No,No,1,Month-to-month,Mailed check,Fiber optic,79.15,79,No,Low/Medium,0-12 months
2239-CFOUJ,MALE,0,yes,Yes,1,One year,Mailed check,No,20.40,20,No,Low/Medium,0-12 months
2220-IAHLS,FEMALE,0,No,No,1,Month-to-month,Credit card (automatic),No,19.40,19,No,Low/Medium,0-12 months
2209-XADXF,FEMALE,0,No,No,1,Month-to-month,Bank transfer (automatic),DSL,25.25,25,No,Low/Medium,0-12 months
2424-WVHPL,MALE,1,No,No,1,Month-to-month,Electronic check,Fiber optic,74.70,74,No,Low/Medium,0-12 months
2480-JZOSN,FEMALE,0,yes,No,1,Month-to-month,Mailed check,No,20.65,20,No,Low/Medium,0-12 months
2468-SJFLM,MALE,0,No,No,1,Month-to-month,Mailed check,Fiber optic,74.30,74,No,Low/Medium,0-12 months
2465-BLLEU,MALE,0,No,No,1,Month-to-month,Mailed check,No,19.75,19,No,Low/Medium,0-12 months
2369-FEVNO,MALE,0,No,No,1,Month-to-month,Mailed check,No,19.90,19,No,Low/Medium,0-12 months
2080-SRCDE,FEMALE,0,No,Yes,1,Month-to-month,Mailed check,No,25.40,25,No,Low/Medium,0-12 months
2081-KJSQF,MALE,0,No,No,1,Month-to-month,Mailed check,No,20.25,20,No,Low/Medium,0-12 months
2043-WVTQJ,MALE,0,yes,No,1,Month-to-month,Mailed check,DSL,55.70,55,No,Low/Medium,0-12 months
2049-BAFNW,FEMALE,0,No,No,1,Month-to-month,Mailed check,DSL,35.90,35,No,Low/Medium,0-12 months
1928-BXYIV,MALE,0,No,No,1,Month-to-month,Electronic check,DSL,61.15,61,No,Low/Medium,0-12 months
1941-HOSAM,MALE,0,yes,Yes,1,Month-to-month,Electronic check,Fiber optic,90.10,90,No,Low/Medium,0-12 months
1942-OQFRW,MALE,0,No,No,1,Month-to-month,Electronic check,DSL,44.00,44,No,Low/Medium,0-12 months
2018-QKYGT,MALE,0,yes,Yes,1,Month-to-month,Electronic check,Fiber optic,81.05,81,No,Low/Medium,0-12 months
1816-FLZDK,MALE,0,No,No,1,Month-to-month,Mailed check,DSL,29.15,29,No,Low/Medium,0-12 months
1845-ZLLIG,MALE,0,No,No,1,Month-to-month,Mailed check,DSL,50.15,50,No,Low/Medium,0-12 months
1866-OBPNR,MALE,0,yes,Yes,1,Month-to-month,Credit card (automatic),Fiber optic,74.60,74,No,Low/Medium,0-12 months
1905-OEILC,FEMALE,0,No,No,1,Month-to-month,Mailed check,No,19.50,19,No,Low/Medium,0-12 months
1895-QTKDO,FEMALE,0,No,No,1,Month-to-month,Credit card (automatic),DSL,43.95,43,No,Low/Medium,0-12 months
1724-IQWNM,MALE,0,No,Yes,1,Month-to-month,Mailed check,No,19.30,19,No,Low/Medium,0-12 months
1746-TGTWV,MALE,0,yes,No,1,Month-to-month,Credit card (automatic),Fiber optic,75.35,75,No,Low/Medium,0-12 months
1064-FBXNK,MALE,0,yes,Yes,1,One year,Credit card (automatic),No,19.85,19,No,Low/Medium,0-12 months
1098-TDVUQ,FEMALE,0,No,No,1,Month-to-month,Bank transfer (automatic),No,19.25,19,No,Low/Medium,0-12 months
1099-GODLO,FEMALE,0,yes,Yes,1,Two year,Mailed check,No,20.35,20,No,Low/Medium,0-12 months
1135-LMECX,FEMALE,0,No,No,1,Month-to-month,Mailed check,No,19.85,19,No,Low/Medium,0-12 months
1194-SPVSP,MALE,0,No,No,1,Month-to-month,Bank transfer (automatic),No,19.65,19,No,Low/Medium,0-12 months
1156-ZFYDO,FEMALE,0,No,No,1,Month-to-month,Electronic check,No,19.75,19,No,Low/Medium,0-12 months
0927-CNGRH,MALE,0,No,Yes,1,Month-to-month,Mailed check,No,19.55,19,No,Low/Medium,0-12 months
0970-QXPXW,FEMALE,0,No,No,1,Month-to-month,Mailed check,No,19.65,19,No,Low/Medium,0-12 months
1015-OWJKI,MALE,0,No,No,1,Month-to-month,Mailed check,No,19.05,19,No,Low/Medium,0-12 months
1406-PUQVY,MALE,0,No,Yes,1,Month-to-month,Electronic check,DSL,49.90,49,No,Low/Medium,0-12 months
1423-BMPBQ,FEMALE,0,yes,Yes,1,Month-to-month,Mailed check,No,19.00,19,No,Low/Medium,0-12 months
1393-IMKZG,FEMALE,0,No,No,1,Month-to-month,Electronic check,Fiber optic,95.85,95,No,Low/Medium,0-12 months
1453-RZFON,FEMALE,0,No,Yes,1,Month-to-month,Mailed check,DSL,49.90,49,No,Low/Medium,0-12 months
1452-VOQCH,MALE,0,No,No,1,Month-to-month,Electronic check,Fiber optic,75.10,75,No,Low/Medium,0-12 months
1478-VPOAD,FEMALE,0,No,No,1,Month-to-month,Electronic check,DSL,43.80,43,No,Low/Medium,0-12 months
1471-GIQKQ,FEMALE,0,No,No,1,Month-to-month,Electronic check,DSL,49.95,49,No,Low/Medium,0-12 months
1536-HBSWP,FEMALE,0,No,No,1,Month-to-month,Electronic check,DSL,49.90,49,No,Low/Medium,0-12 months
1622-HSHSF,FEMALE,0,No,No,1,Month-to-month,Mailed check,No,19.55,19,No,Low/Medium,0-12 months
1640-PLFMP,FEMALE,0,No,No,1,Month-to-month,Electronic check,Fiber optic,70.25,70,No,Low/Medium,0-12 months
1628-BIZYP,MALE,0,No,No,1,Month-to-month,Electronic check,Fiber optic,85.00,85,No,Low/Medium,0-12 months
1663-MHLHE,MALE,0,No,No,1,Month-to-month,Mailed check,No,19.20,19,No,Low/Medium,0-12 months
0623-GDISB,FEMALE,0,No,No,1,Month-to-month,Bank transfer (automatic),DSL,48.45,48,No,Low/Medium,0-12 months
0817-HSUSE,MALE,0,No,No,1,Month-to-month,Electronic check,DSL,75.50,75,No,Low/Medium,0-12 months
0670-KDOMA,FEMALE,0,No,No,1,Month-to-month,Mailed check,No,20.25,20,No,Low/Medium,0-12 months
0673-IGUQO,MALE,0,No,No,1,Month-to-month,Mailed check,No,20.45,20,No,Low/Medium,0-12 months
0674-EYYZV,FEMALE,0,No,No,1,Month-to-month,Electronic check,DSL,54.65,54,No,Low/Medium,0-12 months
0021-IKXGC,FEMALE,1,No,No,1,Month-to-month,Electronic check,Fiber optic,72.10,72,No,Low/Medium,0-12 months
0082-LDZUE,MALE,0,No,No,1,Month-to-month,Mailed check,DSL,44.30,44,No,Low/Medium,0-12 months
0374-AACSZ,FEMALE,0,No,No,1,Month-to-month,Electronic check,DSL,50.15,50,No,Low/Medium,0-12 months
0247-SLUJI,MALE,0,yes,Yes,1,Month-to-month,Mailed check,No,19.70,19,No,Low/Medium,0-12 months
0248-IPDFW,FEMALE,0,No,No,1,Month-to-month,Electronic check,DSL,50.10,50,No,Low/Medium,0-12 months
5522-JBWMO,MALE,0,No,Yes,1,Month-to-month,Electronic check,DSL,44.00,44,No,Low/Medium,0-12 months
5501-TVMGM,MALE,0,No,No,1,Month-to-month,Electronic check,DSL,55.25,55,No,Low/Medium,0-12 months
5562-BETPV,MALE,0,yes,Yes,1,One year,Mailed check,No,19.65,19,No,Low/Medium,0-12 months
5542-TBBWB,MALE,0,No,No,1,Month-to-month,Electronic check,Fiber optic,69.90,69,No,Low/Medium,0-12 months
5351-QESIO,MALE,0,No,Yes,1,Month-to-month,Mailed check,DSL,24.20,24,No,Low/Medium,0-12 months
5088-QZLRL,MALE,0,No,No,1,Month-to-month,Electronic check,No,20.65,20,No,Low/Medium,0-12 months
5133-POWUA,MALE,0,No,No,1,Month-to-month,Mailed check,DSL,45.80,45,No,Low/Medium,0-12 months
5207-PLSTK,MALE,0,yes,Yes,1,Month-to-month,Mailed check,DSL,48.75,48,No,Low/Medium,0-12 months
4912-PIGUY,FEMALE,0,No,No,1,Month-to-month,Electronic check,Fiber optic,84.60,84,No,Low/Medium,0-12 months
5043-TRZWM,FEMALE,0,No,No,1,Month-to-month,Electronic check,Fiber optic,75.55,75,No,Low/Medium,0-12 months
5032-MIYKT,FEMALE,0,No,No,1,Month-to-month,Mailed check,Fiber optic,70.70,70,No,Low/Medium,0-12 months
5906-BFOZT,MALE,0,No,No,1,Month-to-month,Mailed check,No,19.50,19,No,Low/Medium,0-12 months
5858-EAFCZ,MALE,0,No,No,1,Month-to-month,Mailed check,DSL,44.45,44,No,Low/Medium,0-12 months
5868-YTYKS,MALE,0,No,Yes,1,Month-to-month,Mailed check,No,20.25,20,No,Low/Medium,0-12 months
5999-LCXAO,FEMALE,0,No,No,1,Month-to-month,Mailed check,DSL,29.90,29,No,Low/Medium,0-12 months
5996-DAOQL,MALE,0,No,No,1,Month-to-month,Mailed check,No,20.45,20,No,Low/Medium,0-12 months
5701-SVCWR,FEMALE,0,No,Yes,1,Month-to-month,Mailed check,No,24.00,24,No,Low/Medium,0-12 months
6380-ARCEH,MALE,0,No,No,1,Month-to-month,Mailed check,No,20.20,20,No,Low/Medium,0-12 months
6260-ONULR,MALE,0,No,No,1,Month-to-month,Mailed check,DSL,62.80,62,No,Low/Medium,0-12 months
6286-SUUWT,MALE,0,No,No,1,Month-to-month,Mailed check,No,19.95,19,No,Low/Medium,0-12 months
6127-IYJOZ,MALE,1,No,No,1,Month-to-month,Mailed check,DSL,45.85,45,No,Low/Medium,0-12 months
6124-ACRHJ,FEMALE,0,No,No,1,Month-to-month,Mailed check,No,19.75,19,No,Low/Medium,0-12 months
6185-TASNN,MALE,1,No,No,1,Month-to-month,Electronic check,DSL,46.30,46,No,Low/Medium,0-12 months
6158-HDPXZ,MALE,0,No,No,1,Month-to-month,Mailed check,DSL,25.35,25,No,Low/Medium,0-12 months
6145-NNPNO,FEMALE,0,No,No,1,Month-to-month,Bank transfer (automatic),DSL,44.15,44,No,Low/Medium,0-12 months
3841-CONLJ,FEMALE,0,yes,No,1,Month-to-month,Electronic check,DSL,35.00,35,No,Low/Medium,0-12 months
3807-XHCJH,FEMALE,0,yes,Yes,1,Month-to-month,Electronic check,No,20.00,20,No,Low/Medium,0-12 months
3785-NRHYR,MALE,0,No,No,1,Month-to-month,Mailed check,No,19.65,19,No,Low/Medium,0-12 months
3717-OFRTN,MALE,0,No,No,1,Month-to-month,Bank transfer (automatic),No,19.75,19,No,Low/Medium,0-12 months
3716-UVSPD,MALE,0,No,No,1,Month-to-month,Electronic check,DSL,49.30,49,No,Low/Medium,0-12 months
3727-JEZTU,FEMALE,0,No,No,1,Month-to-month,Mailed check,No,20.40,20,No,Low/Medium,0-12 months
3930-ZGWVE,MALE,0,No,No,1,Month-to-month,Mailed check,No,19.75,19,No,Low/Medium,0-12 months
3961-SXAXY,MALE,0,No,No,1,Month-to-month,Bank transfer (automatic),DSL,44.05,44,No,Low/Medium,0-12 months
3878-AVSOQ,FEMALE,1,No,No,1,Month-to-month,Electronic check,Fiber optic,71.25,71,No,Low/Medium,0-12 months
3976-NLDEZ,MALE,0,No,No,1,Month-to-month,Mailed check,No,20.60,20,No,Low/Medium,0-12 months
4013-GUXND,MALE,0,No,No,1,Month-to-month,Mailed check,No,20.80,20,No,Low/Medium,0-12 months
4065-JJAVA,FEMALE,0,No,No,1,Month-to-month,Electronic check,DSL,49.50,49,No,Low/Medium,0-12 months
3413-BMNZE,MALE,1,No,No,1,Month-to-month,Bank transfer (automatic),DSL,45.25,45,No,Low/Medium,0-12 months
3439-GVUSX,MALE,0,No,No,1,Month-to-month,Mailed check,DSL,24.40,24,No,Low/Medium,0-12 months
3308-MHOOC,MALE,0,No,Yes,1,Month-to-month,Mailed check,No,19.20,19,No,Low/Medium,0-12 months
3373-YZZYM,MALE,0,yes,Yes,1,Month-to-month,Mailed check,No,19.20,19,No,Low/Medium,0-12 months
3518-PZXZQ,FEMALE,0,yes,No,1,Month-to-month,Mailed check,DSL,55.30,55,No,Low/Medium,0-12 months
3566-HJGPK,MALE,0,No,No,1,Month-to-month,Mailed check,DSL,45.55,45,No,Low/Medium,0-12 months
3577-AMVUX,MALE,0,No,No,1,Month-to-month,Mailed check,DSL,55.05,55,No,Low/Medium,0-12 months
3590-TCXTB,MALE,0,No,No,1,Month-to-month,Mailed check,No,20.35,20,No,Low/Medium,0-12 months
3679-XASPY,FEMALE,0,yes,Yes,1,Month-to-month,Electronic check,No,19.45,19,No,Low/Medium,0-12 months
3645-DEYGF,MALE,0,No,Yes,1,Month-to-month,Mailed check,No,20.75,20,No,Low/Medium,0-12 months
4232-JGKIY,MALE,0,No,No,1,Month-to-month,Electronic check,No,19.20,19,No,Low/Medium,0-12 months
4195-NZGTA,FEMALE,0,No,No,1,Month-to-month,Electronic check,DSL,25.25,25,No,Low/Medium,0-12 months
4273-MBHYA,FEMALE,0,No,Yes,1,Month-to-month,Electronic check,Fiber optic,89.35,89,No,Low/Medium,0-12 months
4291-HPAXL,MALE,0,No,Yes,1,Month-to-month,Mailed check,No,19.85,19,No,Low/Medium,0-12 months
4146-SVFUD,MALE,0,No,No,1,Month-to-month,Mailed check,DSL,44.60,44,No,Low/Medium,0-12 months
4373-VVHQL,MALE,0,No,No,1,Month-to-month,Electronic check,DSL,44.75,44,No,Low/Medium,0-12 months
4367-NHWMM,FEMALE,0,No,No,1,Month-to-month,Mailed check,DSL,24.90,24,No,Low/Medium,0-12 months
4661-NJEUX,MALE,0,No,No,1,Month-to-month,Mailed check,No,20.05,20,No,Low/Medium,0-12 months
4634-JLRJT,FEMALE,0,No,No,1,Month-to-month,Mailed check,No,20.35,20,No,Low/Medium,0-12 months
4781-ZXYGU,MALE,0,yes,Yes,1,Month-to-month,Bank transfer (automatic),No,20.15,20,No,Low/Medium,0-12 months
4727-MCYZG,MALE,0,No,No,1,Month-to-month,Mailed check,DSL,55.55,55,No,Low/Medium,0-12 months
4706-DGAHW,MALE,1,No,No,1,Month-to-month,Electronic check,DSL,45.20,45,No,Low/Medium,0-12 months
6469-MRVET,MALE,0,yes,Yes,1,One year,Electronic check,No,20.20,20,No,Low/Medium,0-12 months
9629-NHXFW,FEMALE,0,yes,Yes,1,Month-to-month,Mailed check,No,19.40,19,No,Low/Medium,0-12 months
9617-INGJY,MALE,0,No,No,1,Month-to-month,Mailed check,Fiber optic,70.60,70,No,Low/Medium,0-12 months
9603-OAIHC,MALE,1,No,No,1,Month-to-month,Electronic check,Fiber optic,70.05,70,No,Low/Medium,0-12 months
9605-WGJVW,FEMALE,1,No,No,1,Month-to-month,Electronic check,Fiber optic,70.20,70,No,Low/Medium,0-12 months
9708-KFDBY,MALE,0,No,No,1,Month-to-month,Credit card (automatic),No,20.55,20,No,Low/Medium,0-12 months
9441-QHEVC,MALE,0,No,No,1,Month-to-month,Mailed check,No,19.10,19,No,Low/Medium,0-12 months
9374-YOLBJ,FEMALE,0,yes,Yes,1,Month-to-month,Electronic check,No,19.25,19,No,Low/Medium,0-12 months
9537-VHDTA,FEMALE,0,No,Yes,1,Month-to-month,Mailed check,DSL,51.20,51,No,Low/Medium,0-12 months
9122-UMROB,MALE,0,No,No,1,Month-to-month,Mailed check,No,20.30,20,No,Low/Medium,0-12 months
9214-EKVXR,FEMALE,0,No,No,1,Month-to-month,Mailed check,DSL,44.00,44,No,Low/Medium,0-12 months
9244-ZVAPM,MALE,0,No,No,1,Month-to-month,Mailed check,DSL,45.60,45,No,Low/Medium,0-12 months
9103-CXVOK,MALE,0,yes,Yes,1,Month-to-month,Electronic check,No,19.75,19,No,Low/Medium,0-12 months
9108-EJFJP,FEMALE,0,yes,No,1,Month-to-month,Mailed check,DSL,53.55,53,No,Low/Medium,0-12 months
8950-MTZNV,MALE,0,No,No,1,Month-to-month,Mailed check,DSL,44.95,44,No,Low/Medium,0-12 months
8992-CEUEN,FEMALE,0,No,No,1,Month-to-month,Electronic check,No,18.85,18,No,Low/Medium,0-12 months
8985-OOPOS,FEMALE,0,No,No,1,One year,Credit card (automatic),DSL,74.10,74,No,Low/Medium,0-12 months
8974-OVACP,FEMALE,0,No,No,1,Month-to-month,Mailed check,No,20.15,20,No,Low/Medium,0-12 months
8620-RJPZN,FEMALE,0,No,No,1,Month-to-month,Electronic check,No,20.70,20,No,Low/Medium,0-12 months
8710-YGLWG,MALE,0,No,No,1,Month-to-month,Mailed check,DSL,44.90,44,No,Low/Medium,0-12 months
8705-WZCYL,MALE,0,No,No,1,Month-to-month,Electronic check,DSL,44.80,44,No,Low/Medium,0-12 months
8695-WDYEA,MALE,0,No,No,1,Month-to-month,Mailed check,DSL,51.25,51,No,Low/Medium,0-12 months
8687-BAFGU,MALE,0,No,No,1,Month-to-month,Electronic check,Fiber optic,74.00,74,No,Low/Medium,0-12 months
8605-ITULD,FEMALE,0,No,No,1,Month-to-month,Mailed check,No,19.55,19,No,Low/Medium,0-12 months
8566-YPRGL,FEMALE,0,No,No,1,Month-to-month,Mailed check,No,19.50,19,No,Low/Medium,0-12 months
8559-WNQZS,MALE,0,No,No,1,Two year,Mailed check,No,20.45,20,No,Low/Medium,0-12 months
8562-GHPPI,FEMALE,0,No,No,1,Month-to-month,Credit card (automatic),No,19.80,19,No,Low/Medium,0-12 months
8775-ERLNB,MALE,1,yes,No,1,Month-to-month,Electronic check,Fiber optic,74.30,74,No,Low/Medium,0-12 months
8757-TFHHJ,MALE,0,No,No,1,Month-to-month,Credit card (automatic),DSL,49.80,49,No,Low/Medium,0-12 months
8720-RQSBJ,MALE,1,No,No,1,Month-to-month,Electronic check,DSL,44.00,44,No,Low/Medium,0-12 months
8749-CLJXC,MALE,0,No,No,1,Month-to-month,Mailed check,No,20.05,20,No,Low/Medium,0-12 months
8885-QSQBX,FEMALE,0,No,No,1,Month-to-month,Bank transfer (automatic),DSL,49.55,49,No,Low/Medium,0-12 months
8896-BQTTI,MALE,0,No,No,1,Month-to-month,Mailed check,No,25.00,25,No,Low/Medium,0-12 months
8064-RAVOH,MALE,0,No,Yes,1,Month-to-month,Electronic check,DSL,49.85,49,No,Low/Medium,0-12 months
8180-AKMJV,FEMALE,0,No,No,1,Month-to-month,Credit card (automatic),DSL,44.55,44,No,Low/Medium,0-12 months
8203-XJZRC,MALE,0,No,No,1,Month-to-month,Mailed check,No,20.25,20,No,Low/Medium,0-12 months
8393-JMVMB,MALE,0,No,No,1,Month-to-month,Mailed check,No,19.45,19,No,Low/Medium,0-12 months
8445-DNBAE,MALE,0,No,Yes,1,Month-to-month,Electronic check,DSL,50.05,50,No,Low/Medium,0-12 months
8356-WUAOJ,FEMALE,0,yes,No,1,Month-to-month,Electronic check,DSL,45.00,45,No,Low/Medium,0-12 months
8267-KFGYD,MALE,0,No,Yes,1,Month-to-month,Mailed check,No,21.05,21,No,Low/Medium,0-12 months
8262-COGGB,MALE,0,No,No,1,Month-to-month,Mailed check,No,20.45,20,No,Low/Medium,0-12 months
8309-IEYJD,FEMALE,1,No,No,1,Month-to-month,Mailed check,Fiber optic,70.60,70,No,Low/Medium,0-12 months
8286-AFUYI,MALE,0,No,No,1,Month-to-month,Electronic check,DSL,47.95,47,No,Low/Medium,0-12 months
7365-BVCJH,MALE,0,No,No,1,Month-to-month,Electronic check,DSL,24.40,24,No,Low/Medium,0-12 months
7439-DKZTW,MALE,0,No,No,1,Month-to-month,Electronic check,Fiber optic,80.55,80,No,Low/Medium,0-12 months
7442-YGZFK,MALE,0,No,No,1,Month-to-month,Credit card (automatic),DSL,49.80,49,No,Low/Medium,0-12 months
7465-ZZRVX,MALE,0,No,No,1,Month-to-month,Electronic check,Fiber optic,70.35,70,No,Low/Medium,0-12 months
7312-XSBAT,MALE,0,No,No,1,Month-to-month,Electronic check,DSL,49.75,49,No,Low/Medium,0-12 months
7310-EGVHZ,MALE,0,No,No,1,Month-to-month,Bank transfer (automatic),No,20.20,20,No,Low/Medium,0-12 months
7291-CDTMJ,MALE,0,No,No,1,Month-to-month,Bank transfer (automatic),No,19.65,19,No,Low/Medium,0-12 months
7298-IZWLY,FEMALE,0,No,No,1,Month-to-month,Mailed check,No,19.40,19,No,Low/Medium,0-12 months
7302-ZHMHP,FEMALE,0,No,No,1,Month-to-month,Mailed check,No,19.15,19,No,Low/Medium,0-12 months
7252-NTGSS,FEMALE,0,No,No,1,Month-to-month,Mailed check,DSL,45.15,45,No,Low/Medium,0-12 months
7590-VHVEG,FEMALE,0,yes,No,1,Month-to-month,Electronic check,DSL,29.85,29,No,Low/Medium,0-12 months
7601-WFVZV,MALE,0,No,No,1,Month-to-month,Mailed check,No,19.55,19,No,Low/Medium,0-12 months
7577-SWIFR,MALE,0,No,No,1,Month-to-month,Electronic check,Fiber optic,89.25,89,No,Low/Medium,0-12 months
7617-EYGLW,MALE,0,No,No,1,Month-to-month,Electronic check,No,19.45,19,No,Low/Medium,0-12 months
7537-RBWEA,FEMALE,0,No,No,1,Month-to-month,Mailed check,DSL,25.15,25,No,Low/Medium,0-12 months
7721-DVEKZ,FEMALE,0,No,No,1,Month-to-month,Mailed check,No,19.65,19,No,Low/Medium,0-12 months
7754-IXRMC,FEMALE,0,No,No,1,Month-to-month,Mailed check,DSL,45.35,45,No,Low/Medium,0-12 months
7698-YFGEZ,MALE,0,No,No,1,Month-to-month,Mailed check,No,20.00,20,No,Low/Medium,0-12 months
7794-JASDG,MALE,0,No,No,1,Month-to-month,Mailed check,DSL,50.75,50,No,Low/Medium,0-12 months
7814-LEEVE,FEMALE,0,yes,No,1,Month-to-month,Bank transfer (automatic),No,20.30,20,No,Low/Medium,0-12 months
7853-WNZSY,MALE,0,No,No,1,Month-to-month,Credit card (automatic),No,19.75,19,No,Low/Medium,0-12 months
8040-MNRTF,FEMALE,0,No,No,1,Month-to-month,Mailed check,Fiber optic,71.10,71,No,Low/Medium,0-12 months
8048-DSDFQ,MALE,0,No,No,1,Month-to-month,Mailed check,No,20.20,20,No,Low/Medium,0-12 months
7926-IJOOU,MALE,0,No,No,1,Month-to-month,Credit card (automatic),No,19.30,19,No,Low/Medium,0-12 months
7878-RTCZG,FEMALE,0,No,No,1,Month-to-month,Mailed check,No,19.90,19,No,Low/Medium,0-12 months
6650-VJONK,MALE,0,No,No,1,Month-to-month,Bank transfer (automatic),DSL,43.85,43,No,Low/Medium,0-12 months
6654-QGBZZ,FEMALE,0,No,No,1,Month-to-month,Mailed check,No,19.90,19,No,Low/Medium,0-12 months
6656-JWRQX,FEMALE,0,No,No,1,Month-to-month,Mailed check,DSL,30.55,30,No,Low/Medium,0-12 months
6582-OIVSP,FEMALE,0,No,No,1,Month-to-month,Mailed check,DSL,45.30,45,No,Low/Medium,0-12 months
6579-JPICP,MALE,0,No,No,1,Month-to-month,Mailed check,No,20.40,20,No,Low/Medium,0-12 months
6569-KTMDU,FEMALE,0,No,No,1,Month-to-month,Mailed check,No,19.10,19,No,Low/Medium,0-12 months
6728-WYQBC,MALE,0,No,No,1,Month-to-month,Bank transfer (automatic),No,20.95,20,No,Low/Medium,0-12 months
6888-SBYAI,MALE,0,No,No,1,Month-to-month,Mailed check,DSL,50.70,50,No,Low/Medium,0-12 months
6907-FLBER,MALE,0,No,No,1,Month-to-month,Electronic check,DSL,54.30,54,No,Low/Medium,0-12 months
6917-IAYHD,MALE,0,No,Yes,1,Month-to-month,Mailed check,DSL,33.60,33,No,Low/Medium,0-12 months
7096-UCLNH,MALE,0,No,No,1,Month-to-month,Mailed check,No,20.05,20,No,Low/Medium,0-12 months
7246-ZGQDF,FEMALE,0,No,Yes,1,Month-to-month,Electronic check,DSL,54.50,54,No,Low/Medium,0-12 months
7243-LCGGZ,FEMALE,0,No,No,1,Month-to-month,Mailed check,No,20.90,20,No,Low/Medium,0-12 months
9752-ZNQUT,FEMALE,0,No,No,1,Month-to-month,Electronic check,DSL,48.60,48,No,Low/Medium,0-12 months
9753-OYLBX,FEMALE,0,No,No,1,Month-to-month,Mailed check,No,20.50,20,No,Low/Medium,0-12 months
9975-SKRNR,MALE,0,No,No,1,Month-to-month,Mailed check,No,18.90,18,No,Low/Medium,0-12 months
9962-BFPDU,FEMALE,0,yes,Yes,1,Month-to-month,Mailed check,No,20.05,20,No,Low/Medium,0-12 months
9822-OAOVB,FEMALE,0,No,No,1,Month-to-month,Electronic check,DSL,55.45,55,No,Low/Medium,0-12 months
9840-EFJQB,FEMALE,0,No,No,1,Month-to-month,Electronic check,Fiber optic,74.35,74,No,Low/Medium,0-12 months
9895-VFOXH,FEMALE,0,No,No,1,Month-to-month,Mailed check,DSL,24.40,24,No,Low/Medium,0-12 months
1371-DWPAZ,FEMALE,0,yes,Yes,0,Two year,Credit card (automatic),DSL,56.05,NULL,No,Low/Medium,0-12 months
2520-SGTTA,FEMALE,0,yes,Yes,0,Two year,Mailed check,No,20.00,NULL,No,Low/Medium,0-12 months
2775-SEFEE,MALE,0,No,Yes,0,Two year,Bank transfer (automatic),DSL,61.90,NULL,No,Low/Medium,0-12 months
2923-ARZLG,MALE,0,yes,Yes,0,One year,Mailed check,No,19.70,NULL,No,Low/Medium,0-12 months
3115-CZMZD,MALE,0,No,Yes,0,Two year,Mailed check,No,20.25,NULL,No,Low/Medium,0-12 months
3213-VVOLG,MALE,0,yes,Yes,0,Two year,Mailed check,No,25.35,NULL,No,Low/Medium,0-12 months
4367-NUYAO,MALE,0,yes,Yes,0,Two year,Mailed check,No,25.75,NULL,No,Low/Medium,0-12 months
4472-LVYGI,FEMALE,0,yes,Yes,0,Two year,Bank transfer (automatic),DSL,52.55,NULL,No,Low/Medium,0-12 months
4075-WKNIU,FEMALE,0,yes,Yes,0,Two year,Mailed check,DSL,73.35,NULL,No,Low/Medium,0-12 months
5709-LVOEQ,FEMALE,0,yes,Yes,0,Two year,Mailed check,DSL,80.85,NULL,No,Low/Medium,0-12 months
7644-OMVMY,MALE,0,yes,Yes,0,Two year,Mailed check,No,19.85,NULL,No,Low/Medium,0-12 months
2982-VPSGI,FEMALE,0,yes,No,11,Month-to-month,Electronic check,Fiber optic,94.00,1078,Yes,High Risk,0-12 months
2696-NARTR,MALE,0,No,No,11,Month-to-month,Electronic check,Fiber optic,73.85,926,Yes,High Risk,0-12 months
1867-BDVFH,MALE,0,yes,Yes,11,Month-to-month,Electronic check,Fiber optic,74.35,834,Yes,High Risk,0-12 months
2012-NWRPA,FEMALE,1,yes,No,11,Month-to-month,Electronic check,Fiber optic,99.55,1131,Yes,High Risk,0-12 months
1373-ORVIZ,FEMALE,0,yes,Yes,11,Month-to-month,Electronic check,DSL,66.35,740,Yes,High Risk,0-12 months
1428-GTBJJ,MALE,0,No,No,11,Month-to-month,Electronic check,Fiber optic,74.55,824,Yes,High Risk,0-12 months
1024-VRZHF,MALE,0,yes,No,11,Month-to-month,Electronic check,Fiber optic,74.95,825,Yes,High Risk,0-12 months
0897-FEGMU,FEMALE,0,yes,No,11,Month-to-month,Electronic check,Fiber optic,99.50,1056,Yes,High Risk,0-12 months
0094-OIFMO,FEMALE,1,No,No,11,Month-to-month,Electronic check,Fiber optic,95.00,1120,Yes,High Risk,0-12 months
6328-ZPBGN,FEMALE,1,No,No,11,Month-to-month,Bank transfer (automatic),Fiber optic,95.15,997,Yes,High Risk,0-12 months
6330-JKLPC,MALE,0,yes,No,11,Month-to-month,Bank transfer (automatic),Fiber optic,80.50,896,Yes,High Risk,0-12 months
4905-JEFDW,MALE,0,No,No,11,One year,Electronic check,DSL,41.60,470,Yes,High Risk,0-12 months
4946-EDSEW,FEMALE,0,yes,Yes,11,Month-to-month,Mailed check,No,19.25,180,Yes,High Risk,0-12 months
4895-TMWIR,MALE,1,yes,No,11,Month-to-month,Mailed check,No,19.95,214,Yes,High Risk,0-12 months
5108-ADXWO,MALE,0,No,No,11,Month-to-month,Electronic check,Fiber optic,73.50,791,Yes,High Risk,0-12 months
5293-WXJAK,FEMALE,1,yes,No,11,Month-to-month,Bank transfer (automatic),Fiber optic,104.05,1133,Yes,High Risk,0-12 months
5442-XSDCW,MALE,0,yes,Yes,11,Month-to-month,Bank transfer (automatic),Fiber optic,79.50,868,Yes,High Risk,0-12 months
4078-SAYYN,FEMALE,0,No,No,11,Month-to-month,Electronic check,Fiber optic,100.75,1129,Yes,High Risk,0-12 months
3737-GCSPV,FEMALE,0,yes,No,11,Month-to-month,Credit card (automatic),Fiber optic,96.20,1222,Yes,High Risk,0-12 months
4503-BDXBD,MALE,0,No,No,11,Month-to-month,Electronic check,Fiber optic,74.95,815,Yes,High Risk,0-12 months
4706-AXVKM,FEMALE,1,No,No,11,Month-to-month,Credit card (automatic),Fiber optic,84.80,906,Yes,High Risk,0-12 months
4566-QVRRW,FEMALE,0,yes,No,11,Month-to-month,Electronic check,DSL,44.05,483,Yes,High Risk,0-12 months
7625-XCQRH,FEMALE,0,No,No,11,Month-to-month,Electronic check,Fiber optic,76.50,837,Yes,High Risk,0-12 months
7321-PKUYW,FEMALE,0,No,No,11,Month-to-month,Electronic check,Fiber optic,90.15,987,Yes,High Risk,0-12 months
6688-UZPWD,FEMALE,0,yes,No,11,Month-to-month,Electronic check,Fiber optic,102.00,1145,Yes,High Risk,0-12 months
6861-OKBCE,FEMALE,0,No,Yes,11,Month-to-month,Credit card (automatic),No,20.10,221,Yes,High Risk,0-12 months
8168-UQWWF,FEMALE,0,No,No,11,Month-to-month,Bank transfer (automatic),Fiber optic,97.85,1105,Yes,High Risk,0-12 months
8785-EPNCG,MALE,0,No,No,11,Month-to-month,Credit card (automatic),No,23.15,245,Yes,High Risk,0-12 months
8999-BOHSE,FEMALE,1,No,No,11,Month-to-month,Bank transfer (automatic),Fiber optic,89.70,1047,Yes,High Risk,0-12 months
9530-EHPOH,MALE,0,No,No,11,Month-to-month,Electronic check,DSL,53.75,608,Yes,High Risk,0-12 months
9820-RMCQV,FEMALE,0,No,No,11,Month-to-month,Credit card (automatic),DSL,48.55,501,Yes,High Risk,0-12 months
0195-IESCP,MALE,0,yes,No,10,Month-to-month,Electronic check,Fiber optic,85.25,855,Yes,High Risk,0-12 months
0621-TWIEM,MALE,0,No,No,10,Month-to-month,Electronic check,DSL,45.55,402,Yes,High Risk,0-12 months
0875-CABNR,FEMALE,1,No,No,10,Month-to-month,Credit card (automatic),Fiber optic,84.60,865,Yes,High Risk,0-12 months
0940-OUQEC,MALE,0,No,No,10,Month-to-month,Bank transfer (automatic),Fiber optic,80.70,788,Yes,High Risk,0-12 months
1184-PJVDB,MALE,0,yes,No,10,Month-to-month,Electronic check,Fiber optic,79.95,857,Yes,High Risk,0-12 months
1342-JPNKI,MALE,0,No,No,10,Month-to-month,Bank transfer (automatic),Fiber optic,86.05,834,Yes,High Risk,0-12 months
1624-WOIWJ,FEMALE,0,No,No,10,Month-to-month,Mailed check,Fiber optic,84.70,832,Yes,High Risk,0-12 months
1450-GALXR,FEMALE,0,No,No,10,Month-to-month,Electronic check,Fiber optic,98.50,1058,Yes,High Risk,0-12 months
1455-UGQVH,MALE,0,yes,No,10,Month-to-month,Electronic check,Fiber optic,98.50,1037,Yes,High Risk,0-12 months
1465-VINDH,FEMALE,0,yes,Yes,10,Month-to-month,Credit card (automatic),Fiber optic,102.10,1068,Yes,High Risk,0-12 months
1907-UBQFC,MALE,1,No,No,10,Month-to-month,Electronic check,Fiber optic,72.85,688,Yes,High Risk,0-12 months
2309-OSFEU,MALE,0,No,No,10,Month-to-month,Mailed check,DSL,33.90,298,Yes,High Risk,0-12 months
2482-CZGBB,MALE,0,No,No,10,Month-to-month,Electronic check,Fiber optic,70.00,740,Yes,High Risk,0-12 months
2408-WITXK,FEMALE,1,No,No,10,Month-to-month,Electronic check,DSL,34.70,329,Yes,High Risk,0-12 months
2754-VDLTR,MALE,0,No,Yes,10,Month-to-month,Electronic check,Fiber optic,95.20,930,Yes,High Risk,0-12 months
2660-EMUBI,MALE,1,No,No,10,Month-to-month,Electronic check,Fiber optic,95.35,898,Yes,High Risk,0-12 months
2968-SSGAA,FEMALE,0,No,No,10,Month-to-month,Electronic check,Fiber optic,100.60,1060,Yes,High Risk,0-12 months
3045-XETSH,FEMALE,0,No,No,10,Month-to-month,Electronic check,Fiber optic,94.85,953,Yes,High Risk,0-12 months
3247-ZVOUO,MALE,1,yes,No,10,Month-to-month,Electronic check,Fiber optic,85.55,851,Yes,High Risk,0-12 months
4572-DVCGN,FEMALE,0,No,No,10,Month-to-month,Bank transfer (automatic),Fiber optic,80.25,846,Yes,High Risk,0-12 months
4547-KQRTM,FEMALE,0,No,No,10,Month-to-month,Bank transfer (automatic),Fiber optic,80.05,830,Yes,High Risk,0-12 months
4817-QRJSX,FEMALE,0,No,No,10,Month-to-month,Credit card (automatic),Fiber optic,81.00,818,Yes,High Risk,0-12 months
4190-MFLUW,FEMALE,0,yes,Yes,10,Month-to-month,Credit card (automatic),DSL,55.20,528,Yes,High Risk,0-12 months
4112-LUEIZ,MALE,0,No,No,10,Month-to-month,Electronic check,Fiber optic,89.50,863,Yes,High Risk,0-12 months
3580-REOAC,MALE,0,No,No,10,Month-to-month,Credit card (automatic),DSL,44.85,435,Yes,High Risk,0-12 months
5299-RULOA,FEMALE,0,yes,Yes,10,Month-to-month,Electronic check,Fiber optic,100.25,1064,Yes,High Risk,0-12 months
5143-EGQFK,FEMALE,1,No,No,10,Month-to-month,Electronic check,DSL,29.65,291,Yes,High Risk,0-12 months
5138-WVKYJ,MALE,0,No,No,10,Month-to-month,Electronic check,Fiber optic,98.55,1008,Yes,High Risk,0-12 months
5016-ETTFF,MALE,0,No,No,10,Month-to-month,Mailed check,DSL,29.50,255,Yes,High Risk,0-12 months
6379-RXJRQ,MALE,0,yes,No,10,Month-to-month,Electronic check,Fiber optic,70.10,659,Yes,High Risk,0-12 months
6331-LWDTQ,MALE,0,No,No,10,Month-to-month,Credit card (automatic),DSL,72.15,794,Yes,High Risk,0-12 months
6347-DCUIK,MALE,0,No,No,10,Month-to-month,Mailed check,Fiber optic,74.15,811,Yes,High Risk,0-12 months
5747-PMBSQ,MALE,1,yes,No,10,Month-to-month,Mailed check,Fiber optic,92.50,934,Yes,High Risk,0-12 months
5976-JCJRH,MALE,0,yes,No,10,Month-to-month,Electronic check,Fiber optic,70.30,738,Yes,High Risk,0-12 months
5923-GXUOC,MALE,0,No,No,10,Month-to-month,Electronic check,Fiber optic,104.40,1081,Yes,High Risk,0-12 months
9172-ANCRX,FEMALE,0,No,No,10,Month-to-month,Electronic check,Fiber optic,98.70,973,Yes,High Risk,0-12 months
8861-HGGKB,FEMALE,0,No,No,10,Month-to-month,Electronic check,Fiber optic,86.45,830,Yes,High Risk,0-12 months
8225-BTJAU,MALE,1,No,No,10,Month-to-month,Electronic check,Fiber optic,79.25,793,Yes,High Risk,0-12 months
8065-YKXKD,FEMALE,0,No,No,10,Month-to-month,Electronic check,Fiber optic,74.75,799,Yes,High Risk,0-12 months
8337-UPOAQ,MALE,1,yes,No,10,Month-to-month,Electronic check,Fiber optic,89.80,914,Yes,High Risk,0-12 months
8443-WVPSS,MALE,0,yes,No,10,Month-to-month,Electronic check,Fiber optic,99.85,990,Yes,High Risk,0-12 months
7249-WBIYX,MALE,0,yes,No,10,Month-to-month,Electronic check,Fiber optic,85.60,813,Yes,High Risk,0-12 months
7209-JCUDS,MALE,0,No,No,10,Month-to-month,Electronic check,Fiber optic,94.90,1048,Yes,High Risk,0-12 months
7779-LGOVN,MALE,1,yes,No,10,Month-to-month,Electronic check,Fiber optic,86.65,856,Yes,High Risk,0-12 months
9851-KIELU,MALE,0,No,No,10,Month-to-month,Electronic check,Fiber optic,110.10,1043,Yes,High Risk,0-12 months
3030-YZADT,MALE,0,No,No,9,Month-to-month,Mailed check,DSL,44.95,431,Yes,High Risk,0-12 months
2691-NZETQ,MALE,0,No,No,9,Month-to-month,Electronic check,Fiber optic,85.35,758,Yes,High Risk,0-12 months
2642-DTVCO,MALE,1,No,No,9,Month-to-month,Electronic check,Fiber optic,85.05,746,Yes,High Risk,0-12 months
2754-XBHTB,FEMALE,0,No,No,9,Month-to-month,Bank transfer (automatic),Fiber optic,77.65,714,Yes,High Risk,0-12 months
2344-JMOGN,MALE,0,yes,No,9,Month-to-month,Mailed check,Fiber optic,94.85,890,Yes,High Risk,0-12 months
1750-CSKKM,MALE,0,No,Yes,9,Month-to-month,Electronic check,DSL,55.35,449,Yes,High Risk,0-12 months
1704-NRWYE,FEMALE,1,No,No,9,Month-to-month,Electronic check,Fiber optic,80.85,751,Yes,High Risk,0-12 months
1518-VOWAV,FEMALE,0,No,No,9,Month-to-month,Electronic check,DSL,74.65,703,Yes,High Risk,0-12 months
1262-OPMFY,FEMALE,0,yes,No,9,Month-to-month,Bank transfer (automatic),Fiber optic,75.75,655,Yes,High Risk,0-12 months
0872-NXJYS,FEMALE,0,No,No,9,Month-to-month,Electronic check,Fiber optic,79.55,723,Yes,High Risk,0-12 months
0836-SEYLU,MALE,0,yes,No,9,Month-to-month,Mailed check,DSL,40.65,328,Yes,High Risk,0-12 months
0564-JJHGS,MALE,0,No,No,9,Month-to-month,Electronic check,Fiber optic,95.50,829,Yes,High Risk,0-12 months
0709-TVGUR,FEMALE,1,No,No,9,Month-to-month,Electronic check,Fiber optic,74.55,622,Yes,High Risk,0-12 months
0781-LKXBR,MALE,1,No,No,9,Month-to-month,Electronic check,Fiber optic,100.50,918,Yes,High Risk,0-12 months
0727-IWKVK,MALE,0,yes,No,9,Month-to-month,Electronic check,Fiber optic,79.90,741,Yes,High Risk,0-12 months
0778-NELLA,MALE,0,No,No,9,Month-to-month,Credit card (automatic),DSL,34.70,296,Yes,High Risk,0-12 months
0260-ZDLGK,FEMALE,0,No,Yes,9,Month-to-month,Mailed check,DSL,72.90,651,Yes,High Risk,0-12 months
6000-APYLU,MALE,0,No,No,9,Month-to-month,Electronic check,Fiber optic,80.80,713,Yes,High Risk,0-12 months
5707-ORNDZ,MALE,1,No,No,9,Month-to-month,Electronic check,DSL,54.55,494,Yes,High Risk,0-12 months
5698-BQJOH,FEMALE,0,No,No,9,Month-to-month,Electronic check,Fiber optic,94.40,857,Yes,High Risk,0-12 months
6410-LEFEN,FEMALE,0,No,No,9,Month-to-month,Electronic check,DSL,45.15,416,Yes,High Risk,0-12 months
6158-DWPZT,MALE,0,yes,No,9,One year,Bank transfer (automatic),DSL,24.10,259,Yes,High Risk,0-12 months
6210-KBBPI,MALE,1,No,No,9,Month-to-month,Credit card (automatic),Fiber optic,99.45,919,Yes,High Risk,0-12 months
4910-AQFFX,MALE,0,yes,Yes,9,Month-to-month,Bank transfer (automatic),Fiber optic,79.35,661,Yes,High Risk,0-12 months
5174-RNGBH,FEMALE,0,No,No,9,Month-to-month,Mailed check,DSL,66.25,620,Yes,High Risk,0-12 months
5154-VEKBL,FEMALE,0,No,No,9,Month-to-month,Mailed check,DSL,58.50,539,Yes,High Risk,0-12 months
5357-TZHPP,MALE,1,No,No,9,Month-to-month,Credit card (automatic),Fiber optic,84.40,732,Yes,High Risk,0-12 months
5569-KGJHX,FEMALE,0,yes,Yes,9,Month-to-month,Bank transfer (automatic),Fiber optic,85.35,754,Yes,High Risk,0-12 months
3627-FCRDW,FEMALE,0,No,No,9,Month-to-month,Electronic check,Fiber optic,71.00,672,Yes,High Risk,0-12 months
4083-EUGRJ,MALE,0,No,No,9,Month-to-month,Mailed check,No,20.25,178,Yes,High Risk,0-12 months
4116-TZAQJ,FEMALE,0,No,No,9,Month-to-month,Credit card (automatic),Fiber optic,74.25,639,Yes,High Risk,0-12 months
4282-YMKNA,FEMALE,0,No,No,9,Month-to-month,Electronic check,Fiber optic,74.75,706,Yes,High Risk,0-12 months
4765-OXPPD,FEMALE,0,yes,Yes,9,Month-to-month,Mailed check,DSL,65.00,663,Yes,High Risk,0-12 months
7943-RQCHR,FEMALE,0,No,No,9,Month-to-month,Electronic check,Fiber optic,94.75,889,Yes,High Risk,0-12 months
8058-JMEQO,FEMALE,1,No,No,9,Month-to-month,Electronic check,Fiber optic,84.45,762,Yes,High Risk,0-12 months
7394-FKDNK,FEMALE,0,yes,No,9,Month-to-month,Electronic check,Fiber optic,89.45,853,Yes,High Risk,0-12 months
7511-YMXVQ,MALE,0,No,No,9,Month-to-month,Electronic check,DSL,45.40,418,Yes,High Risk,0-12 months
7240-ETPTR,FEMALE,0,yes,No,9,Month-to-month,Electronic check,DSL,48.75,442,Yes,High Risk,0-12 months
6543-CPZMK,MALE,0,yes,Yes,9,Month-to-month,Electronic check,DSL,29.95,248,Yes,High Risk,0-12 months
8775-CEBBJ,FEMALE,0,No,No,9,Month-to-month,Bank transfer (automatic),DSL,44.20,403,Yes,High Risk,0-12 months
8931-GJJIQ,FEMALE,0,No,No,9,Month-to-month,Electronic check,Fiber optic,83.30,803,Yes,High Risk,0-12 months
9025-ZRPVR,MALE,0,No,No,9,Month-to-month,Mailed check,No,18.95,185,Yes,High Risk,0-12 months
9734-YWGEX,FEMALE,0,No,No,9,Month-to-month,Credit card (automatic),Fiber optic,98.30,923,Yes,High Risk,0-12 months
9846-GKXAS,FEMALE,0,No,No,9,Month-to-month,Bank transfer (automatic),Fiber optic,90.80,809,Yes,High Risk,0-12 months
9965-YOKZB,MALE,1,No,No,9,Month-to-month,Electronic check,Fiber optic,83.85,790,Yes,High Risk,0-12 months
9940-HPQPG,FEMALE,0,yes,No,9,Month-to-month,Bank transfer (automatic),Fiber optic,91.75,865,Yes,High Risk,0-12 months
0302-JOIVN,FEMALE,0,yes,No,8,Month-to-month,Electronic check,Fiber optic,101.15,842,Yes,High Risk,0-12 months
0325-XBFAC,MALE,0,No,No,8,Month-to-month,Electronic check,Fiber optic,94.70,740,Yes,High Risk,0-12 months
0420-BWTPW,MALE,0,No,Yes,8,Month-to-month,Mailed check,DSL,25.50,215,Yes,High Risk,0-12 months
0587-DMGBH,FEMALE,0,No,No,8,Month-to-month,Electronic check,DSL,49.85,365,Yes,High Risk,0-12 months
1567-DSCIC,MALE,0,No,No,8,Month-to-month,Electronic check,Fiber optic,94.00,773,Yes,High Risk,0-12 months
2397-BRLOM,MALE,1,yes,Yes,8,Month-to-month,Credit card (automatic),Fiber optic,80.45,583,Yes,High Risk,0-12 months
2219-MVUSO,MALE,0,No,No,8,Month-to-month,Mailed check,DSL,45.15,438,Yes,High Risk,0-12 months
2667-WYLWJ,FEMALE,0,yes,Yes,8,One year,Mailed check,No,19.75,145,Yes,High Risk,0-12 months
2929-ERCFZ,FEMALE,0,yes,Yes,8,Month-to-month,Electronic check,Fiber optic,94.20,777,Yes,High Risk,0-12 months
3235-ETOOB,MALE,0,yes,No,8,Month-to-month,Electronic check,Fiber optic,74.50,609,Yes,High Risk,0-12 months
3217-FZDMN,FEMALE,1,No,No,8,Month-to-month,Credit card (automatic),Fiber optic,94.45,742,Yes,High Risk,0-12 months
3106-ULWFW,FEMALE,0,yes,No,8,Month-to-month,Credit card (automatic),Fiber optic,85.20,627,Yes,High Risk,0-12 months
4822-RVYBB,MALE,1,No,No,8,Month-to-month,Electronic check,Fiber optic,100.60,819,Yes,High Risk,0-12 months
4625-EWPTF,MALE,0,No,No,8,Month-to-month,Electronic check,DSL,30.45,226,Yes,High Risk,0-12 months
4277-PVRAN,FEMALE,0,No,No,8,Month-to-month,Bank transfer (automatic),Fiber optic,80.10,679,Yes,High Risk,0-12 months
4145-UQXUQ,FEMALE,1,No,No,8,Month-to-month,Electronic check,Fiber optic,92.10,729,Yes,High Risk,0-12 months
4160-AMJTL,FEMALE,1,No,No,8,Month-to-month,Electronic check,No,19.65,164,Yes,High Risk,0-12 months
4080-OGPJL,FEMALE,0,No,No,8,Month-to-month,Electronic check,DSL,71.15,563,Yes,High Risk,0-12 months
3999-QGRJH,MALE,1,No,No,8,Month-to-month,Electronic check,Fiber optic,69.70,560,Yes,High Risk,0-12 months
3585-ISXZP,FEMALE,0,No,No,8,Month-to-month,Bank transfer (automatic),Fiber optic,95.65,778,Yes,High Risk,0-12 months
3389-YGYAI,FEMALE,1,No,No,8,Month-to-month,Electronic check,Fiber optic,105.50,829,Yes,High Risk,0-12 months
3488-PGMQJ,MALE,1,No,No,8,Month-to-month,Electronic check,Fiber optic,74.50,606,Yes,High Risk,0-12 months
5383-MMTWC,FEMALE,1,yes,No,8,Month-to-month,Electronic check,Fiber optic,84.00,613,Yes,High Risk,0-12 months
5233-GEEAX,MALE,1,No,No,8,Month-to-month,Electronic check,DSL,29.40,221,Yes,High Risk,0-12 months
5229-PRWKT,MALE,0,No,No,8,Month-to-month,Electronic check,Fiber optic,86.55,649,Yes,High Risk,0-12 months
6326-MTTXK,MALE,0,No,No,8,Month-to-month,Electronic check,Fiber optic,100.85,819,Yes,High Risk,0-12 months
5949-XIKAE,FEMALE,0,yes,Yes,8,Month-to-month,Electronic check,Fiber optic,83.55,680,Yes,High Risk,0-12 months
9540-JYROE,MALE,0,No,No,8,Month-to-month,Mailed check,Fiber optic,70.10,551,Yes,High Risk,0-12 months
9367-WXLCH,MALE,0,No,No,8,Month-to-month,Bank transfer (automatic),Fiber optic,84.50,662,Yes,High Risk,0-12 months
9305-CDSKC,FEMALE,0,No,No,8,Month-to-month,Electronic check,Fiber optic,99.65,820,Yes,High Risk,0-12 months
8837-VVWLQ,FEMALE,0,No,No,8,Month-to-month,Electronic check,Fiber optic,84.95,668,Yes,High Risk,0-12 months
8808-ELEHO,MALE,1,No,No,8,Month-to-month,Electronic check,Fiber optic,81.25,585,Yes,High Risk,0-12 months
8382-SHQEH,FEMALE,0,yes,No,8,Month-to-month,Electronic check,Fiber optic,84.90,764,Yes,High Risk,0-12 months
7234-FECYN,FEMALE,1,No,No,8,Month-to-month,Electronic check,Fiber optic,101.35,780,Yes,High Risk,0-12 months
7089-IVVAZ,FEMALE,0,No,No,8,Month-to-month,Bank transfer (automatic),Fiber optic,103.35,847,Yes,High Risk,0-12 months
7130-VTEWQ,FEMALE,1,No,No,8,Month-to-month,Electronic check,Fiber optic,75.75,606,Yes,High Risk,0-12 months
6979-ZNSFF,FEMALE,0,No,No,8,Month-to-month,Electronic check,Fiber optic,87.05,762,Yes,High Risk,0-12 months
7495-OOKFY,FEMALE,1,yes,No,8,Month-to-month,Credit card (automatic),Fiber optic,80.65,633,Yes,High Risk,0-12 months
7993-PYKOF,MALE,0,yes,No,8,Month-to-month,Electronic check,Fiber optic,75.00,632,Yes,High Risk,0-12 months
7845-URHJN,FEMALE,0,yes,No,8,Month-to-month,Bank transfer (automatic),No,20.15,156,Yes,High Risk,0-12 months
7743-EXURX,MALE,0,yes,Yes,8,Month-to-month,Electronic check,DSL,51.05,415,Yes,High Risk,0-12 months
9889-TMAHG,MALE,1,No,No,8,Month-to-month,Credit card (automatic),Fiber optic,100.30,832,Yes,High Risk,0-12 months
3070-DVEYC,MALE,1,No,No,7,Month-to-month,Mailed check,Fiber optic,73.75,545,Yes,High Risk,0-12 months
2645-QTLMB,MALE,0,No,No,7,Month-to-month,Electronic check,Fiber optic,94.25,669,Yes,High Risk,0-12 months
2575-GFSOE,FEMALE,0,yes,Yes,7,Month-to-month,Electronic check,Fiber optic,69.00,506,Yes,High Risk,0-12 months
2187-LZGPL,FEMALE,0,No,No,7,Month-to-month,Credit card (automatic),DSL,40.10,293,Yes,High Risk,0-12 months
2207-OBZNX,MALE,0,No,No,7,Month-to-month,Mailed check,DSL,51.00,354,Yes,High Risk,0-12 months
2205-YMZZJ,MALE,1,No,No,7,Month-to-month,Electronic check,Fiber optic,84.80,546,Yes,High Risk,0-12 months
1925-TIBLE,FEMALE,0,yes,No,7,Month-to-month,Electronic check,Fiber optic,86.50,582,Yes,High Risk,0-12 months
2026-TGDHM,FEMALE,0,No,No,7,Month-to-month,Electronic check,Fiber optic,79.30,523,Yes,High Risk,0-12 months
2070-FNEXE,FEMALE,1,No,No,7,Month-to-month,Bank transfer (automatic),Fiber optic,76.45,503,Yes,High Risk,0-12 months
1579-KLYDT,MALE,0,No,No,7,Month-to-month,Electronic check,Fiber optic,90.45,593,Yes,High Risk,0-12 months
1522-VVDMG,MALE,0,yes,Yes,7,Month-to-month,Electronic check,Fiber optic,89.75,608,Yes,High Risk,0-12 months
1383-EZRWL,FEMALE,0,No,No,7,Month-to-month,Mailed check,No,20.05,164,Yes,High Risk,0-12 months
0927-LCSMG,MALE,0,No,No,7,Month-to-month,Mailed check,Fiber optic,74.65,544,Yes,High Risk,0-12 months
0947-IDHRQ,FEMALE,0,No,No,7,Month-to-month,Mailed check,Fiber optic,80.30,526,Yes,High Risk,0-12 months
1009-IRMNA,FEMALE,0,No,No,7,Month-to-month,Bank transfer (automatic),No,20.00,137,Yes,High Risk,0-12 months
1196-AMORA,MALE,0,No,No,7,Month-to-month,Electronic check,Fiber optic,73.60,520,Yes,High Risk,0-12 months
1205-WNWPJ,FEMALE,0,No,No,7,Month-to-month,Mailed check,DSL,59.50,415,Yes,High Risk,0-12 months
0655-RBDUG,MALE,0,No,No,7,Month-to-month,Bank transfer (automatic),Fiber optic,98.05,713,Yes,High Risk,0-12 months
0122-OAHPZ,FEMALE,0,No,No,7,Month-to-month,Electronic check,Fiber optic,73.85,511,Yes,High Risk,0-12 months
5931-FLJJF,MALE,1,yes,No,7,Month-to-month,Mailed check,Fiber optic,70.10,467,Yes,High Risk,0-12 months
5445-UTODQ,FEMALE,0,yes,No,7,Month-to-month,Electronic check,Fiber optic,81.10,576,Yes,High Risk,0-12 months
5027-QPKTE,MALE,0,yes,No,7,Month-to-month,Electronic check,Fiber optic,69.35,451,Yes,High Risk,0-12 months
4958-GZWIY,MALE,0,yes,Yes,7,Month-to-month,Electronic check,DSL,48.70,340,Yes,High Risk,0-12 months
3643-AHCFP,MALE,1,yes,No,7,Month-to-month,Bank transfer (automatic),Fiber optic,95.60,644,Yes,High Risk,0-12 months
4013-UBXWQ,FEMALE,0,No,No,7,Month-to-month,Electronic check,DSL,74.65,521,Yes,High Risk,0-12 months
3874-EQOEP,MALE,0,No,No,7,Month-to-month,Mailed check,Fiber optic,95.00,655,Yes,High Risk,0-12 months
3811-VBYBZ,MALE,0,No,No,7,Month-to-month,Electronic check,Fiber optic,99.80,673,Yes,High Risk,0-12 months
3799-ISUZQ,MALE,0,yes,Yes,7,Month-to-month,Bank transfer (automatic),Fiber optic,69.95,529,Yes,High Risk,0-12 months
3834-XUIFC,MALE,0,No,No,7,Month-to-month,Mailed check,Fiber optic,85.20,602,Yes,High Risk,0-12 months
4285-GYRQC,FEMALE,0,yes,No,7,Month-to-month,Electronic check,Fiber optic,86.25,587,Yes,High Risk,0-12 months
4323-SADQS,MALE,0,yes,Yes,7,Month-to-month,Electronic check,DSL,34.50,279,Yes,High Risk,0-12 months
4626-GYCZP,MALE,0,No,No,7,Month-to-month,Electronic check,Fiber optic,93.85,635,Yes,High Risk,0-12 months
4541-RMRLG,MALE,0,No,No,7,Month-to-month,Electronic check,No,19.25,112,Yes,High Risk,0-12 months
6437-UKHMV,FEMALE,0,No,No,7,Month-to-month,Electronic check,Fiber optic,79.70,586,Yes,High Risk,0-12 months
7912-SYRQT,FEMALE,0,No,No,7,Month-to-month,Bank transfer (automatic),Fiber optic,75.10,552,Yes,High Risk,0-12 months
7638-QVMVY,FEMALE,0,No,No,7,Month-to-month,Electronic check,Fiber optic,79.00,522,Yes,High Risk,0-12 months
7410-YTJIK,FEMALE,0,No,No,7,Month-to-month,Mailed check,Fiber optic,75.45,480,Yes,High Risk,0-12 months
7479-NITWS,MALE,0,No,No,7,Month-to-month,Credit card (automatic),Fiber optic,89.35,631,Yes,High Risk,0-12 months
6502-HCJTI,MALE,1,yes,No,7,Month-to-month,Credit card (automatic),Fiber optic,94.70,673,Yes,High Risk,0-12 months
6861-XWTWQ,MALE,1,yes,No,7,Month-to-month,Electronic check,Fiber optic,99.25,665,Yes,High Risk,0-12 months
6711-FLDFB,FEMALE,0,No,No,7,Month-to-month,Electronic check,Fiber optic,74.90,541,Yes,High Risk,0-12 months
8357-EQXFO,FEMALE,0,No,No,7,Month-to-month,Electronic check,Fiber optic,95.35,660,Yes,High Risk,0-12 months
8128-YVJRG,FEMALE,0,No,No,7,Month-to-month,Mailed check,Fiber optic,79.65,604,Yes,High Risk,0-12 months
8884-ADFVN,MALE,1,yes,No,7,Month-to-month,Electronic check,Fiber optic,101.95,700,Yes,High Risk,0-12 months
8563-IIOXK,MALE,0,yes,Yes,7,One year,Electronic check,DSL,49.75,331,Yes,High Risk,0-12 months
8699-ASUFO,MALE,1,yes,No,7,Month-to-month,Mailed check,Fiber optic,74.40,527,Yes,High Risk,0-12 months
9191-MYQKX,FEMALE,0,yes,No,7,Month-to-month,Bank transfer (automatic),Fiber optic,75.15,496,Yes,High Risk,0-12 months
9210-IAHGH,FEMALE,0,No,No,7,Month-to-month,Credit card (automatic),DSL,70.75,450,Yes,High Risk,0-12 months
9134-CEQMF,MALE,1,yes,No,7,Month-to-month,Electronic check,Fiber optic,89.50,676,Yes,High Risk,0-12 months
8972-HJWNV,FEMALE,1,yes,No,7,Month-to-month,Electronic check,Fiber optic,84.55,646,Yes,High Risk,0-12 months
9451-LPGOO,MALE,0,No,No,7,Month-to-month,Electronic check,Fiber optic,86.80,620,Yes,High Risk,0-12 months
0196-VULGZ,FEMALE,1,yes,No,6,Month-to-month,Electronic check,Fiber optic,84.35,474,Yes,High Risk,0-12 months
0345-HKJVM,FEMALE,0,No,No,6,Month-to-month,Electronic check,Fiber optic,89.30,577,Yes,High Risk,0-12 months
1213-NGCUN,FEMALE,0,No,No,6,Month-to-month,Bank transfer (automatic),DSL,49.65,267,Yes,High Risk,0-12 months
2079-FBMZK,FEMALE,0,No,No,6,Month-to-month,Mailed check,Fiber optic,69.25,418,Yes,High Risk,0-12 months
2446-BEGGB,FEMALE,1,No,No,6,Month-to-month,Electronic check,Fiber optic,98.25,560,Yes,High Risk,0-12 months
2472-OVKUP,MALE,0,yes,No,6,Month-to-month,Electronic check,Fiber optic,91.00,531,Yes,High Risk,0-12 months
2379-ENZGV,MALE,0,No,No,6,Month-to-month,Electronic check,Fiber optic,84.85,523,Yes,High Risk,0-12 months
2606-RMDHZ,MALE,0,No,No,6,Month-to-month,Credit card (automatic),DSL,30.50,208,Yes,High Risk,0-12 months
2506-CLAKW,FEMALE,0,No,No,6,Month-to-month,Bank transfer (automatic),Fiber optic,98.15,567,Yes,High Risk,0-12 months
2672-HUYVI,FEMALE,0,No,No,6,Month-to-month,Electronic check,Fiber optic,91.10,455,Yes,High Risk,0-12 months
2990-HWIML,FEMALE,0,No,No,6,Month-to-month,Electronic check,Fiber optic,89.50,573,Yes,High Risk,0-12 months
3138-BKYAV,MALE,0,No,No,6,Month-to-month,Electronic check,Fiber optic,85.35,489,Yes,High Risk,0-12 months
3144-AUDBS,FEMALE,0,yes,No,6,Month-to-month,Electronic check,DSL,49.15,270,Yes,High Risk,0-12 months
4587-VVTOX,FEMALE,0,yes,No,6,Month-to-month,Electronic check,Fiber optic,105.30,545,Yes,High Risk,0-12 months
4636-QRJKY,FEMALE,0,yes,Yes,6,Month-to-month,Electronic check,Fiber optic,80.50,502,Yes,High Risk,0-12 months
4369-HTUIF,MALE,1,No,No,6,Month-to-month,Bank transfer (automatic),Fiber optic,85.15,503,Yes,High Risk,0-12 months
4505-EXZHB,FEMALE,1,No,No,6,Month-to-month,Electronic check,Fiber optic,74.40,434,Yes,High Risk,0-12 months
4229-CZMLL,MALE,0,No,No,6,Month-to-month,Electronic check,Fiber optic,74.90,469,Yes,High Risk,0-12 months
4250-FDVOU,FEMALE,0,No,No,6,Month-to-month,Electronic check,DSL,56.25,389,Yes,High Risk,0-12 months
3727-RJMEO,MALE,0,yes,No,6,Month-to-month,Electronic check,Fiber optic,82.85,460,Yes,High Risk,0-12 months
3908-BLSYF,FEMALE,0,No,No,6,Month-to-month,Electronic check,Fiber optic,83.90,497,Yes,High Risk,0-12 months
3992-YWPKO,FEMALE,0,No,No,6,Month-to-month,Credit card (automatic),Fiber optic,109.90,669,Yes,High Risk,0-12 months
3683-QKIUE,FEMALE,0,No,No,6,Month-to-month,Bank transfer (automatic),DSL,50.80,288,Yes,High Risk,0-12 months
3440-JPSCL,FEMALE,0,No,No,6,Month-to-month,Mailed check,Fiber optic,99.95,547,Yes,High Risk,0-12 months
3319-DWOEP,MALE,1,yes,No,6,Month-to-month,Electronic check,Fiber optic,95.75,573,Yes,High Risk,0-12 months
5027-XWQHA,MALE,0,No,No,6,Month-to-month,Electronic check,DSL,44.75,270,Yes,High Risk,0-12 months
5868-YWPDW,MALE,1,yes,No,6,Month-to-month,Electronic check,Fiber optic,84.20,519,Yes,High Risk,0-12 months
5876-HZVZM,FEMALE,0,yes,Yes,6,Month-to-month,Credit card (automatic),DSL,55.90,365,Yes,High Risk,0-12 months
6400-BWQKW,FEMALE,0,No,No,6,Month-to-month,Electronic check,Fiber optic,79.05,434,Yes,High Risk,0-12 months
6101-IMRMM,MALE,0,No,Yes,6,Month-to-month,Mailed check,Fiber optic,94.50,575,Yes,High Risk,0-12 months
9025-AOMKI,FEMALE,0,No,No,6,Month-to-month,Bank transfer (automatic),Fiber optic,93.55,536,Yes,High Risk,0-12 months
9239-ZBZZV,FEMALE,0,No,No,6,Month-to-month,Electronic check,DSL,47.95,305,Yes,High Risk,0-12 months
8780-IXSTS,FEMALE,0,No,No,6,Month-to-month,Electronic check,Fiber optic,90.10,521,Yes,High Risk,0-12 months
8185-UPYBR,MALE,0,yes,No,6,Month-to-month,Electronic check,Fiber optic,75.50,438,Yes,High Risk,0-12 months
8417-FMLZI,MALE,0,yes,Yes,6,Month-to-month,Credit card (automatic),Fiber optic,83.55,477,Yes,High Risk,0-12 months
7005-CCBKV,MALE,0,No,No,6,Month-to-month,Electronic check,Fiber optic,84.40,556,Yes,High Risk,0-12 months
7593-JNWRU,MALE,0,yes,Yes,6,Month-to-month,Bank transfer (automatic),DSL,44.60,260,Yes,High Risk,0-12 months
7551-DACSP,MALE,0,yes,Yes,6,Month-to-month,Mailed check,DSL,55.30,324,Yes,High Risk,0-12 months
8053-WWDRO,FEMALE,0,yes,No,6,Month-to-month,Bank transfer (automatic),No,19.50,146,Yes,High Risk,0-12 months
9840-DVNDC,MALE,0,No,No,6,Month-to-month,Credit card (automatic),Fiber optic,80.50,463,Yes,High Risk,0-12 months
3164-AALRN,MALE,0,No,No,5,One year,Mailed check,DSL,70.00,347,Yes,High Risk,0-12 months
3074-GQWYX,MALE,0,No,No,5,Month-to-month,Bank transfer (automatic),Fiber optic,75.90,357,Yes,High Risk,0-12 months
2952-QAYZF,MALE,0,No,No,5,Month-to-month,Electronic check,Fiber optic,85.30,424,Yes,High Risk,0-12 months
2815-CPTUL,MALE,1,No,No,5,Month-to-month,Mailed check,Fiber optic,70.25,331,Yes,High Risk,0-12 months
2369-UAPKZ,MALE,0,No,No,5,Month-to-month,Mailed check,Fiber optic,104.10,541,Yes,High Risk,0-12 months
2462-XIIJB,MALE,0,No,No,5,Month-to-month,Electronic check,Fiber optic,92.50,452,Yes,High Risk,0-12 months
2100-BDNSN,FEMALE,0,yes,No,5,Month-to-month,Bank transfer (automatic),DSL,67.95,350,Yes,High Risk,0-12 months
2058-DCJBE,MALE,0,No,No,5,Month-to-month,Electronic check,Fiber optic,69.75,324,Yes,High Risk,0-12 months
1724-BQUHA,MALE,1,No,No,5,Month-to-month,Electronic check,Fiber optic,89.50,477,Yes,High Risk,0-12 months
1809-DMJHQ,FEMALE,0,No,Yes,5,Month-to-month,Mailed check,DSL,46.00,221,Yes,High Risk,0-12 months
1010-DIAUQ,MALE,0,No,No,5,Month-to-month,Bank transfer (automatic),Fiber optic,96.50,492,Yes,High Risk,0-12 months
0876-WDUUZ,FEMALE,0,No,No,5,Month-to-month,Credit card (automatic),Fiber optic,85.40,425,Yes,High Risk,0-12 months
0870-VEMYL,FEMALE,0,No,No,5,Month-to-month,Credit card (automatic),DSL,53.85,259,Yes,High Risk,0-12 months
1569-TTNYJ,MALE,0,yes,No,5,Month-to-month,Electronic check,Fiber optic,78.75,412,Yes,High Risk,0-12 months
1624-NALOJ,MALE,1,No,No,5,Month-to-month,Electronic check,Fiber optic,89.80,502,Yes,High Risk,0-12 months
0330-IVZHA,FEMALE,0,yes,No,5,Month-to-month,Electronic check,Fiber optic,69.95,330,Yes,High Risk,0-12 months
0306-JAELE,MALE,0,No,No,5,Month-to-month,Electronic check,Fiber optic,96.10,453,Yes,High Risk,0-12 months
0278-YXOOG,MALE,0,No,No,5,Month-to-month,Mailed check,No,21.05,113,Yes,High Risk,0-12 months
0224-HJAPT,MALE,0,No,No,5,Month-to-month,Electronic check,DSL,47.15,223,Yes,High Risk,0-12 months
0568-ONFPC,MALE,0,yes,Yes,5,Month-to-month,Bank transfer (automatic),No,25.90,135,Yes,High Risk,0-12 months
0516-WJVXC,FEMALE,0,No,No,5,Month-to-month,Electronic check,DSL,54.20,308,Yes,High Risk,0-12 months
0495-ZBNGW,MALE,1,yes,No,5,Month-to-month,Bank transfer (automatic),Fiber optic,79.90,343,Yes,High Risk,0-12 months
0506-LVNGN,FEMALE,1,No,No,5,Month-to-month,Credit card (automatic),Fiber optic,75.55,349,Yes,High Risk,0-12 months
6047-YHPVI,MALE,0,No,No,5,Month-to-month,Electronic check,Fiber optic,69.70,316,Yes,High Risk,0-12 months
6060-DRTNL,FEMALE,1,No,No,5,Month-to-month,Mailed check,Fiber optic,84.85,415,Yes,High Risk,0-12 months
6235-VDHOM,FEMALE,1,No,No,5,Month-to-month,Electronic check,DSL,28.45,131,Yes,High Risk,0-12 months
5956-VKDTT,FEMALE,1,yes,No,5,Month-to-month,Electronic check,Fiber optic,74.35,334,Yes,High Risk,0-12 months
6015-VVHHE,FEMALE,1,No,No,5,Month-to-month,Credit card (automatic),Fiber optic,83.15,446,Yes,High Risk,0-12 months
5669-SRAIP,FEMALE,0,No,No,5,Month-to-month,Electronic check,DSL,39.50,210,Yes,High Risk,0-12 months
5685-IIXLY,FEMALE,0,yes,Yes,5,Month-to-month,Electronic check,Fiber optic,83.60,404,Yes,High Risk,0-12 months
5842-POCOP,FEMALE,0,yes,No,5,Month-to-month,Mailed check,Fiber optic,88.90,454,Yes,High Risk,0-12 months
4919-IKATY,MALE,0,yes,Yes,5,Month-to-month,Electronic check,Fiber optic,84.50,453,Yes,High Risk,0-12 months
4903-UYAVB,MALE,0,yes,No,5,Month-to-month,Mailed check,No,19.35,126,Yes,High Risk,0-12 months
5380-AFSSK,FEMALE,0,No,No,5,Month-to-month,Mailed check,Fiber optic,93.90,486,Yes,High Risk,0-12 months
3317-HRTNN,FEMALE,1,No,No,5,Month-to-month,Electronic check,DSL,45.70,198,Yes,High Risk,0-12 months
3387-VATUS,MALE,0,No,No,5,Month-to-month,Bank transfer (automatic),Fiber optic,94.85,462,Yes,High Risk,0-12 months
3669-LVWZB,MALE,0,No,No,5,Month-to-month,Mailed check,DSL,51.00,305,Yes,High Risk,0-12 months
4236-XPXAV,FEMALE,0,yes,Yes,5,Month-to-month,Mailed check,Fiber optic,99.15,465,Yes,High Risk,0-12 months
4192-GORJT,MALE,0,yes,No,5,Month-to-month,Electronic check,Fiber optic,94.45,498,Yes,High Risk,0-12 months
4143-OOBWZ,MALE,0,yes,No,5,Month-to-month,Electronic check,Fiber optic,81.30,416,Yes,High Risk,0-12 months
4140-WJAWW,FEMALE,0,No,No,5,Month-to-month,Credit card (automatic),No,19.85,108,Yes,High Risk,0-12 months
4439-JMPMT,FEMALE,0,yes,Yes,5,Month-to-month,Electronic check,Fiber optic,85.75,470,Yes,High Risk,0-12 months
4548-SDBKE,FEMALE,0,No,No,5,Month-to-month,Electronic check,Fiber optic,85.20,474,Yes,High Risk,0-12 months
4795-KTRTH,FEMALE,1,yes,No,5,Month-to-month,Electronic check,Fiber optic,81.00,371,Yes,High Risk,0-12 months
6432-TWQLB,MALE,0,yes,No,5,Month-to-month,Electronic check,Fiber optic,85.40,401,Yes,High Risk,0-12 months
7693-LCKZL,MALE,0,yes,Yes,5,Month-to-month,Electronic check,Fiber optic,80.15,385,Yes,High Risk,0-12 months
7802-EFKNY,MALE,0,yes,No,5,Month-to-month,Electronic check,DSL,24.95,100,Yes,High Risk,0-12 months
7548-SEPYI,FEMALE,0,No,No,5,Month-to-month,Electronic check,Fiber optic,96.25,512,Yes,High Risk,0-12 months
7563-BIUPC,MALE,0,No,No,5,Month-to-month,Electronic check,Fiber optic,80.60,415,Yes,High Risk,0-12 months
7330-WZLNC,FEMALE,0,No,No,5,Month-to-month,Electronic check,Fiber optic,90.80,455,Yes,High Risk,0-12 months
6941-PMGEP,FEMALE,0,No,No,5,Month-to-month,Electronic check,Fiber optic,80.00,412,Yes,High Risk,0-12 months
6715-OFDBP,MALE,0,No,No,5,Month-to-month,Electronic check,DSL,70.05,346,Yes,High Risk,0-12 months
6689-TCZHQ,FEMALE,1,No,No,5,Month-to-month,Electronic check,Fiber optic,78.95,378,Yes,High Risk,0-12 months
6633-MPWBS,MALE,0,No,No,5,Month-to-month,Electronic check,DSL,49.20,216,Yes,High Risk,0-12 months
8481-YYXWG,FEMALE,0,No,No,5,Month-to-month,Electronic check,Fiber optic,89.35,461,Yes,High Risk,0-12 months
8485-GJCDN,FEMALE,1,No,No,5,Month-to-month,Mailed check,Fiber optic,69.05,318,Yes,High Risk,0-12 months
8414-MYSHR,MALE,1,No,No,5,Month-to-month,Electronic check,Fiber optic,91.40,449,Yes,High Risk,0-12 months
8740-XLHDR,MALE,0,No,No,5,Month-to-month,Mailed check,DSL,43.25,219,Yes,High Risk,0-12 months
8722-NGNBH,MALE,0,No,No,5,Month-to-month,Mailed check,DSL,40.00,223,Yes,High Risk,0-12 months
8601-QACRS,FEMALE,0,No,No,5,Month-to-month,Mailed check,DSL,50.60,249,Yes,High Risk,0-12 months
9250-WYPLL,FEMALE,0,No,No,5,Month-to-month,Electronic check,Fiber optic,75.55,413,Yes,High Risk,0-12 months
9026-RNUJS,MALE,1,No,No,5,Month-to-month,Electronic check,DSL,50.35,237,Yes,High Risk,0-12 months
9095-HFAFX,FEMALE,0,No,No,5,Month-to-month,Credit card (automatic),Fiber optic,81.00,389,Yes,High Risk,0-12 months
9681-OXGVC,FEMALE,0,No,No,5,Month-to-month,Electronic check,Fiber optic,100.50,514,Yes,High Risk,0-12 months
0702-PGIBZ,MALE,0,No,Yes,4,Month-to-month,Electronic check,Fiber optic,101.70,364,Yes,High Risk,0-12 months
0722-TROQR,FEMALE,1,No,No,4,Month-to-month,Electronic check,Fiber optic,74.90,321,Yes,High Risk,0-12 months
0697-ZMSWS,MALE,0,No,No,4,Month-to-month,Electronic check,Fiber optic,85.65,338,Yes,High Risk,0-12 months
0742-MOABM,MALE,0,yes,No,4,Month-to-month,Mailed check,DSL,50.05,179,Yes,High Risk,0-12 months
0219-YTZUE,MALE,0,yes,Yes,4,Month-to-month,Bank transfer (automatic),Fiber optic,84.80,371,Yes,High Risk,0-12 months
0004-TLHLJ,MALE,0,No,No,4,Month-to-month,Electronic check,Fiber optic,73.90,280,Yes,High Risk,0-12 months
0031-PVLZI,FEMALE,0,yes,Yes,4,Month-to-month,Mailed check,No,20.35,76,Yes,High Risk,0-12 months
1602-IJQQE,FEMALE,0,No,No,4,Month-to-month,Electronic check,Fiber optic,75.35,338,Yes,High Risk,0-12 months
1565-RHDJD,FEMALE,0,No,Yes,4,Month-to-month,Bank transfer (automatic),Fiber optic,84.05,333,Yes,High Risk,0-12 months
1374-DMZUI,FEMALE,1,No,No,4,Month-to-month,Electronic check,Fiber optic,94.30,424,Yes,High Risk,0-12 months
1260-TTRXI,MALE,0,No,No,4,Month-to-month,Electronic check,DSL,54.30,195,Yes,High Risk,0-12 months
1273-MTETI,FEMALE,1,No,No,4,Month-to-month,Electronic check,Fiber optic,88.85,372,Yes,High Risk,0-12 months
0880-TKATG,MALE,0,yes,Yes,4,Month-to-month,Electronic check,Fiber optic,101.15,385,Yes,High Risk,0-12 months
1731-TVIUK,FEMALE,0,No,No,4,Month-to-month,Electronic check,Fiber optic,93.50,362,Yes,High Risk,0-12 months
2495-INZWQ,MALE,0,No,No,4,Month-to-month,Electronic check,DSL,44.55,174,Yes,High Risk,0-12 months
2391-SOORI,MALE,0,No,Yes,4,Month-to-month,Electronic check,DSL,49.35,219,Yes,High Risk,0-12 months
2108-YKQTY,FEMALE,0,No,No,4,Month-to-month,Credit card (automatic),DSL,50.70,151,Yes,High Risk,0-12 months
2141-RRYGO,FEMALE,0,No,No,4,Month-to-month,Bank transfer (automatic),DSL,68.65,261,Yes,High Risk,0-12 months
2235-ZGKPT,FEMALE,0,yes,Yes,4,Month-to-month,Mailed check,DSL,50.85,239,Yes,High Risk,0-12 months
2265-CYWIV,FEMALE,1,yes,No,4,Month-to-month,Electronic check,Fiber optic,99.60,347,Yes,High Risk,0-12 months
2865-TCHJW,FEMALE,1,No,No,4,Month-to-month,Electronic check,Fiber optic,89.20,346,Yes,High Risk,0-12 months
2718-GAXQD,FEMALE,1,yes,Yes,4,Month-to-month,Electronic check,DSL,46.00,181,Yes,High Risk,0-12 months
2636-OHFMN,MALE,0,yes,No,4,Month-to-month,Electronic check,DSL,48.55,201,Yes,High Risk,0-12 months
2656-TABEH,MALE,0,yes,No,4,Month-to-month,Electronic check,Fiber optic,100.20,420,Yes,High Risk,0-12 months
2608-BHKFN,FEMALE,0,No,No,4,Month-to-month,Credit card (automatic),Fiber optic,70.05,266,Yes,High Risk,0-12 months
2612-RRIDN,MALE,0,No,No,4,Month-to-month,Electronic check,Fiber optic,81.00,340,Yes,High Risk,0-12 months
2626-URJFX,MALE,0,yes,Yes,4,Month-to-month,Electronic check,DSL,50.90,225,Yes,High Risk,0-12 months
2568-BRGYX,MALE,0,No,No,4,Month-to-month,Electronic check,Fiber optic,70.20,237,Yes,High Risk,0-12 months
2959-MJHIC,MALE,0,yes,No,4,Month-to-month,Electronic check,Fiber optic,80.35,307,Yes,High Risk,0-12 months
2951-QOQTK,MALE,0,No,Yes,4,Month-to-month,Credit card (automatic),Fiber optic,80.80,332,Yes,High Risk,0-12 months
2919-HBCJO,FEMALE,0,No,No,4,Month-to-month,Bank transfer (automatic),Fiber optic,76.65,333,Yes,High Risk,0-12 months
2984-MIIZL,MALE,0,No,No,4,Month-to-month,Bank transfer (automatic),Fiber optic,74.80,321,Yes,High Risk,0-12 months
3249-ZPQRG,MALE,0,No,No,4,Month-to-month,Electronic check,Fiber optic,78.45,330,Yes,High Risk,0-12 months
4806-KEXQR,MALE,0,No,No,4,Month-to-month,Electronic check,Fiber optic,79.90,324,Yes,High Risk,0-12 months
4763-PGDPO,FEMALE,0,No,No,4,Month-to-month,Electronic check,Fiber optic,70.40,281,Yes,High Risk,0-12 months
4750-ZRXIU,FEMALE,1,No,No,4,Month-to-month,Electronic check,Fiber optic,84.60,360,Yes,High Risk,0-12 months
4585-HETAI,FEMALE,0,yes,Yes,4,Month-to-month,Electronic check,Fiber optic,73.75,325,Yes,High Risk,0-12 months
4210-QFJMF,FEMALE,0,No,No,4,Month-to-month,Electronic check,Fiber optic,79.15,317,Yes,High Risk,0-12 months
4228-ZGYUW,MALE,0,No,No,4,Month-to-month,Electronic check,Fiber optic,90.05,368,Yes,High Risk,0-12 months
3671-SHRSP,MALE,0,yes,No,4,Month-to-month,Mailed check,Fiber optic,80.60,319,Yes,High Risk,0-12 months
3376-BMGFE,FEMALE,0,No,No,4,Month-to-month,Bank transfer (automatic),Fiber optic,70.90,273,Yes,High Risk,0-12 months
3932-CMDTD,FEMALE,0,No,No,4,One year,Electronic check,Fiber optic,105.65,443,Yes,High Risk,0-12 months
3859-CVCET,FEMALE,0,No,No,4,Month-to-month,Mailed check,DSL,45.65,191,Yes,High Risk,0-12 months
3806-DXQOM,FEMALE,0,No,No,4,Month-to-month,Electronic check,DSL,33.65,137,Yes,High Risk,0-12 months
5419-CONWX,FEMALE,1,No,No,4,Month-to-month,Credit card (automatic),Fiber optic,99.80,442,Yes,High Risk,0-12 months
5261-QSHQM,FEMALE,0,No,No,4,Month-to-month,Electronic check,DSL,24.45,86,Yes,High Risk,0-12 months
5295-PCJOO,MALE,0,No,Yes,4,Month-to-month,Electronic check,DSL,49.40,184,Yes,High Risk,0-12 months
5482-NUPNA,FEMALE,0,No,No,4,Month-to-month,Mailed check,DSL,60.40,272,Yes,High Risk,0-12 months
4951-UKAAQ,FEMALE,0,No,No,4,Month-to-month,Electronic check,Fiber optic,88.95,355,Yes,High Risk,0-12 months
4952-YSOGZ,FEMALE,0,yes,Yes,4,Month-to-month,Electronic check,Fiber optic,85.95,381,Yes,High Risk,0-12 months
5167-GBFRE,MALE,1,No,No,4,Month-to-month,Bank transfer (automatic),DSL,25.20,102,Yes,High Risk,0-12 months
5175-AOBHI,FEMALE,0,No,No,4,Month-to-month,Mailed check,DSL,46.00,193,Yes,High Risk,0-12 months
5650-VDUDS,FEMALE,0,No,No,4,Month-to-month,Mailed check,DSL,24.25,96,Yes,High Risk,0-12 months
5687-DKDTV,FEMALE,0,No,No,4,Month-to-month,Mailed check,No,20.35,77,Yes,High Risk,0-12 months
5729-KLZAR,FEMALE,0,yes,Yes,4,Month-to-month,Electronic check,Fiber optic,80.85,302,Yes,High Risk,0-12 months
5949-EBSQK,MALE,0,yes,Yes,4,Month-to-month,Credit card (automatic),DSL,61.45,229,Yes,High Risk,0-12 months
6376-GAHQE,MALE,0,No,No,4,Month-to-month,Electronic check,Fiber optic,77.85,299,Yes,High Risk,0-12 months
6108-OQZDQ,FEMALE,0,yes,Yes,4,Month-to-month,Electronic check,Fiber optic,97.95,384,Yes,High Risk,0-12 months
9565-DJPIB,FEMALE,0,No,Yes,4,Month-to-month,Mailed check,Fiber optic,89.60,365,Yes,High Risk,0-12 months
9462-MJUAW,MALE,0,No,No,4,Month-to-month,Mailed check,DSL,50.40,206,Yes,High Risk,0-12 months
9430-FRQOC,FEMALE,0,No,Yes,4,Month-to-month,Mailed check,Fiber optic,87.10,341,Yes,High Risk,0-12 months
9408-SSNVZ,FEMALE,0,No,No,4,Month-to-month,Electronic check,Fiber optic,70.15,268,Yes,High Risk,0-12 months
8976-OQHGT,FEMALE,0,yes,Yes,4,Month-to-month,Mailed check,DSL,56.50,235,Yes,High Risk,0-12 months
9231-ZJYAM,FEMALE,1,No,No,4,Month-to-month,Electronic check,Fiber optic,78.85,292,Yes,High Risk,0-12 months
9274-CNFMO,MALE,1,yes,No,4,Month-to-month,Electronic check,Fiber optic,74.95,308,Yes,High Risk,0-12 months
8650-RHRKE,MALE,0,No,No,4,Month-to-month,Electronic check,DSL,29.65,118,Yes,High Risk,0-12 months
8640-SDGKB,MALE,0,No,No,4,Month-to-month,Electronic check,DSL,74.40,299,Yes,High Risk,0-12 months
8752-STIVR,FEMALE,0,No,No,4,Month-to-month,Electronic check,Fiber optic,79.00,303,Yes,High Risk,0-12 months
8443-ZRDBZ,MALE,0,No,No,4,Month-to-month,Electronic check,Fiber optic,76.05,318,Yes,High Risk,0-12 months
8361-LTMKD,MALE,1,yes,No,4,Month-to-month,Mailed check,Fiber optic,74.40,306,Yes,High Risk,0-12 months
8229-TNIQA,FEMALE,0,No,No,4,Month-to-month,Mailed check,DSL,45.30,196,Yes,High Risk,0-12 months
8111-RKSPX,MALE,0,No,No,4,Month-to-month,Bank transfer (automatic),Fiber optic,72.20,305,Yes,High Risk,0-12 months
8083-YTZES,MALE,0,No,No,4,Month-to-month,Electronic check,Fiber optic,74.35,265,Yes,High Risk,0-12 months
8098-LLAZX,FEMALE,1,No,No,4,Month-to-month,Electronic check,Fiber optic,95.45,396,Yes,High Risk,0-12 months
6923-EFPNL,MALE,0,No,No,4,Month-to-month,Credit card (automatic),DSL,51.75,201,Yes,High Risk,0-12 months
6892-EZDTG,FEMALE,0,yes,No,4,Month-to-month,Electronic check,Fiber optic,91.65,365,Yes,High Risk,0-12 months
7228-OMTPN,MALE,0,No,No,4,Month-to-month,Electronic check,Fiber optic,88.45,370,Yes,High Risk,0-12 months
7341-LXCAF,MALE,0,yes,No,4,Month-to-month,Electronic check,Fiber optic,74.65,301,Yes,High Risk,0-12 months
7295-JOMMD,FEMALE,0,No,Yes,4,Month-to-month,Bank transfer (automatic),Fiber optic,98.10,396,Yes,High Risk,0-12 months
7488-MXJIV,FEMALE,0,No,No,4,Month-to-month,Electronic check,Fiber optic,85.65,321,Yes,High Risk,0-12 months
7786-WBJYI,FEMALE,0,No,No,4,Month-to-month,Bank transfer (automatic),Fiber optic,77.95,305,Yes,High Risk,0-12 months
9763-PDTKK,FEMALE,0,No,No,4,Month-to-month,Bank transfer (automatic),Fiber optic,94.40,387,Yes,High Risk,0-12 months
9986-BONCE,FEMALE,0,No,No,4,Month-to-month,Bank transfer (automatic),No,20.95,85,Yes,High Risk,0-12 months
3237-AJGEH,FEMALE,0,yes,Yes,3,Month-to-month,Mailed check,DSL,31.00,95,Yes,High Risk,0-12 months
3198-VELRD,FEMALE,0,yes,Yes,3,Month-to-month,Bank transfer (automatic),Fiber optic,84.75,264,Yes,High Risk,0-12 months
3049-SOLAY,FEMALE,0,yes,No,3,Month-to-month,Electronic check,Fiber optic,95.20,292,Yes,High Risk,0-12 months
2592-SEIFQ,MALE,0,No,No,3,Month-to-month,Electronic check,DSL,24.75,66,Yes,High Risk,0-12 months
2276-YDAVZ,FEMALE,0,No,No,3,Month-to-month,Credit card (automatic),Fiber optic,75.10,270,Yes,High Risk,0-12 months
2055-PDADH,FEMALE,1,No,No,3,Month-to-month,Electronic check,Fiber optic,70.40,204,Yes,High Risk,0-12 months
2108-XWMPY,MALE,0,No,No,3,Month-to-month,Mailed check,DSL,35.45,106,Yes,High Risk,0-12 months
1980-KXVPM,FEMALE,1,No,No,3,Month-to-month,Credit card (automatic),Fiber optic,75.05,256,Yes,High Risk,0-12 months
0925-VYDLG,FEMALE,0,No,No,3,Month-to-month,Electronic check,Fiber optic,75.25,242,Yes,High Risk,0-12 months
0923-PNFUB,FEMALE,0,No,No,3,Month-to-month,Electronic check,Fiber optic,83.75,247,Yes,High Risk,0-12 months
1087-UDSIH,FEMALE,0,No,No,3,Month-to-month,Mailed check,No,19.60,59,Yes,High Risk,0-12 months
1320-HTRDR,FEMALE,0,No,No,3,Month-to-month,Electronic check,Fiber optic,75.50,220,Yes,High Risk,0-12 months
1389-CXMLU,MALE,1,No,No,3,Month-to-month,Electronic check,Fiber optic,91.05,289,Yes,High Risk,0-12 months
1400-MMYXY,MALE,1,yes,No,3,Month-to-month,Electronic check,Fiber optic,105.90,334,Yes,High Risk,0-12 months
1449-XQEMT,MALE,0,No,No,3,Month-to-month,Mailed check,No,19.80,58,Yes,High Risk,0-12 months
1589-AGTLK,MALE,0,No,No,3,Month-to-month,Electronic check,DSL,45.35,141,Yes,High Risk,0-12 months
1678-FYZOW,FEMALE,0,No,No,3,Month-to-month,Electronic check,Fiber optic,79.40,244,Yes,High Risk,0-12 months
0013-EXCHZ,FEMALE,1,yes,No,3,Month-to-month,Mailed check,Fiber optic,83.90,267,Yes,High Risk,0-12 months
0137-UDEUO,FEMALE,0,No,No,3,Month-to-month,Mailed check,No,19.85,63,Yes,High Risk,0-12 months
0268-QKIWO,FEMALE,0,No,No,3,Month-to-month,Electronic check,No,19.75,58,Yes,High Risk,0-12 months
0334-GDDSO,MALE,1,No,No,3,Month-to-month,Electronic check,Fiber optic,81.35,233,Yes,High Risk,0-12 months
0329-GTIAJ,FEMALE,0,No,No,3,Month-to-month,Electronic check,Fiber optic,97.90,315,Yes,High Risk,0-12 months
0404-SWRVG,MALE,0,No,No,3,Month-to-month,Electronic check,Fiber optic,74.40,229,Yes,High Risk,0-12 months
0378-TOVMS,FEMALE,0,No,No,3,Month-to-month,Electronic check,Fiber optic,85.80,272,Yes,High Risk,0-12 months
0772-GYEQQ,MALE,0,No,No,3,Month-to-month,Mailed check,Fiber optic,88.35,262,Yes,High Risk,0-12 months
0807-ZABDG,FEMALE,0,No,Yes,3,Month-to-month,Mailed check,DSL,55.10,154,Yes,High Risk,0-12 months
6110-OHIHY,MALE,0,No,No,3,Month-to-month,Electronic check,Fiber optic,79.25,267,Yes,High Risk,0-12 months
6204-IEUXJ,FEMALE,0,No,No,3,Month-to-month,Credit card (automatic),Fiber optic,80.10,217,Yes,High Risk,0-12 months
6161-UUUTA,MALE,1,No,No,3,Month-to-month,Electronic check,Fiber optic,79.90,260,Yes,High Risk,0-12 months
6168-WFVVF,FEMALE,1,No,No,3,Month-to-month,Electronic check,Fiber optic,70.30,235,Yes,High Risk,0-12 months
6338-AVWCY,MALE,0,No,No,3,Month-to-month,Mailed check,DSL,40.15,130,Yes,High Risk,0-12 months
6304-IJFSQ,MALE,0,No,No,3,Month-to-month,Mailed check,DSL,49.90,130,Yes,High Risk,0-12 months
6023-YEBUP,MALE,0,No,No,3,Month-to-month,Electronic check,Fiber optic,100.95,329,Yes,High Risk,0-12 months
5896-NPFWW,MALE,0,yes,Yes,3,Month-to-month,Electronic check,DSL,50.15,168,Yes,High Risk,0-12 months
5835-BEQEU,MALE,0,No,No,3,Month-to-month,Electronic check,Fiber optic,76.95,228,Yes,High Risk,0-12 months
5759-RCVCB,FEMALE,0,No,No,3,Month-to-month,Credit card (automatic),DSL,35.20,108,Yes,High Risk,0-12 months
5095-AESKG,FEMALE,0,yes,No,3,Month-to-month,Credit card (automatic),Fiber optic,91.50,242,Yes,High Risk,0-12 months
5052-PNLOS,MALE,0,No,No,3,Month-to-month,Bank transfer (automatic),Fiber optic,105.35,323,Yes,High Risk,0-12 months
4919-MOAVT,MALE,0,No,Yes,3,Month-to-month,Electronic check,Fiber optic,69.65,220,Yes,High Risk,0-12 months
4918-QLLIW,MALE,0,No,No,3,Month-to-month,Credit card (automatic),DSL,53.40,188,Yes,High Risk,0-12 months
5480-HPRRX,FEMALE,1,No,No,3,Month-to-month,Electronic check,DSL,25.30,77,Yes,High Risk,0-12 months
5442-UTCVD,MALE,0,No,Yes,3,Month-to-month,Electronic check,Fiber optic,91.85,257,Yes,High Risk,0-12 months
5567-WSELE,MALE,1,yes,No,3,Month-to-month,Electronic check,Fiber optic,94.60,279,Yes,High Risk,0-12 months
5570-PTWEH,FEMALE,0,yes,No,3,Month-to-month,Credit card (automatic),Fiber optic,75.15,216,Yes,High Risk,0-12 months
5299-SJCZT,MALE,0,No,No,3,Month-to-month,Bank transfer (automatic),Fiber optic,101.55,298,Yes,High Risk,0-12 months
3815-SLMEF,FEMALE,0,No,No,3,Month-to-month,Mailed check,DSL,34.25,139,Yes,High Risk,0-12 months
3329-WDIOK,FEMALE,0,No,No,3,Month-to-month,Electronic check,DSL,50.60,155,Yes,High Risk,0-12 months
3656-TKRVZ,FEMALE,0,No,No,3,Month-to-month,Electronic check,DSL,55.35,165,Yes,High Risk,0-12 months
3519-ZKXGG,FEMALE,0,yes,No,3,Month-to-month,Electronic check,Fiber optic,75.85,256,Yes,High Risk,0-12 months
3538-WZPHD,MALE,0,No,No,3,Month-to-month,Electronic check,DSL,29.60,79,Yes,High Risk,0-12 months
4290-BSXUX,MALE,0,yes,No,3,Month-to-month,Bank transfer (automatic),Fiber optic,79.65,251,Yes,High Risk,0-12 months
4140-MUHUG,FEMALE,1,No,No,3,Month-to-month,Electronic check,Fiber optic,86.85,220,Yes,High Risk,0-12 months
4184-TJFAN,FEMALE,1,yes,Yes,3,Month-to-month,Mailed check,Fiber optic,88.30,273,Yes,High Risk,0-12 months
4086-YQSNZ,FEMALE,1,yes,No,3,Month-to-month,Electronic check,Fiber optic,80.40,224,Yes,High Risk,0-12 months
4430-UZIPO,MALE,0,No,No,3,Month-to-month,Mailed check,DSL,36.85,108,Yes,High Risk,0-12 months
4484-CGXFK,FEMALE,0,No,No,3,Month-to-month,Electronic check,DSL,55.30,196,Yes,High Risk,0-12 months
4398-HSCJH,FEMALE,0,No,No,3,Month-to-month,Electronic check,DSL,63.60,155,Yes,High Risk,0-12 months
4390-KYULV,MALE,0,yes,No,3,Month-to-month,Credit card (automatic),No,20.55,51,Yes,High Risk,0-12 months
4587-NUKOX,FEMALE,0,No,No,3,Month-to-month,Electronic check,Fiber optic,79.10,246,Yes,High Risk,0-12 months
4592-IWTJI,FEMALE,0,yes,Yes,3,Month-to-month,Credit card (automatic),DSL,29.70,91,Yes,High Risk,0-12 months
4581-SSPWD,FEMALE,0,No,No,3,Month-to-month,Electronic check,Fiber optic,75.80,246,Yes,High Risk,0-12 months
6424-ELEYH,FEMALE,0,yes,No,3,Month-to-month,Credit card (automatic),Fiber optic,74.75,229,Yes,High Risk,0-12 months
7675-OZCZG,FEMALE,1,No,No,3,Month-to-month,Electronic check,DSL,45.00,127,Yes,High Risk,0-12 months
7890-VYYWG,MALE,1,yes,No,3,Month-to-month,Mailed check,DSL,36.45,93,Yes,High Risk,0-12 months
7938-OUHIO,MALE,0,No,No,3,Month-to-month,Electronic check,Fiber optic,98.70,293,Yes,High Risk,0-12 months
7963-GQRMY,FEMALE,0,yes,Yes,3,Month-to-month,Mailed check,DSL,44.30,134,Yes,High Risk,0-12 months
7587-RZNME,MALE,0,No,No,3,Month-to-month,Electronic check,DSL,43.30,123,Yes,High Risk,0-12 months
7576-OYWBN,MALE,1,No,No,3,Month-to-month,Electronic check,Fiber optic,76.05,231,Yes,High Risk,0-12 months
7273-TEFQD,MALE,1,No,No,3,Month-to-month,Electronic check,DSL,41.15,132,Yes,High Risk,0-12 months
7379-POKDZ,MALE,0,yes,No,3,Month-to-month,Electronic check,Fiber optic,70.30,208,Yes,High Risk,0-12 months
7384-GHBPI,MALE,0,yes,No,3,Month-to-month,Electronic check,DSL,35.15,99,Yes,High Risk,0-12 months
7074-IEVOJ,FEMALE,1,No,No,3,Month-to-month,Electronic check,Fiber optic,79.40,205,Yes,High Risk,0-12 months
6956-SMUCM,FEMALE,0,No,No,3,Month-to-month,Credit card (automatic),Fiber optic,99.00,287,Yes,High Risk,0-12 months
6680-WKXRZ,FEMALE,0,No,No,3,Month-to-month,Bank transfer (automatic),Fiber optic,74.40,215,Yes,High Risk,0-12 months
6496-SLWHQ,MALE,1,No,No,3,Month-to-month,Electronic check,Fiber optic,105.00,294,Yes,High Risk,0-12 months
6776-TLWOI,MALE,0,No,No,3,Month-to-month,Mailed check,No,19.85,64,Yes,High Risk,0-12 months
8364-TRMMK,FEMALE,0,No,No,3,Month-to-month,Mailed check,DSL,50.65,151,Yes,High Risk,0-12 months
8258-GSTJK,MALE,1,No,No,3,Month-to-month,Electronic check,Fiber optic,77.00,237,Yes,High Risk,0-12 months
8806-EAGWC,MALE,0,No,No,3,Month-to-month,Mailed check,DSL,55.15,159,Yes,High Risk,0-12 months
8878-HMWBV,MALE,0,No,No,3,Month-to-month,Electronic check,DSL,49.15,169,Yes,High Risk,0-12 months
8824-RWFXJ,MALE,0,yes,Yes,3,Month-to-month,Mailed check,DSL,56.15,168,Yes,High Risk,0-12 months
8676-TRMJS,MALE,0,No,No,3,Month-to-month,Mailed check,Fiber optic,75.00,209,Yes,High Risk,0-12 months
8593-WHYHV,MALE,0,No,No,3,Month-to-month,Electronic check,Fiber optic,85.30,264,Yes,High Risk,0-12 months
9269-CQOOL,MALE,0,No,Yes,3,Month-to-month,Credit card (automatic),DSL,54.70,169,Yes,High Risk,0-12 months
9306-CPCBC,FEMALE,0,No,No,3,Month-to-month,Electronic check,Fiber optic,74.25,210,Yes,High Risk,0-12 months
8993-PHFWD,FEMALE,0,No,No,3,Month-to-month,Electronic check,DSL,25.25,58,Yes,High Risk,0-12 months
9048-JVYVF,MALE,0,No,No,3,Month-to-month,Electronic check,DSL,69.35,191,Yes,High Risk,0-12 months
9057-SIHCH,FEMALE,0,No,No,3,Month-to-month,Electronic check,Fiber optic,96.60,291,Yes,High Risk,0-12 months
9576-ANLXO,FEMALE,0,No,No,3,Month-to-month,Bank transfer (automatic),Fiber optic,69.55,222,Yes,High Risk,0-12 months
9611-CTWIH,FEMALE,0,No,No,3,Month-to-month,Electronic check,Fiber optic,89.45,240,Yes,High Risk,0-12 months
9944-HKVVB,FEMALE,0,No,No,3,Month-to-month,Electronic check,Fiber optic,95.10,307,Yes,High Risk,0-12 months
9897-KXHCM,FEMALE,0,yes,Yes,3,Month-to-month,Electronic check,Fiber optic,80.30,250,Yes,High Risk,0-12 months
9837-BMCLM,MALE,0,No,No,3,Month-to-month,Electronic check,Fiber optic,78.50,242,Yes,High Risk,0-12 months
9850-OWRHQ,FEMALE,0,yes,No,3,Month-to-month,Credit card (automatic),Fiber optic,74.10,228,Yes,High Risk,0-12 months
0822-GAVAP,FEMALE,0,No,No,2,Month-to-month,Electronic check,DSL,34.70,62,Yes,High Risk,0-12 months
0754-UKWQP,MALE,0,No,No,2,Month-to-month,Electronic check,Fiber optic,95.85,197,Yes,High Risk,0-12 months
0746-JTRFU,MALE,0,No,No,2,Month-to-month,Electronic check,DSL,25.05,56,Yes,High Risk,0-12 months
0685-MLYYM,FEMALE,1,No,No,2,Month-to-month,Electronic check,Fiber optic,70.75,154,Yes,High Risk,0-12 months
0637-KVDLV,MALE,0,No,No,2,Month-to-month,Electronic check,Fiber optic,76.50,162,Yes,High Risk,0-12 months
0388-EOPEX,FEMALE,0,yes,No,2,Month-to-month,Electronic check,Fiber optic,74.40,139,Yes,High Risk,0-12 months
0259-GBZSH,MALE,0,No,No,2,Month-to-month,Electronic check,Fiber optic,85.65,181,Yes,High Risk,0-12 months
0322-CHQRU,MALE,0,No,No,2,Month-to-month,Electronic check,DSL,45.35,89,Yes,High Risk,0-12 months
0133-BMFZO,FEMALE,0,No,No,2,Month-to-month,Electronic check,Fiber optic,86.25,181,Yes,High Risk,0-12 months
0220-EBGCE,MALE,0,No,No,2,Month-to-month,Electronic check,Fiber optic,85.85,167,Yes,High Risk,0-12 months
0067-DKWBL,MALE,1,No,No,2,Month-to-month,Electronic check,DSL,49.25,91,Yes,High Risk,0-12 months
1597-FZREH,FEMALE,0,No,No,2,Month-to-month,Electronic check,DSL,76.40,160,Yes,High Risk,0-12 months
1618-CFHME,FEMALE,0,No,No,2,Month-to-month,Electronic check,Fiber optic,75.90,143,Yes,High Risk,0-12 months
1501-SGHBW,MALE,0,No,No,2,Month-to-month,Mailed check,DSL,45.85,81,Yes,High Risk,0-12 months
1304-NECVQ,FEMALE,1,No,No,2,Month-to-month,Electronic check,Fiber optic,78.55,149,Yes,High Risk,0-12 months
1251-KRREG,MALE,0,No,No,2,Month-to-month,Mailed check,DSL,54.40,114,Yes,High Risk,0-12 months
1226-UDFZR,FEMALE,0,No,No,2,Month-to-month,Mailed check,DSL,49.60,114,Yes,High Risk,0-12 months
1142-WACZW,MALE,0,No,No,2,Month-to-month,Bank transfer (automatic),DSL,29.85,75,Yes,High Risk,0-12 months
1143-NMNQJ,FEMALE,0,No,No,2,Month-to-month,Electronic check,Fiber optic,85.70,169,Yes,High Risk,0-12 months
0883-EIBTI,FEMALE,0,No,No,2,Month-to-month,Mailed check,No,19.50,31,Yes,High Risk,0-12 months
1981-INRFU,FEMALE,0,No,No,2,Month-to-month,Electronic check,Fiber optic,79.75,164,Yes,High Risk,0-12 months
2074-GKOWZ,MALE,0,yes,Yes,2,Month-to-month,Bank transfer (automatic),Fiber optic,89.55,185,Yes,High Risk,0-12 months
2034-GDRCN,FEMALE,0,No,No,2,Month-to-month,Electronic check,Fiber optic,90.40,168,Yes,High Risk,0-12 months
1875-QIVME,FEMALE,0,yes,No,2,Month-to-month,Electronic check,Fiber optic,104.40,242,Yes,High Risk,0-12 months
2260-USTRB,FEMALE,1,No,No,2,Month-to-month,Bank transfer (automatic),Fiber optic,70.20,115,Yes,High Risk,0-12 months
2485-ITVKB,FEMALE,0,yes,No,2,Month-to-month,Electronic check,DSL,35.10,68,Yes,High Risk,0-12 months
2372-HWUHI,MALE,0,No,No,2,Month-to-month,Electronic check,DSL,44.35,81,Yes,High Risk,0-12 months
2516-VQRRV,FEMALE,1,No,No,2,Month-to-month,Mailed check,Fiber optic,75.45,158,Yes,High Risk,0-12 months
2720-WGKHP,MALE,1,No,No,2,Month-to-month,Electronic check,Fiber optic,94.00,181,Yes,High Risk,0-12 months
2737-WFVYW,FEMALE,0,No,No,2,Month-to-month,Electronic check,DSL,45.25,85,Yes,High Risk,0-12 months
2737-YNGYW,FEMALE,0,No,No,2,Month-to-month,Electronic check,Fiber optic,80.55,184,Yes,High Risk,0-12 months
2761-OCIAX,MALE,1,No,No,2,Month-to-month,Electronic check,Fiber optic,74.70,165,Yes,High Risk,0-12 months
2868-SNELZ,FEMALE,0,No,No,2,Month-to-month,Mailed check,Fiber optic,80.60,155,Yes,High Risk,0-12 months
2839-RFSQE,FEMALE,0,No,No,2,Month-to-month,Mailed check,No,20.65,38,Yes,High Risk,0-12 months
2842-JTCCU,MALE,0,No,No,2,Month-to-month,Bank transfer (automatic),DSL,46.05,80,Yes,High Risk,0-12 months
3006-XIMLN,FEMALE,0,No,Yes,2,Month-to-month,Bank transfer (automatic),Fiber optic,94.20,193,Yes,High Risk,0-12 months
2933-FILNV,FEMALE,0,yes,Yes,2,Month-to-month,Mailed check,DSL,24.40,36,Yes,High Risk,0-12 months
2962-XPMCQ,MALE,0,No,No,2,Month-to-month,Electronic check,DSL,45.15,98,Yes,High Risk,0-12 months
2983-ZANRP,FEMALE,0,yes,Yes,2,Month-to-month,Bank transfer (automatic),Fiber optic,73.55,145,Yes,High Risk,0-12 months
3158-MOERK,FEMALE,0,No,No,2,Month-to-month,Electronic check,Fiber optic,96.00,174,Yes,High Risk,0-12 months
3097-NNSPB,FEMALE,0,No,No,2,Month-to-month,Credit card (automatic),DSL,49.05,91,Yes,High Risk,0-12 months
3097-NQYSN,MALE,1,yes,No,2,Month-to-month,Mailed check,Fiber optic,86.85,156,Yes,High Risk,0-12 months
6474-FVJLC,MALE,0,No,No,2,Month-to-month,Electronic check,Fiber optic,86.00,165,Yes,High Risk,0-12 months
4529-CKBCL,FEMALE,0,No,No,2,Month-to-month,Electronic check,Fiber optic,80.20,146,Yes,High Risk,0-12 months
4629-NRXKX,FEMALE,0,yes,Yes,2,Month-to-month,Electronic check,Fiber optic,70.40,147,Yes,High Risk,0-12 months
4662-EKDPQ,MALE,0,No,No,2,Month-to-month,Bank transfer (automatic),DSL,62.05,118,Yes,High Risk,0-12 months
4671-LXRDQ,MALE,0,No,No,2,Month-to-month,Mailed check,DSL,45.00,96,Yes,High Risk,0-12 months
4713-LZDRV,FEMALE,1,No,No,2,Month-to-month,Electronic check,Fiber optic,79.60,195,Yes,High Risk,0-12 months
4695-WJZUE,FEMALE,1,No,No,2,Month-to-month,Electronic check,Fiber optic,88.55,179,Yes,High Risk,0-12 months
4816-JBHOV,MALE,1,No,No,2,Month-to-month,Electronic check,DSL,44.70,93,Yes,High Risk,0-12 months
4342-HENTK,FEMALE,1,No,No,2,Month-to-month,Electronic check,Fiber optic,70.65,142,Yes,High Risk,0-12 months
4464-JCOLN,MALE,0,yes,Yes,2,One year,Mailed check,No,19.85,35,Yes,High Risk,0-12 months
4512-ZUIYL,FEMALE,0,No,No,2,Month-to-month,Bank transfer (automatic),Fiber optic,70.00,153,Yes,High Risk,0-12 months
4432-ADRLB,MALE,0,No,No,2,Month-to-month,Mailed check,DSL,44.65,74,Yes,High Risk,0-12 months
4424-TKOPW,MALE,1,No,No,2,Month-to-month,Electronic check,Fiber optic,93.85,196,Yes,High Risk,0-12 months
4195-SMMNX,MALE,0,No,No,2,Month-to-month,Mailed check,No,20.35,33,Yes,High Risk,0-12 months
4208-UFFGW,MALE,1,No,No,2,Month-to-month,Mailed check,DSL,44.95,85,Yes,High Risk,0-12 months
3668-QPYBK,MALE,0,No,No,2,Month-to-month,Mailed check,DSL,53.85,108,Yes,High Risk,0-12 months
3677-IYRBF,FEMALE,1,No,No,2,Month-to-month,Electronic check,DSL,30.40,78,Yes,High Risk,0-12 months
3415-TAILE,FEMALE,0,yes,Yes,2,Month-to-month,Mailed check,DSL,65.70,134,Yes,High Risk,0-12 months
3866-MDTUB,FEMALE,0,No,No,2,Month-to-month,Electronic check,DSL,70.75,146,Yes,High Risk,0-12 months
3750-CKVKH,MALE,0,No,No,2,Month-to-month,Electronic check,Fiber optic,67.75,116,Yes,High Risk,0-12 months
3754-DXMRT,MALE,1,No,No,2,Month-to-month,Electronic check,DSL,44.15,92,Yes,High Risk,0-12 months
3721-CNEYS,FEMALE,0,No,No,2,Month-to-month,Electronic check,Fiber optic,70.95,137,Yes,High Risk,0-12 months
3703-VAVCL,MALE,0,yes,Yes,2,Month-to-month,Credit card (automatic),Fiber optic,90.00,190,Yes,High Risk,0-12 months
4030-VPZBD,FEMALE,0,No,No,2,Month-to-month,Electronic check,DSL,30.90,59,Yes,High Risk,0-12 months
5318-IXUZF,FEMALE,0,No,No,2,Month-to-month,Bank transfer (automatic),Fiber optic,87.15,183,Yes,High Risk,0-12 months
5276-KQWHG,FEMALE,1,No,No,2,Month-to-month,Electronic check,Fiber optic,69.60,131,Yes,High Risk,0-12 months
5277-ZLOOR,FEMALE,1,No,No,2,Month-to-month,Electronic check,Fiber optic,85.55,187,Yes,High Risk,0-12 months
5349-IECLD,MALE,0,No,No,2,Month-to-month,Electronic check,Fiber optic,94.95,178,Yes,High Risk,0-12 months
5561-NWEVX,FEMALE,1,yes,No,2,Month-to-month,Electronic check,Fiber optic,79.20,172,Yes,High Risk,0-12 months
5485-WUYWF,MALE,1,No,No,2,Month-to-month,Bank transfer (automatic),DSL,66.40,94,Yes,High Risk,0-12 months
5493-SDRDQ,MALE,0,No,No,2,Month-to-month,Mailed check,DSL,55.10,113,Yes,High Risk,0-12 months
5482-PLVPE,FEMALE,1,No,No,2,Month-to-month,Electronic check,DSL,24.35,41,Yes,High Risk,0-12 months
5028-GZLDO,MALE,0,No,No,2,Month-to-month,Credit card (automatic),Fiber optic,70.70,140,Yes,High Risk,0-12 months
4959-JOSRX,FEMALE,0,yes,No,2,Month-to-month,Credit card (automatic),DSL,44.60,80,Yes,High Risk,0-12 months
5159-YFPKQ,FEMALE,0,No,No,2,Month-to-month,Electronic check,Fiber optic,75.80,160,Yes,High Risk,0-12 months
5208-HFSBT,FEMALE,0,No,No,2,Month-to-month,Credit card (automatic),DSL,55.05,102,Yes,High Risk,0-12 months
5832-XKAES,MALE,0,No,No,2,Month-to-month,Credit card (automatic),Fiber optic,69.80,134,Yes,High Risk,0-12 months
5804-LEPIM,FEMALE,1,No,No,2,Month-to-month,Electronic check,Fiber optic,70.35,139,Yes,High Risk,0-12 months
5712-PTIWW,MALE,0,No,No,2,Month-to-month,Electronic check,Fiber optic,79.85,152,Yes,High Risk,0-12 months
5673-TIYIB,MALE,0,No,No,2,Month-to-month,Credit card (automatic),DSL,40.40,77,Yes,High Risk,0-12 months
5644-PDMZC,FEMALE,1,No,No,2,Month-to-month,Electronic check,Fiber optic,89.50,161,Yes,High Risk,0-12 months
5649-ANRML,MALE,1,No,No,2,Month-to-month,Credit card (automatic),Fiber optic,95.10,180,Yes,High Risk,0-12 months
6275-YDUVO,FEMALE,0,No,No,2,Month-to-month,Mailed check,Fiber optic,86.20,178,Yes,High Risk,0-12 months
6166-ILMNY,FEMALE,0,No,No,2,Month-to-month,Bank transfer (automatic),Fiber optic,69.75,144,Yes,High Risk,0-12 months
6221-AVQYL,MALE,0,No,No,2,Month-to-month,Credit card (automatic),Fiber optic,73.25,131,Yes,High Risk,0-12 months
9689-PTNPG,MALE,0,No,No,2,Month-to-month,Electronic check,Fiber optic,80.25,144,Yes,High Risk,0-12 months
9734-UYXQI,FEMALE,0,No,No,2,Month-to-month,Electronic check,DSL,49.40,106,Yes,High Risk,0-12 months
9546-CQJSU,FEMALE,0,No,No,2,Month-to-month,Electronic check,Fiber optic,91.40,193,Yes,High Risk,0-12 months
8943-URTMR,FEMALE,0,No,No,2,Month-to-month,Mailed check,Fiber optic,79.65,152,Yes,High Risk,0-12 months
9317-WZPGV,FEMALE,1,No,No,2,Month-to-month,Bank transfer (automatic),Fiber optic,79.75,159,Yes,High Risk,0-12 months
9237-HQITU,FEMALE,0,No,No,2,Month-to-month,Electronic check,Fiber optic,70.70,151,Yes,High Risk,0-12 months
8642-GVWRF,FEMALE,0,yes,No,2,Month-to-month,Bank transfer (automatic),Fiber optic,79.70,165,Yes,High Risk,0-12 months
8835-VSDSE,FEMALE,0,yes,No,2,Month-to-month,Electronic check,Fiber optic,70.70,141,Yes,High Risk,0-12 months
8263-JQAIK,MALE,1,No,No,2,Month-to-month,Mailed check,DSL,24.45,47,Yes,High Risk,0-12 months
8348-HFYIV,MALE,0,No,No,2,Month-to-month,Electronic check,DSL,49.25,90,Yes,High Risk,0-12 months
8450-JOVAH,MALE,0,yes,Yes,2,Month-to-month,Mailed check,DSL,56.70,113,Yes,High Risk,0-12 months
8433-WXGNA,MALE,0,No,No,2,Month-to-month,Electronic check,Fiber optic,75.70,189,Yes,High Risk,0-12 months
8413-VONUO,MALE,0,No,No,2,Month-to-month,Electronic check,Fiber optic,95.65,167,Yes,High Risk,0-12 months
8086-OVPWV,MALE,0,No,No,2,Month-to-month,Electronic check,Fiber optic,80.20,181,Yes,High Risk,0-12 months
8183-ONMXC,FEMALE,0,No,No,2,Month-to-month,Electronic check,Fiber optic,80.75,159,Yes,High Risk,0-12 months
6598-RFFVI,MALE,0,No,No,2,One year,Credit card (automatic),No,19.30,28,Yes,High Risk,0-12 months
6993-OHLXR,FEMALE,0,No,No,2,Month-to-month,Electronic check,Fiber optic,68.95,119,Yes,High Risk,0-12 months
7024-OHCCK,FEMALE,1,No,No,2,Month-to-month,Electronic check,Fiber optic,93.85,170,Yes,High Risk,0-12 months
7218-HKQFK,MALE,0,yes,No,2,Month-to-month,Electronic check,Fiber optic,94.20,167,Yes,High Risk,0-12 months
7235-NXZCP,MALE,1,No,No,2,Month-to-month,Mailed check,Fiber optic,74.85,156,Yes,High Risk,0-12 months
7198-GLXTC,MALE,0,No,No,2,Month-to-month,Electronic check,Fiber optic,79.00,143,Yes,High Risk,0-12 months
7377-DMMRI,MALE,0,No,No,2,Month-to-month,Electronic check,DSL,47.80,92,Yes,High Risk,0-12 months
7314-OXENN,MALE,0,No,No,2,Month-to-month,Electronic check,Fiber optic,82.00,184,Yes,High Risk,0-12 months
7579-OOPEC,FEMALE,1,yes,No,2,Month-to-month,Credit card (automatic),DSL,50.15,115,Yes,High Risk,0-12 months
7580-UGXNC,FEMALE,1,No,No,2,Month-to-month,Mailed check,DSL,54.85,104,Yes,High Risk,0-12 months
7571-YXDAD,FEMALE,0,No,No,2,Month-to-month,Credit card (automatic),Fiber optic,74.90,147,Yes,High Risk,0-12 months
7538-GWHML,FEMALE,0,No,No,2,Month-to-month,Electronic check,Fiber optic,69.65,145,Yes,High Risk,0-12 months
7598-UAASY,MALE,0,yes,No,2,Month-to-month,Electronic check,Fiber optic,76.40,151,Yes,High Risk,0-12 months
7615-ESMYF,FEMALE,0,yes,No,2,Month-to-month,Electronic check,DSL,44.60,97,Yes,High Risk,0-12 months
7881-EVUAD,FEMALE,0,No,No,2,Month-to-month,Electronic check,DSL,42.60,72,Yes,High Risk,0-12 months
7760-OYPDY,FEMALE,0,No,No,2,Month-to-month,Electronic check,Fiber optic,80.65,144,Yes,High Risk,0-12 months
7841-TZDMQ,MALE,0,No,No,2,Month-to-month,Credit card (automatic),DSL,46.00,84,Yes,High Risk,0-12 months
7851-WZEKY,FEMALE,0,No,No,2,Month-to-month,Electronic check,Fiber optic,95.15,196,Yes,High Risk,0-12 months
7854-EKTJL,FEMALE,0,No,Yes,2,Month-to-month,Electronic check,No,19.60,35,Yes,High Risk,0-12 months
7817-BOQPW,FEMALE,0,No,No,2,Month-to-month,Electronic check,Fiber optic,75.55,166,Yes,High Risk,0-12 months
9878-TNQGW,MALE,0,No,No,2,Month-to-month,Electronic check,Fiber optic,80.95,171,Yes,High Risk,0-12 months
3091-FYHKI,MALE,0,No,No,1,Month-to-month,Electronic check,DSL,35.45,35,Yes,High Risk,0-12 months
3085-QUOZK,FEMALE,0,No,No,1,Month-to-month,Mailed check,DSL,43.95,43,Yes,High Risk,0-12 months
3177-LASXD,FEMALE,0,No,No,1,Month-to-month,Electronic check,Fiber optic,71.35,71,Yes,High Risk,0-12 months
3165-HDOEW,MALE,0,yes,Yes,1,Month-to-month,Mailed check,DSL,45.85,45,Yes,High Risk,0-12 months
3148-BLQJT,MALE,0,No,No,1,Month-to-month,Mailed check,No,20.10,20,Yes,High Risk,0-12 months
3178-FESZO,FEMALE,0,No,No,1,Month-to-month,Credit card (automatic),Fiber optic,100.25,100,Yes,High Risk,0-12 months
3186-BAXNB,FEMALE,0,No,No,1,Month-to-month,Electronic check,Fiber optic,91.70,91,Yes,High Risk,0-12 months
3244-DCJWY,FEMALE,0,No,No,1,Month-to-month,Electronic check,Fiber optic,70.25,70,Yes,High Risk,0-12 months
2982-IHMFT,FEMALE,1,No,No,1,Month-to-month,Mailed check,Fiber optic,74.45,74,Yes,High Risk,0-12 months
2955-PSXOE,FEMALE,0,No,No,1,Month-to-month,Bank transfer (automatic),No,20.20,20,Yes,High Risk,0-12 months
2947-DOMLJ,MALE,0,No,Yes,1,Month-to-month,Mailed check,DSL,50.60,50,Yes,High Risk,0-12 months
3027-ZTDHO,MALE,0,No,No,1,Month-to-month,Electronic check,Fiber optic,89.90,89,Yes,High Risk,0-12 months
3049-NDXFL,FEMALE,0,No,No,1,Month-to-month,Mailed check,Fiber optic,85.80,85,Yes,High Risk,0-12 months
3063-QFSZL,FEMALE,0,No,No,1,Month-to-month,Electronic check,DSL,55.40,55,Yes,High Risk,0-12 months
3066-RRJIO,FEMALE,0,No,No,1,Month-to-month,Mailed check,Fiber optic,69.95,69,Yes,High Risk,0-12 months
3068-OMWZA,MALE,1,No,No,1,Month-to-month,Electronic check,Fiber optic,88.80,88,Yes,High Risk,0-12 months
2833-SLKDQ,MALE,0,No,No,1,Month-to-month,Mailed check,DSL,45.05,45,Yes,High Risk,0-12 months
2868-MZAGQ,MALE,0,No,No,1,Month-to-month,Electronic check,Fiber optic,79.25,79,Yes,High Risk,0-12 months
2867-UIMSS,MALE,0,No,No,1,Month-to-month,Electronic check,Fiber optic,80.50,80,Yes,High Risk,0-12 months
2856-HYAPG,FEMALE,0,No,No,1,Month-to-month,Electronic check,Fiber optic,68.65,68,Yes,High Risk,0-12 months
2876-VBBBL,FEMALE,0,No,No,1,Month-to-month,Mailed check,No,20.25,20,Yes,High Risk,0-12 months
2777-PHDEI,FEMALE,0,No,No,1,Month-to-month,Electronic check,Fiber optic,78.05,78,Yes,High Risk,0-12 months
2725-KXXWT,MALE,0,yes,No,1,Month-to-month,Electronic check,Fiber optic,90.75,90,Yes,High Risk,0-12 months
2722-JMONI,FEMALE,1,yes,No,1,Month-to-month,Electronic check,DSL,49.55,49,Yes,High Risk,0-12 months
2514-GINMM,MALE,0,No,No,1,Month-to-month,Electronic check,Fiber optic,79.50,79,Yes,High Risk,0-12 months
2506-TNFCO,FEMALE,1,yes,No,1,Month-to-month,Electronic check,Fiber optic,69.55,69,Yes,High Risk,0-12 months
2565-JSLRY,MALE,0,No,No,1,Month-to-month,Mailed check,No,24.05,24,Yes,High Risk,0-12 months
2609-IAICY,FEMALE,0,No,No,1,Month-to-month,Electronic check,Fiber optic,77.15,77,Yes,High Risk,0-12 months
2619-WFQWU,FEMALE,0,No,No,1,Month-to-month,Mailed check,Fiber optic,70.15,70,Yes,High Risk,0-12 months
2636-ALXXZ,FEMALE,1,No,No,1,Month-to-month,Electronic check,Fiber optic,69.60,69,Yes,High Risk,0-12 months
2672-DZUOY,MALE,0,No,No,1,Month-to-month,Electronic check,DSL,25.15,25,Yes,High Risk,0-12 months
2386-LAHRK,MALE,0,No,No,1,Month-to-month,Mailed check,DSL,53.50,53,Yes,High Risk,0-12 months
2320-JRSDE,FEMALE,0,yes,Yes,1,Month-to-month,Electronic check,No,19.90,19,Yes,High Risk,0-12 months
2446-PLQVO,MALE,0,No,No,1,Month-to-month,Electronic check,Fiber optic,70.30,70,Yes,High Risk,0-12 months
2232-DMLXU,FEMALE,0,yes,No,1,Month-to-month,Mailed check,DSL,55.20,55,Yes,High Risk,0-12 months
2135-RXIHG,MALE,0,No,No,1,Month-to-month,Electronic check,DSL,45.65,45,Yes,High Risk,0-12 months
2207-NHRJK,MALE,0,No,No,1,Month-to-month,Electronic check,DSL,50.80,50,Yes,High Risk,0-12 months
2202-CUYXZ,MALE,0,No,No,1,Month-to-month,Electronic check,Fiber optic,84.85,84,Yes,High Risk,0-12 months
1853-UDXBW,MALE,0,yes,Yes,1,Month-to-month,Electronic check,Fiber optic,70.00,70,Yes,High Risk,0-12 months
1915-IOFGU,FEMALE,0,No,No,1,Month-to-month,Electronic check,Fiber optic,70.50,70,Yes,High Risk,0-12 months
1820-TQVEV,MALE,0,No,No,1,Month-to-month,Electronic check,Fiber optic,69.55,69,Yes,High Risk,0-12 months
1846-XWOQN,FEMALE,1,No,No,1,Month-to-month,Electronic check,Fiber optic,70.15,70,Yes,High Risk,0-12 months
1833-VGRUM,FEMALE,1,No,No,1,Month-to-month,Electronic check,Fiber optic,74.20,74,Yes,High Risk,0-12 months
1761-AEZZR,MALE,0,No,No,1,Month-to-month,Electronic check,Fiber optic,79.55,79,Yes,High Risk,0-12 months
1794-HBQTJ,FEMALE,0,No,No,1,Month-to-month,Credit card (automatic),DSL,48.60,48,Yes,High Risk,0-12 months
1768-ZAIFU,FEMALE,1,No,No,1,Month-to-month,Electronic check,DSL,25.20,25,Yes,High Risk,0-12 months
1725-MIMXW,MALE,0,No,Yes,1,Month-to-month,Mailed check,No,19.45,19,Yes,High Risk,0-12 months
1740-CSDJP,MALE,0,No,No,1,Month-to-month,Bank transfer (automatic),DSL,35.25,35,Yes,High Risk,0-12 months
2082-CEFLT,MALE,0,No,No,1,Month-to-month,Electronic check,DSL,45.60,45,Yes,High Risk,0-12 months
1976-CFOCS,FEMALE,1,yes,No,1,Month-to-month,Electronic check,DSL,46.00,46,Yes,High Risk,0-12 months
1977-STDKI,FEMALE,1,No,No,1,Month-to-month,Electronic check,Fiber optic,73.00,73,Yes,High Risk,0-12 months
2013-SGDXK,FEMALE,0,No,No,1,Month-to-month,Electronic check,Fiber optic,84.30,84,Yes,High Risk,0-12 months
2002-MZHWP,FEMALE,0,No,No,1,Month-to-month,Mailed check,No,20.50,20,Yes,High Risk,0-12 months
2024-BASKD,FEMALE,0,No,No,1,Month-to-month,Mailed check,Fiber optic,74.60,74,Yes,High Risk,0-12 months
2004-OCQXK,FEMALE,0,No,No,1,Month-to-month,Electronic check,Fiber optic,81.95,81,Yes,High Risk,0-12 months
1934-SJVJK,MALE,0,No,No,1,Month-to-month,Mailed check,No,20.15,20,Yes,High Risk,0-12 months
1963-SVUCV,MALE,0,No,No,1,Month-to-month,Electronic check,DSL,45.30,45,Yes,High Risk,0-12 months
1963-VAUKV,FEMALE,0,No,No,1,Month-to-month,Mailed check,No,20.40,20,Yes,High Risk,0-12 months
0841-NULXI,MALE,0,No,No,1,Month-to-month,Electronic check,DSL,35.55,35,Yes,High Risk,0-12 months
0887-HJGAR,MALE,0,No,No,1,Month-to-month,Mailed check,DSL,45.70,45,Yes,High Risk,0-12 months
1000-AJSLD,MALE,0,No,No,1,Month-to-month,Mailed check,No,20.10,20,Yes,High Risk,0-12 months
1024-GUALD,FEMALE,0,yes,No,1,Month-to-month,Electronic check,DSL,24.80,24,Yes,High Risk,0-12 months
1029-QFBEN,MALE,0,No,No,1,Month-to-month,Mailed check,No,19.55,19,Yes,High Risk,0-12 months
1031-IIDEO,FEMALE,0,No,No,1,Month-to-month,Electronic check,Fiber optic,70.85,70,Yes,High Risk,0-12 months
0970-ETWGE,MALE,0,No,No,1,Month-to-month,Electronic check,Fiber optic,89.55,89,Yes,High Risk,0-12 months
0968-GSIKN,FEMALE,0,No,No,1,Month-to-month,Mailed check,Fiber optic,70.80,70,Yes,High Risk,0-12 months
1157-BQCUW,MALE,0,No,No,1,Month-to-month,Electronic check,Fiber optic,74.95,74,Yes,High Risk,0-12 months
1240-KNSEZ,MALE,0,No,No,1,Month-to-month,Mailed check,No,20.10,20,Yes,High Risk,0-12 months
1086-LXKFY,FEMALE,0,yes,Yes,1,Month-to-month,Mailed check,Fiber optic,69.10,69,Yes,High Risk,0-12 months
1084-UQCHV,MALE,0,No,Yes,1,Month-to-month,Bank transfer (automatic),Fiber optic,69.75,69,Yes,High Risk,0-12 months
1066-JKSGK,MALE,0,No,No,1,Month-to-month,Mailed check,No,20.15,20,Yes,High Risk,0-12 months
1069-XAIEM,FEMALE,1,No,No,1,Month-to-month,Electronic check,Fiber optic,85.05,85,Yes,High Risk,0-12 months
1062-LHZOD,MALE,0,yes,Yes,1,Month-to-month,Mailed check,Fiber optic,69.90,69,Yes,High Risk,0-12 months
1122-JWTJW,MALE,0,yes,Yes,1,Month-to-month,Mailed check,Fiber optic,70.65,70,Yes,High Risk,0-12 months
1285-OKIPP,MALE,0,No,No,1,Month-to-month,Electronic check,Fiber optic,79.90,79,Yes,High Risk,0-12 months
1334-FJSVR,MALE,0,No,No,1,Month-to-month,Electronic check,DSL,24.25,24,Yes,High Risk,0-12 months
1415-YFWLT,FEMALE,1,No,No,1,Month-to-month,Electronic check,Fiber optic,89.30,89,Yes,High Risk,0-12 months
1447-GIQMR,MALE,0,yes,No,1,Month-to-month,Electronic check,Fiber optic,69.15,69,Yes,High Risk,0-12 months
1448-PWKYE,MALE,0,yes,Yes,1,Month-to-month,Electronic check,Fiber optic,80.00,80,Yes,High Risk,0-12 months
1363-TXLSL,MALE,1,yes,No,1,Month-to-month,Electronic check,Fiber optic,70.30,70,Yes,High Risk,0-12 months
1349-WXNGG,MALE,0,No,No,1,Month-to-month,Bank transfer (automatic),No,20.05,20,Yes,High Risk,0-12 months
1541-ETJZO,MALE,0,No,No,1,Month-to-month,Mailed check,DSL,62.05,62,Yes,High Risk,0-12 months
1455-ESIQH,MALE,0,No,No,1,Month-to-month,Electronic check,Fiber optic,89.10,89,Yes,High Risk,0-12 months
1496-GGSUK,FEMALE,1,No,No,1,Month-to-month,Mailed check,DSL,25.70,25,Yes,High Risk,0-12 months
1493-AMTIE,MALE,0,No,No,1,Month-to-month,Bank transfer (automatic),No,20.20,20,Yes,High Risk,0-12 months
1612-EOHDH,FEMALE,0,No,No,1,Month-to-month,Electronic check,DSL,45.15,45,Yes,High Risk,0-12 months
1582-RAFML,MALE,0,No,No,1,Month-to-month,Mailed check,DSL,60.10,60,Yes,High Risk,0-12 months
1660-HSOOQ,MALE,0,No,No,1,Month-to-month,Mailed check,DSL,49.65,49,Yes,High Risk,0-12 months
0107-WESLM,MALE,0,No,No,1,Month-to-month,Electronic check,No,19.85,19,Yes,High Risk,0-12 months
0107-YHINA,MALE,0,No,Yes,1,Month-to-month,Electronic check,Fiber optic,99.75,99,Yes,High Risk,0-12 months
0023-HGHWL,MALE,1,No,No,1,Month-to-month,Electronic check,DSL,25.10,25,Yes,High Risk,0-12 months
0032-PGELS,FEMALE,0,yes,Yes,1,Month-to-month,Bank transfer (automatic),DSL,30.50,30,Yes,High Risk,0-12 months
0231-LXVAP,MALE,0,No,No,1,Month-to-month,Electronic check,Fiber optic,75.90,75,Yes,High Risk,0-12 months
0137-OCGAB,FEMALE,0,No,No,1,Month-to-month,Mailed check,Fiber optic,80.20,80,Yes,High Risk,0-12 months
0151-ONTOV,FEMALE,0,No,No,1,Month-to-month,Mailed check,Fiber optic,70.90,70,Yes,High Risk,0-12 months
0322-YINQP,MALE,0,No,No,1,Month-to-month,Mailed check,DSL,48.55,48,Yes,High Risk,0-12 months
0318-QUUOB,MALE,0,yes,No,1,Month-to-month,Electronic check,Fiber optic,80.55,80,Yes,High Risk,0-12 months
0295-PPHDO,MALE,0,No,No,1,Month-to-month,Electronic check,Fiber optic,95.45,95,Yes,High Risk,0-12 months
0235-KGSLC,FEMALE,0,No,No,1,Month-to-month,Credit card (automatic),Fiber optic,85.55,85,Yes,High Risk,0-12 months
0390-DCFDQ,FEMALE,1,yes,No,1,Month-to-month,Mailed check,Fiber optic,70.45,70,Yes,High Risk,0-12 months
0415-MOSGF,FEMALE,0,No,No,1,Month-to-month,Mailed check,DSL,44.40,44,Yes,High Risk,0-12 months
0328-GRPMV,FEMALE,0,No,No,1,Month-to-month,Electronic check,Fiber optic,70.10,70,Yes,High Risk,0-12 months
0375-HVGXO,FEMALE,0,No,No,1,Month-to-month,Electronic check,DSL,34.70,34,Yes,High Risk,0-12 months
0661-XEYAN,FEMALE,1,No,No,1,Month-to-month,Mailed check,DSL,25.80,25,Yes,High Risk,0-12 months
0684-AOSIH,MALE,0,yes,No,1,Month-to-month,Electronic check,Fiber optic,95.00,95,Yes,High Risk,0-12 months
0679-IDSTG,FEMALE,1,yes,Yes,1,Month-to-month,Electronic check,Fiber optic,69.25,69,Yes,High Risk,0-12 months
0723-DRCLG,FEMALE,1,yes,No,1,Month-to-month,Electronic check,Fiber optic,74.45,74,Yes,High Risk,0-12 months
0742-NXBGR,FEMALE,0,No,No,1,Month-to-month,Electronic check,Fiber optic,82.30,82,Yes,High Risk,0-12 months
0761-AETCS,FEMALE,0,No,No,1,Month-to-month,Electronic check,No,19.30,19,Yes,High Risk,0-12 months
0812-WUPTB,MALE,1,yes,No,1,Month-to-month,Mailed check,Fiber optic,70.85,70,Yes,High Risk,0-12 months
0495-RVCBF,FEMALE,0,No,No,1,Month-to-month,Electronic check,Fiber optic,79.70,79,Yes,High Risk,0-12 months
0488-GSLFR,FEMALE,0,No,No,1,Month-to-month,Electronic check,Fiber optic,69.50,69,Yes,High Risk,0-12 months
0519-XUZJU,FEMALE,0,No,No,1,Month-to-month,Mailed check,Fiber optic,70.75,70,Yes,High Risk,0-12 months
0511-JTEOY,FEMALE,0,No,No,1,Month-to-month,Mailed check,Fiber optic,71.10,71,Yes,High Risk,0-12 months
0515-YPMCW,MALE,0,No,Yes,1,Month-to-month,Mailed check,Fiber optic,70.45,70,Yes,High Risk,0-12 months
0426-TIRNE,FEMALE,0,No,No,1,Month-to-month,Mailed check,No,20.90,20,Yes,High Risk,0-12 months
0612-RTZZA,FEMALE,1,No,No,1,Month-to-month,Electronic check,DSL,25.25,25,Yes,High Risk,0-12 months
0616-ATFGB,MALE,1,yes,No,1,Month-to-month,Electronic check,DSL,25.05,25,Yes,High Risk,0-12 months
3276-HDUEG,FEMALE,0,No,No,1,Month-to-month,Mailed check,Fiber optic,75.05,75,Yes,High Risk,0-12 months
6140-QNRQQ,MALE,0,No,No,1,Month-to-month,Mailed check,Fiber optic,71.55,71,Yes,High Risk,0-12 months
6141-OOXUQ,MALE,0,No,No,1,Month-to-month,Mailed check,No,19.65,19,Yes,High Risk,0-12 months
6142-VSJQO,FEMALE,0,yes,Yes,1,Month-to-month,Bank transfer (automatic),DSL,44.35,44,Yes,High Risk,0-12 months
6086-ESGRL,FEMALE,0,No,No,1,Month-to-month,Credit card (automatic),Fiber optic,80.15,80,Yes,High Risk,0-12 months
6128-CZOMY,FEMALE,0,No,No,1,Month-to-month,Electronic check,DSL,45.65,45,Yes,High Risk,0-12 months
6121-VZNQB,FEMALE,0,No,No,1,Month-to-month,Mailed check,No,19.10,19,Yes,High Risk,0-12 months
6032-IGALN,FEMALE,0,No,No,1,Month-to-month,Mailed check,DSL,25.10,25,Yes,High Risk,0-12 months
6230-BSUXY,FEMALE,1,No,No,1,Month-to-month,Electronic check,Fiber optic,85.00,85,Yes,High Risk,0-12 months
6317-YPKDH,FEMALE,0,No,No,1,Month-to-month,Bank transfer (automatic),DSL,29.95,29,Yes,High Risk,0-12 months
6358-LYNGM,MALE,0,No,No,1,Month-to-month,Electronic check,Fiber optic,74.90,74,Yes,High Risk,0-12 months
6356-ELRKD,FEMALE,0,No,No,1,Month-to-month,Electronic check,Fiber optic,95.60,95,Yes,High Risk,0-12 months
6366-ZGQGL,MALE,0,No,No,1,Month-to-month,Bank transfer (automatic),DSL,24.80,24,Yes,High Risk,0-12 months
6372-RFVNS,FEMALE,0,yes,No,1,Month-to-month,Electronic check,Fiber optic,78.80,78,Yes,High Risk,0-12 months
6390-DSAZX,FEMALE,0,No,Yes,1,Month-to-month,Mailed check,Fiber optic,73.60,73,Yes,High Risk,0-12 months
6416-TVAIH,MALE,0,yes,Yes,1,Month-to-month,Electronic check,Fiber optic,68.50,68,Yes,High Risk,0-12 months
5673-FSSMF,FEMALE,0,No,No,1,Month-to-month,Electronic check,DSL,60.15,60,Yes,High Risk,0-12 months
5692-FPTAH,FEMALE,0,No,No,1,Month-to-month,Mailed check,DSL,45.40,45,Yes,High Risk,0-12 months
5696-QURRL,MALE,0,No,No,1,Month-to-month,Mailed check,DSL,45.05,45,Yes,High Risk,0-12 months
5797-APWZC,FEMALE,0,No,No,1,Month-to-month,Electronic check,Fiber optic,90.60,90,Yes,High Risk,0-12 months
5834-ASPWA,MALE,0,No,No,1,Month-to-month,Electronic check,Fiber optic,75.45,75,Yes,High Risk,0-12 months
5766-ZJYBB,MALE,0,No,No,1,Month-to-month,Mailed check,No,19.40,19,Yes,High Risk,0-12 months
5875-YPQFJ,MALE,0,No,No,1,Month-to-month,Electronic check,Fiber optic,69.90,69,Yes,High Risk,0-12 months
5884-GCYMI,MALE,0,No,No,1,Month-to-month,Mailed check,Fiber optic,69.40,69,Yes,High Risk,0-12 months
5868-CZJDR,MALE,0,No,Yes,1,Month-to-month,Mailed check,DSL,31.35,31,Yes,High Risk,0-12 months
5940-AHUHD,MALE,0,No,No,1,Month-to-month,Mailed check,Fiber optic,70.60,70,Yes,High Risk,0-12 months
5909-ECHUI,FEMALE,0,No,No,1,Month-to-month,Electronic check,DSL,56.25,56,Yes,High Risk,0-12 months
5919-TMRGD,FEMALE,0,No,Yes,1,Month-to-month,Electronic check,Fiber optic,79.35,79,Yes,High Risk,0-12 months
5960-WPXQM,MALE,0,No,No,1,Month-to-month,Electronic check,Fiber optic,79.05,79,Yes,High Risk,0-12 months
5196-SGOAK,FEMALE,0,No,No,1,Month-to-month,Electronic check,Fiber optic,75.70,75,Yes,High Risk,0-12 months
5192-EBGOV,FEMALE,1,No,No,1,Month-to-month,Electronic check,Fiber optic,85.70,85,Yes,High Risk,0-12 months
5167-ZFFMM,MALE,0,No,No,1,Month-to-month,Credit card (automatic),Fiber optic,90.85,90,Yes,High Risk,0-12 months
5186-SAMNZ,MALE,1,No,No,1,Month-to-month,Bank transfer (automatic),Fiber optic,69.50,69,Yes,High Risk,0-12 months
5178-LMXOP,MALE,1,yes,No,1,Month-to-month,Electronic check,Fiber optic,95.10,95,Yes,High Risk,0-12 months
5054-IEXZT,MALE,0,No,Yes,1,Month-to-month,Electronic check,Fiber optic,75.35,75,Yes,High Risk,0-12 months
5077-DXTCG,FEMALE,0,No,No,1,Month-to-month,Electronic check,DSL,45.30,45,Yes,High Risk,0-12 months
5103-MHMHY,FEMALE,0,No,Yes,1,Month-to-month,Mailed check,DSL,45.95,45,Yes,High Risk,0-12 months
5143-WMWOG,MALE,0,No,No,1,Month-to-month,Electronic check,No,19.95,19,Yes,High Risk,0-12 months
5134-IKDAY,FEMALE,0,yes,Yes,1,Month-to-month,Electronic check,Fiber optic,69.80,69,Yes,High Risk,0-12 months
4988-IQIGL,MALE,1,No,No,1,Month-to-month,Electronic check,Fiber optic,75.35,75,Yes,High Risk,0-12 months
5028-HTLJB,MALE,1,No,No,1,Month-to-month,Mailed check,No,20.05,20,Yes,High Risk,0-12 months
5047-LHVLY,MALE,1,No,Yes,1,Month-to-month,Mailed check,DSL,50.15,50,Yes,High Risk,0-12 months
5049-GLYVG,MALE,0,No,No,1,Month-to-month,Mailed check,No,20.60,20,Yes,High Risk,0-12 months
4910-GMJOT,FEMALE,0,No,No,1,Month-to-month,Electronic check,Fiber optic,94.60,94,Yes,High Risk,0-12 months
4897-QSUYC,FEMALE,0,No,No,1,Month-to-month,Mailed check,No,20.15,20,Yes,High Risk,0-12 months
4929-BSTRX,FEMALE,0,No,No,1,Month-to-month,Mailed check,DSL,53.55,53,Yes,High Risk,0-12 months
4892-VLANZ,MALE,0,No,No,1,Month-to-month,Mailed check,No,19.80,19,Yes,High Risk,0-12 months
4871-JTKJF,FEMALE,1,No,No,1,Month-to-month,Electronic check,Fiber optic,69.65,69,Yes,High Risk,0-12 months
4855-SNKMY,FEMALE,0,No,No,1,Month-to-month,Electronic check,DSL,44.10,44,Yes,High Risk,0-12 months
4877-EVATK,MALE,0,No,No,1,Month-to-month,Mailed check,No,20.00,20,Yes,High Risk,0-12 months
5494-HECPR,FEMALE,0,No,No,1,Month-to-month,Electronic check,Fiber optic,80.25,80,Yes,High Risk,0-12 months
5510-BOIUJ,MALE,0,No,Yes,1,Month-to-month,Mailed check,No,19.25,19,Yes,High Risk,0-12 months
5515-IDEJJ,MALE,0,yes,Yes,1,Month-to-month,Mailed check,No,19.90,19,Yes,High Risk,0-12 months
5564-NEMQO,FEMALE,1,No,No,1,Month-to-month,Bank transfer (automatic),Fiber optic,75.30,75,Yes,High Risk,0-12 months
5550-VFRLC,FEMALE,1,No,No,1,Month-to-month,Electronic check,Fiber optic,69.85,69,Yes,High Risk,0-12 months
5552-ZNFSJ,MALE,0,No,No,1,Month-to-month,Electronic check,DSL,45.30,45,Yes,High Risk,0-12 months
5539-TMZLF,MALE,1,No,No,1,Month-to-month,Electronic check,Fiber optic,69.75,69,Yes,High Risk,0-12 months
5597-GLBUC,FEMALE,0,No,No,1,Month-to-month,Electronic check,Fiber optic,85.45,85,Yes,High Risk,0-12 months
5583-SXDAG,MALE,0,yes,No,1,Month-to-month,Electronic check,Fiber optic,70.00,70,Yes,High Risk,0-12 months
5624-BQSSA,FEMALE,0,No,No,1,Month-to-month,Mailed check,No,20.95,20,Yes,High Risk,0-12 months
5356-RHIPP,MALE,0,No,No,1,Month-to-month,Mailed check,No,20.20,20,Yes,High Risk,0-12 months
5419-JPRRN,MALE,0,No,No,1,Month-to-month,Electronic check,Fiber optic,101.45,101,Yes,High Risk,0-12 months
5393-RXQSZ,MALE,0,No,No,1,Month-to-month,Electronic check,Fiber optic,79.60,79,Yes,High Risk,0-12 months
5378-IKEEG,FEMALE,0,No,No,1,Month-to-month,Electronic check,DSL,35.75,35,Yes,High Risk,0-12 months
5376-DEQCP,FEMALE,0,No,No,1,Month-to-month,Electronic check,Fiber optic,70.60,70,Yes,High Risk,0-12 months
5275-SQEIZ,MALE,0,No,No,1,Month-to-month,Mailed check,Fiber optic,80.85,80,Yes,High Risk,0-12 months
5240-IJOQT,MALE,1,No,No,1,Month-to-month,Electronic check,Fiber optic,74.70,74,Yes,High Risk,0-12 months
4074-SJFFA,FEMALE,0,No,No,1,Month-to-month,Mailed check,DSL,54.75,54,Yes,High Risk,0-12 months
3988-RQIXO,FEMALE,1,No,No,1,Month-to-month,Electronic check,Fiber optic,91.30,91,Yes,High Risk,0-12 months
3946-MHCZW,MALE,0,No,No,1,Month-to-month,Mailed check,DSL,50.90,50,Yes,High Risk,0-12 months
3900-AQPHZ,FEMALE,0,No,No,1,Month-to-month,Mailed check,No,19.90,19,Yes,High Risk,0-12 months
3926-CUQZX,MALE,0,No,No,1,Month-to-month,Bank transfer (automatic),DSL,45.10,45,Yes,High Risk,0-12 months
3877-JRJIP,MALE,0,No,No,1,Month-to-month,Electronic check,DSL,59.85,59,Yes,High Risk,0-12 months
3891-PUQOD,FEMALE,0,No,Yes,1,Month-to-month,Electronic check,DSL,59.20,59,Yes,High Risk,0-12 months
3707-GNWHM,MALE,0,No,No,1,Month-to-month,Mailed check,Fiber optic,74.25,74,Yes,High Risk,0-12 months
3722-WPXTK,MALE,0,No,No,1,Month-to-month,Electronic check,Fiber optic,88.35,88,Yes,High Risk,0-12 months
3716-BDVDB,MALE,0,No,No,1,Month-to-month,Electronic check,Fiber optic,69.10,69,Yes,High Risk,0-12 months
3751-KTZEL,FEMALE,0,No,No,1,Month-to-month,Mailed check,DSL,35.05,35,Yes,High Risk,0-12 months
3746-EUBYR,MALE,0,yes,No,1,Month-to-month,Bank transfer (automatic),Fiber optic,74.60,74,Yes,High Risk,0-12 months
3765-JXVKY,FEMALE,0,No,No,1,Month-to-month,Electronic check,Fiber optic,74.70,74,Yes,High Risk,0-12 months
3871-IKPYH,MALE,1,No,No,1,Month-to-month,Electronic check,Fiber optic,69.10,69,Yes,High Risk,0-12 months
3801-HMYNL,MALE,0,yes,Yes,1,Month-to-month,Mailed check,Fiber optic,89.15,89,Yes,High Risk,0-12 months
3803-KMQFW,FEMALE,0,yes,Yes,1,Month-to-month,Mailed check,No,20.55,20,Yes,High Risk,0-12 months
3797-VTIDR,MALE,0,yes,No,1,Month-to-month,Electronic check,DSL,23.45,23,Yes,High Risk,0-12 months
3776-EKTKM,FEMALE,1,No,No,1,Month-to-month,Electronic check,DSL,36.45,36,Yes,High Risk,0-12 months
3422-LYEPQ,MALE,0,yes,Yes,1,Month-to-month,Electronic check,Fiber optic,71.00,71,Yes,High Risk,0-12 months
3428-XZMAZ,MALE,0,No,No,1,Month-to-month,Electronic check,Fiber optic,69.35,69,Yes,High Risk,0-12 months
3494-JCHRQ,MALE,0,No,No,1,Month-to-month,Electronic check,Fiber optic,70.05,70,Yes,High Risk,0-12 months
3334-CTHOL,FEMALE,0,No,No,1,Month-to-month,Bank transfer (automatic),DSL,49.95,49,Yes,High Risk,0-12 months
3296-SILRA,FEMALE,1,yes,No,1,Month-to-month,Mailed check,Fiber optic,76.40,76,Yes,High Risk,0-12 months
3669-OYSJI,MALE,0,No,No,1,Month-to-month,Credit card (automatic),DSL,46.20,46,Yes,High Risk,0-12 months
3658-KIBGF,FEMALE,0,No,No,1,Month-to-month,Electronic check,DSL,54.90,54,Yes,High Risk,0-12 months
3627-FHKBK,FEMALE,0,No,No,1,Month-to-month,Mailed check,Fiber optic,75.30,75,Yes,High Risk,0-12 months
3506-LCJDC,MALE,0,yes,Yes,1,Month-to-month,Bank transfer (automatic),No,19.95,19,Yes,High Risk,0-12 months
3583-EKAPL,MALE,0,No,No,1,Month-to-month,Electronic check,DSL,55.00,55,Yes,High Risk,0-12 months
3551-HUAZH,MALE,1,No,No,1,Month-to-month,Electronic check,Fiber optic,74.40,74,Yes,High Risk,0-12 months
4201-JMNGR,FEMALE,1,No,No,1,Month-to-month,Electronic check,DSL,55.80,55,Yes,High Risk,0-12 months
4193-ORFCL,FEMALE,1,No,No,1,Month-to-month,Mailed check,DSL,45.10,45,Yes,High Risk,0-12 months
4211-MMAZN,MALE,0,No,No,1,Month-to-month,Mailed check,No,20.25,20,Yes,High Risk,0-12 months
4237-RLAQD,MALE,0,No,No,1,Month-to-month,Mailed check,DSL,45.85,45,Yes,High Risk,0-12 months
4255-DDUOU,FEMALE,0,yes,Yes,1,Month-to-month,Mailed check,No,20.50,20,Yes,High Risk,0-12 months
4274-OWWYO,MALE,0,No,No,1,Month-to-month,Electronic check,Fiber optic,74.35,74,Yes,High Risk,0-12 months
4110-PFEUZ,FEMALE,0,No,No,1,Month-to-month,Mailed check,Fiber optic,69.55,69,Yes,High Risk,0-12 months
4102-OQUPX,MALE,1,yes,No,1,Month-to-month,Electronic check,Fiber optic,74.40,74,Yes,High Risk,0-12 months
4415-IJZTP,FEMALE,0,No,No,1,Month-to-month,Electronic check,Fiber optic,74.50,74,Yes,High Risk,0-12 months
4510-HIMLV,MALE,0,No,No,1,Month-to-month,Electronic check,Fiber optic,69.80,69,Yes,High Risk,0-12 months
4501-EQDRN,FEMALE,0,No,No,1,Month-to-month,Bank transfer (automatic),Fiber optic,69.70,69,Yes,High Risk,0-12 months
4349-GFQHK,MALE,0,No,No,1,Month-to-month,Electronic check,DSL,54.35,54,Yes,High Risk,0-12 months
4351-QLCSU,FEMALE,0,No,No,1,Month-to-month,Credit card (automatic),DSL,55.00,55,Yes,High Risk,0-12 months
4317-VTEOA,MALE,0,No,No,1,Month-to-month,Electronic check,DSL,50.75,50,Yes,High Risk,0-12 months
4361-JEIVL,MALE,0,No,Yes,1,Month-to-month,Electronic check,DSL,44.40,44,Yes,High Risk,0-12 months
4806-HIPDW,FEMALE,0,yes,No,1,Month-to-month,Electronic check,Fiber optic,68.95,68,Yes,High Risk,0-12 months
4786-UKSNZ,MALE,0,No,No,1,Month-to-month,Mailed check,No,20.20,20,Yes,High Risk,0-12 months
4797-AXPXK,FEMALE,0,No,Yes,1,Month-to-month,Electronic check,DSL,60.00,60,Yes,High Risk,0-12 months
4800-VHZKI,FEMALE,0,No,No,1,Month-to-month,Mailed check,No,19.90,19,Yes,High Risk,0-12 months
4826-XTSOH,MALE,1,yes,No,1,Month-to-month,Electronic check,Fiber optic,86.05,86,Yes,High Risk,0-12 months
4847-QNOKA,FEMALE,0,No,No,1,Month-to-month,Bank transfer (automatic),DSL,44.90,44,Yes,High Risk,0-12 months
4844-JJWUY,FEMALE,1,No,No,1,Month-to-month,Electronic check,Fiber optic,86.00,86,Yes,High Risk,0-12 months
4702-IOQDC,FEMALE,0,No,No,1,Month-to-month,Electronic check,Fiber optic,70.10,70,Yes,High Risk,0-12 months
4760-XOHVN,FEMALE,0,yes,Yes,1,Month-to-month,Mailed check,No,19.45,19,Yes,High Risk,0-12 months
4759-TRPLW,MALE,0,No,No,1,Month-to-month,Electronic check,Fiber optic,70.40,70,Yes,High Risk,0-12 months
4729-XKASR,MALE,0,No,Yes,1,Month-to-month,Electronic check,DSL,24.75,24,Yes,High Risk,0-12 months
4749-VFKVB,FEMALE,0,No,No,1,Month-to-month,Mailed check,DSL,50.10,50,Yes,High Risk,0-12 months
4745-LSPLO,MALE,0,No,No,1,Month-to-month,Mailed check,No,20.50,20,Yes,High Risk,0-12 months
4667-OHGKG,MALE,0,No,No,1,Month-to-month,Mailed check,No,19.30,19,Yes,High Risk,0-12 months
4678-DVQEO,FEMALE,0,No,No,1,Month-to-month,Electronic check,DSL,52.20,52,Yes,High Risk,0-12 months
4614-NUVZD,FEMALE,0,No,No,1,Month-to-month,Electronic check,Fiber optic,81.10,81,Yes,High Risk,0-12 months
4550-EVXNY,FEMALE,0,No,Yes,1,Month-to-month,Electronic check,Fiber optic,69.65,69,Yes,High Risk,0-12 months
4603-JANFB,MALE,0,No,No,1,Month-to-month,Electronic check,Fiber optic,69.85,69,Yes,High Risk,0-12 months
4588-YBNIB,FEMALE,0,No,No,1,Month-to-month,Mailed check,No,19.60,19,Yes,High Risk,0-12 months
6457-GIRWB,MALE,0,No,No,1,Month-to-month,Electronic check,Fiber optic,69.35,69,Yes,High Risk,0-12 months
6457-USBER,MALE,0,No,No,1,Month-to-month,Electronic check,Fiber optic,80.80,80,Yes,High Risk,0-12 months
7825-GKXMW,FEMALE,0,No,No,1,Month-to-month,Electronic check,DSL,45.80,45,Yes,High Risk,0-12 months
7854-FOKSF,MALE,0,No,No,1,Month-to-month,Electronic check,DSL,35.90,35,Yes,High Risk,0-12 months
7853-GVUDZ,FEMALE,0,yes,Yes,1,Month-to-month,Credit card (automatic),No,20.15,20,Yes,High Risk,0-12 months
7839-QRKXN,FEMALE,0,No,No,1,Month-to-month,Mailed check,No,20.20,20,Yes,High Risk,0-12 months
7851-FLGGQ,MALE,0,No,No,1,Month-to-month,Mailed check,DSL,44.65,44,Yes,High Risk,0-12 months
7767-UXAGJ,MALE,0,No,No,1,Month-to-month,Electronic check,DSL,50.45,50,Yes,High Risk,0-12 months
7734-DBOAI,FEMALE,0,yes,Yes,1,Month-to-month,Electronic check,DSL,40.10,40,Yes,High Risk,0-12 months
7665-TOALD,FEMALE,0,No,No,1,Month-to-month,Electronic check,Fiber optic,69.60,69,Yes,High Risk,0-12 months
7663-RGWBC,MALE,0,No,No,1,Month-to-month,Mailed check,DSL,44.15,44,Yes,High Risk,0-12 months
7893-IXHRQ,MALE,0,No,No,1,Month-to-month,Electronic check,No,20.55,20,Yes,High Risk,0-12 months
7908-QCBCA,FEMALE,0,yes,No,1,Month-to-month,Mailed check,Fiber optic,69.40,69,Yes,High Risk,0-12 months
7903-CMPEY,MALE,1,yes,No,1,Month-to-month,Electronic check,Fiber optic,80.30,80,Yes,High Risk,0-12 months
7932-WPTDS,FEMALE,1,yes,No,1,Month-to-month,Electronic check,DSL,24.80,24,Yes,High Risk,0-12 months
8051-HJRLT,FEMALE,1,No,No,1,Month-to-month,Electronic check,Fiber optic,70.55,70,Yes,High Risk,0-12 months
8058-INTPH,FEMALE,0,No,No,1,Month-to-month,Electronic check,Fiber optic,79.65,79,Yes,High Risk,0-12 months
8042-JVNFH,MALE,0,No,No,1,Month-to-month,Mailed check,Fiber optic,71.35,71,Yes,High Risk,0-12 months
7989-CHGTL,MALE,0,No,No,1,Month-to-month,Mailed check,No,19.60,19,Yes,High Risk,0-12 months
8000-REIQB,FEMALE,1,No,No,1,Month-to-month,Electronic check,Fiber optic,69.95,69,Yes,High Risk,0-12 months
7593-XFKDI,MALE,0,No,No,1,Month-to-month,Mailed check,DSL,46.30,46,Yes,High Risk,0-12 months
7594-RQHXR,FEMALE,0,No,Yes,1,Month-to-month,Electronic check,Fiber optic,79.60,79,Yes,High Risk,0-12 months
7595-EUIVN,FEMALE,0,No,No,1,Month-to-month,Electronic check,Fiber optic,75.80,75,Yes,High Risk,0-12 months
7660-HDPJV,FEMALE,0,No,No,1,Month-to-month,Electronic check,Fiber optic,69.20,69,Yes,High Risk,0-12 months
7623-TRNQN,MALE,0,No,Yes,1,Month-to-month,Mailed check,DSL,49.90,49,Yes,High Risk,0-12 months
7493-TPUWZ,MALE,0,No,No,1,Month-to-month,Electronic check,Fiber optic,79.15,79,Yes,High Risk,0-12 months
7503-ZGUZJ,MALE,0,No,No,1,Month-to-month,Mailed check,Fiber optic,84.65,84,Yes,High Risk,0-12 months
7568-PODML,MALE,0,No,No,1,Month-to-month,Mailed check,DSL,45.30,45,Yes,High Risk,0-12 months
7551-JOHTI,FEMALE,0,No,No,1,Month-to-month,Mailed check,No,19.50,19,Yes,High Risk,0-12 months
7359-PTSXY,MALE,0,No,No,1,Month-to-month,Electronic check,DSL,45.75,45,Yes,High Risk,0-12 months
7274-RTAPZ,MALE,0,No,No,1,Month-to-month,Electronic check,Fiber optic,90.55,90,Yes,High Risk,0-12 months
7254-IQWOZ,MALE,0,No,No,1,Month-to-month,Electronic check,Fiber optic,69.65,69,Yes,High Risk,0-12 months
7294-TMAOP,FEMALE,0,No,No,1,Month-to-month,Electronic check,Fiber optic,90.55,90,Yes,High Risk,0-12 months
7409-KIUTL,FEMALE,1,No,Yes,1,Month-to-month,Electronic check,Fiber optic,71.00,71,Yes,High Risk,0-12 months
7434-SHXLS,FEMALE,0,No,No,1,Month-to-month,Mailed check,No,20.90,20,Yes,High Risk,0-12 months
7206-GZCDC,FEMALE,1,No,No,1,Month-to-month,Electronic check,Fiber optic,69.25,69,Yes,High Risk,0-12 months
7180-PISOG,MALE,0,yes,Yes,1,Month-to-month,Electronic check,Fiber optic,74.50,74,Yes,High Risk,0-12 months
7181-BQYBV,FEMALE,0,yes,Yes,1,Month-to-month,Electronic check,Fiber optic,102.45,102,Yes,High Risk,0-12 months
7153-OANIO,MALE,0,No,No,1,Month-to-month,Electronic check,Fiber optic,69.95,69,Yes,High Risk,0-12 months
7239-HZZCX,MALE,0,No,No,1,Month-to-month,Mailed check,No,19.75,19,Yes,High Risk,0-12 months
7242-QZLXF,MALE,0,No,Yes,1,Month-to-month,Electronic check,DSL,25.30,25,Yes,High Risk,0-12 months
7250-EQKIY,FEMALE,0,yes,Yes,1,Month-to-month,Mailed check,DSL,50.45,50,Yes,High Risk,0-12 months
7216-EWTRS,FEMALE,1,yes,No,1,Month-to-month,Electronic check,Fiber optic,100.80,100,Yes,High Risk,0-12 months
7065-YUNRY,FEMALE,0,No,No,1,Month-to-month,Mailed check,DSL,45.30,45,Yes,High Risk,0-12 months
7120-RFMVS,MALE,0,No,No,1,Month-to-month,Electronic check,Fiber optic,84.50,84,Yes,High Risk,0-12 months
7054-LGEQW,FEMALE,0,No,No,1,Month-to-month,Mailed check,DSL,45.95,45,Yes,High Risk,0-12 months
6996-KNSML,FEMALE,0,No,No,1,Month-to-month,Electronic check,Fiber optic,74.90,74,Yes,High Risk,0-12 months
6982-SSHFK,MALE,0,No,No,1,Month-to-month,Mailed check,DSL,44.40,44,Yes,High Risk,0-12 months
6982-UQZLY,FEMALE,1,yes,No,1,Month-to-month,Mailed check,No,20.85,20,Yes,High Risk,0-12 months
6959-UWKHF,MALE,0,No,No,1,Month-to-month,Electronic check,DSL,42.90,42,Yes,High Risk,0-12 months
6960-HVYXR,FEMALE,0,No,No,1,Month-to-month,Electronic check,Fiber optic,76.00,76,Yes,High Risk,0-12 months
6894-LFHLY,MALE,1,No,No,1,Month-to-month,Electronic check,Fiber optic,75.75,75,Yes,High Risk,0-12 months
6877-TJMBR,MALE,0,yes,No,1,Month-to-month,Electronic check,Fiber optic,84.80,84,Yes,High Risk,0-12 months
6910-HADCM,FEMALE,0,No,No,1,Month-to-month,Electronic check,Fiber optic,76.35,76,Yes,High Risk,0-12 months
6905-NIQIN,MALE,0,No,No,1,Month-to-month,Mailed check,DSL,50.65,50,Yes,High Risk,0-12 months
6595-COKXZ,FEMALE,0,No,No,1,Month-to-month,Mailed check,DSL,44.45,44,Yes,High Risk,0-12 months
6608-QQLVK,MALE,0,No,No,1,Month-to-month,Electronic check,DSL,50.50,50,Yes,High Risk,0-12 months
6629-CZTTH,MALE,0,No,No,1,Month-to-month,Mailed check,DSL,55.70,55,Yes,High Risk,0-12 months
6615-ZGEDR,MALE,0,No,No,1,Month-to-month,Mailed check,No,19.70,19,Yes,High Risk,0-12 months
6618-RYATB,FEMALE,0,No,No,1,Month-to-month,Mailed check,Fiber optic,79.55,79,Yes,High Risk,0-12 months
6653-CBBOM,FEMALE,0,No,No,1,Month-to-month,Electronic check,Fiber optic,70.30,70,Yes,High Risk,0-12 months
6502-MJQAE,MALE,0,No,No,1,Month-to-month,Electronic check,Fiber optic,69.60,69,Yes,High Risk,0-12 months
6513-EECDB,MALE,1,yes,No,1,Month-to-month,Electronic check,Fiber optic,73.55,73,Yes,High Risk,0-12 months
6521-YYTYI,MALE,0,No,Yes,1,Month-to-month,Electronic check,Fiber optic,93.30,93,Yes,High Risk,0-12 months
6567-HOOPW,FEMALE,1,No,No,1,Month-to-month,Electronic check,Fiber optic,79.20,79,Yes,High Risk,0-12 months
6772-KSATR,MALE,0,No,No,1,Month-to-month,Electronic check,Fiber optic,81.70,81,Yes,High Risk,0-12 months
6770-XUAGN,FEMALE,0,yes,Yes,1,Month-to-month,Electronic check,No,21.00,21,Yes,High Risk,0-12 months
6857-VWJDT,FEMALE,0,No,No,1,Month-to-month,Mailed check,Fiber optic,95.65,95,Yes,High Risk,0-12 months
6876-ADESB,MALE,0,No,Yes,1,Month-to-month,Electronic check,DSL,48.95,48,Yes,High Risk,0-12 months
6849-WLEYG,MALE,0,No,Yes,1,Month-to-month,Mailed check,No,19.75,19,Yes,High Risk,0-12 months
6689-KXGBO,FEMALE,0,No,No,1,Month-to-month,Electronic check,DSL,50.55,50,Yes,High Risk,0-12 months
6702-OHFWR,MALE,1,No,No,1,Month-to-month,Electronic check,DSL,43.30,43,Yes,High Risk,0-12 months
8080-DDEMJ,MALE,1,No,No,1,Month-to-month,Electronic check,DSL,45.10,45,Yes,High Risk,0-12 months
8062-YBDOE,MALE,1,No,No,1,Month-to-month,Electronic check,Fiber optic,69.65,69,Yes,High Risk,0-12 months
8073-IJDCM,FEMALE,0,No,No,1,Month-to-month,Mailed check,No,20.30,20,Yes,High Risk,0-12 months
8149-RSOUN,FEMALE,0,No,No,1,Month-to-month,Electronic check,Fiber optic,93.85,93,Yes,High Risk,0-12 months
8380-PEFPE,MALE,0,No,Yes,1,Month-to-month,Electronic check,Fiber optic,71.65,71,Yes,High Risk,0-12 months
8375-DKEBR,FEMALE,1,No,No,1,Month-to-month,Electronic check,Fiber optic,69.60,69,Yes,High Risk,0-12 months
8473-VUVJN,MALE,1,No,No,1,Month-to-month,Electronic check,Fiber optic,73.65,73,Yes,High Risk,0-12 months
8372-JUXUI,MALE,0,No,Yes,1,Month-to-month,Electronic check,Fiber optic,74.35,74,Yes,High Risk,0-12 months
8329-IBCTI,FEMALE,0,No,No,1,Month-to-month,Mailed check,No,19.65,19,Yes,High Risk,0-12 months
8260-NGFNY,FEMALE,0,No,No,1,Month-to-month,Mailed check,DSL,25.20,25,Yes,High Risk,0-12 months
8280-MQRQN,FEMALE,0,No,No,1,Month-to-month,Mailed check,DSL,50.45,50,Yes,High Risk,0-12 months
8305-VHZBZ,MALE,0,No,No,1,Month-to-month,Mailed check,No,20.20,20,Yes,High Risk,0-12 months
8821-XNHVZ,FEMALE,0,yes,Yes,1,Month-to-month,Mailed check,Fiber optic,80.05,80,Yes,High Risk,0-12 months
8816-VXNZD,FEMALE,0,No,No,1,Month-to-month,Electronic check,Fiber optic,75.10,75,Yes,High Risk,0-12 months
8775-LHDJH,FEMALE,1,yes,No,1,Month-to-month,Electronic check,Fiber optic,90.60,90,Yes,High Risk,0-12 months
8779-QRDMV,MALE,1,No,No,1,Month-to-month,Electronic check,DSL,39.65,39,Yes,High Risk,0-12 months
8740-CRYFY,MALE,0,No,No,1,Month-to-month,Electronic check,Fiber optic,78.95,78,Yes,High Risk,0-12 months
8644-XLFBW,MALE,1,No,No,1,Month-to-month,Electronic check,Fiber optic,71.65,71,Yes,High Risk,0-12 months
8665-UTDHZ,MALE,0,yes,Yes,1,Month-to-month,Electronic check,DSL,30.20,30,Yes,High Risk,0-12 months
8603-IJWDN,MALE,0,No,No,1,Month-to-month,Electronic check,Fiber optic,86.60,86,Yes,High Risk,0-12 months
8580-AECUZ,MALE,1,No,No,1,Month-to-month,Electronic check,Fiber optic,79.10,79,Yes,High Risk,0-12 months
9248-OJYKK,MALE,1,No,No,1,Month-to-month,Electronic check,Fiber optic,76.45,76,Yes,High Risk,0-12 months
9282-IZGQK,FEMALE,0,No,No,1,Month-to-month,Electronic check,Fiber optic,85.00,85,Yes,High Risk,0-12 months
9318-NKNFC,MALE,0,No,No,1,Month-to-month,Mailed check,No,18.85,18,Yes,High Risk,0-12 months
9300-AGZNL,MALE,1,No,No,1,Month-to-month,Electronic check,Fiber optic,94.00,94,Yes,High Risk,0-12 months
9300-RENDD,MALE,0,No,No,1,Month-to-month,Electronic check,Fiber optic,79.95,79,Yes,High Risk,0-12 months
9124-LHCJQ,FEMALE,0,No,No,1,Month-to-month,Mailed check,Fiber optic,85.45,85,Yes,High Risk,0-12 months
9117-SHLZX,MALE,0,No,No,1,Month-to-month,Mailed check,DSL,45.70,45,Yes,High Risk,0-12 months
9136-ALYBR,MALE,0,No,No,1,Month-to-month,Mailed check,DSL,24.45,24,Yes,High Risk,0-12 months
9223-UCPVT,FEMALE,0,No,No,1,Month-to-month,Electronic check,Fiber optic,94.40,94,Yes,High Risk,0-12 months
9227-LUNBG,FEMALE,0,No,No,1,Month-to-month,Electronic check,DSL,24.60,24,Yes,High Risk,0-12 months
9174-FKWZE,FEMALE,1,No,No,1,Month-to-month,Electronic check,No,19.45,19,Yes,High Risk,0-12 months
8945-GRKHX,FEMALE,0,No,Yes,1,Month-to-month,Electronic check,Fiber optic,78.65,78,Yes,High Risk,0-12 months
8937-RDTHP,MALE,0,No,No,1,Month-to-month,Mailed check,Fiber optic,84.60,84,Yes,High Risk,0-12 months
9019-QVLZD,FEMALE,0,No,No,1,Month-to-month,Electronic check,Fiber optic,79.55,79,Yes,High Risk,0-12 months
8992-JQYUN,MALE,0,yes,No,1,Month-to-month,Electronic check,DSL,50.35,50,Yes,High Risk,0-12 months
9058-CBREO,FEMALE,1,No,No,1,Month-to-month,Mailed check,DSL,50.55,50,Yes,High Risk,0-12 months
9526-BIHHD,MALE,0,No,No,1,Month-to-month,Mailed check,DSL,29.70,29,Yes,High Risk,0-12 months
9507-EXLTT,FEMALE,0,yes,No,1,Month-to-month,Bank transfer (automatic),Fiber optic,79.35,79,Yes,High Risk,0-12 months
9514-JDSKI,MALE,1,yes,No,1,Month-to-month,Electronic check,DSL,40.20,40,Yes,High Risk,0-12 months
9497-QCMMS,MALE,1,No,No,1,Month-to-month,Electronic check,Fiber optic,93.55,93,Yes,High Risk,0-12 months
9488-HGMJH,FEMALE,1,No,No,1,Month-to-month,Electronic check,Fiber optic,71.15,71,Yes,High Risk,0-12 months
9399-APLBT,FEMALE,0,yes,Yes,1,Month-to-month,Electronic check,Fiber optic,74.70,74,Yes,High Risk,0-12 months
9444-JTXHZ,MALE,0,yes,No,1,Month-to-month,Electronic check,Fiber optic,76.20,76,Yes,High Risk,0-12 months
9448-REEVD,MALE,0,yes,No,1,Month-to-month,Credit card (automatic),DSL,44.70,44,Yes,High Risk,0-12 months
9732-KPKBW,MALE,0,No,No,1,Month-to-month,Electronic check,DSL,53.95,53,Yes,High Risk,0-12 months
9747-DDZOS,FEMALE,0,No,No,1,Month-to-month,Bank transfer (automatic),Fiber optic,73.50,73,Yes,High Risk,0-12 months
9725-SCPZG,MALE,0,No,Yes,1,Month-to-month,Electronic check,Fiber optic,90.85,90,Yes,High Risk,0-12 months
9728-FTTVZ,FEMALE,0,No,No,1,Month-to-month,Electronic check,Fiber optic,69.20,69,Yes,High Risk,0-12 months
9661-MHUMO,MALE,1,yes,Yes,1,Month-to-month,Credit card (automatic),DSL,49.25,49,Yes,High Risk,0-12 months
9637-EIHEQ,FEMALE,0,No,No,1,Month-to-month,Electronic check,DSL,50.80,50,Yes,High Risk,0-12 months
9564-KCLHR,MALE,0,No,No,1,Month-to-month,Mailed check,DSL,51.25,51,Yes,High Risk,0-12 months
9787-XVQIU,MALE,0,No,No,1,Month-to-month,Electronic check,Fiber optic,75.30,75,Yes,High Risk,0-12 months
9885-CSMWE,FEMALE,1,No,No,1,Month-to-month,Electronic check,Fiber optic,78.45,78,Yes,High Risk,0-12 months
9894-EZEWG,FEMALE,0,No,No,1,Month-to-month,Credit card (automatic),Fiber optic,74.30,74,Yes,High Risk,0-12 months
9828-AOQLM,FEMALE,0,yes,Yes,1,Month-to-month,Electronic check,DSL,45.70,45,Yes,High Risk,0-12 months
9804-ICWBG,MALE,0,No,No,1,Month-to-month,Electronic check,Fiber optic,69.90,69,Yes,High Risk,0-12 months
9907-SWKKF,FEMALE,1,No,No,1,Month-to-month,Mailed check,DSL,25.05,25,Yes,High Risk,0-12 months
9940-RHLFB,FEMALE,0,No,No,1,Month-to-month,Electronic check,Fiber optic,75.30,75,Yes,High Risk,0-12 months
9985-MWVIX,FEMALE,0,No,No,1,Month-to-month,Mailed check,Fiber optic,70.15,70,Yes,High Risk,0-12 months
